name,year,selling_price,km_driven,fuel,seller_type,transmission,owner
maruti 800 ac,2007,60000,70000,petrol,individual,manual,first owner
maruti wagon r lxi minor,2007,135000,50000,petrol,individual,manual,first owner
hyundai verna 1.6 sx,2012,600000,100000,diesel,individual,manual,first owner
datsun redigo t option,2017,250000,46000,petrol,individual,manual,first owner
honda amaze vx i-dtec,2014,450000,141000,diesel,individual,manual,second owner
maruti alto lx bsiii,2007,140000,125000,petrol,individual,manual,first owner
hyundai xcent 1.2 kappa s,2016,550000,25000,petrol,individual,manual,first owner
tata indigo grand petrol,2014,240000,60000,petrol,individual,manual,second owner
hyundai creta 1.6 vtvt s,2015,850000,25000,petrol,individual,manual,first owner
maruti celerio green vxi,2017,365000,78000,cng,individual,manual,first owner
chevrolet sail 1.2 base,2015,260000,35000,petrol,individual,manual,first owner
tata indigo grand petrol,2014,250000,100000,petrol,individual,manual,first owner
toyota corolla altis 1.8 vl cvt,2018,1650000,25000,petrol,dealer,automatic,first owner
maruti 800 ac,2007,60000,70000,petrol,individual,manual,first owner
maruti wagon r lxi minor,2007,135000,50000,petrol,individual,manual,first owner
hyundai verna 1.6 sx,2012,600000,100000,diesel,individual,manual,first owner
datsun redigo t option,2017,250000,46000,petrol,individual,manual,first owner
honda amaze vx i-dtec,2014,450000,141000,diesel,individual,manual,second owner
maruti alto lx bsiii,2007,140000,125000,petrol,individual,manual,first owner
hyundai xcent 1.2 kappa s,2016,550000,25000,petrol,individual,manual,first owner
tata indigo grand petrol,2014,240000,60000,petrol,individual,manual,second owner
hyundai creta 1.6 vtvt s,2015,850000,25000,petrol,individual,manual,first owner
maruti celerio green vxi,2017,365000,78000,cng,individual,manual,first owner
chevrolet sail 1.2 base,2015,260000,35000,petrol,individual,manual,first owner
tata indigo grand petrol,2014,250000,100000,petrol,individual,manual,first owner
toyota corolla altis 1.8 vl cvt,2018,1650000,25000,petrol,dealer,automatic,first owner
maruti ciaz vxi plus,2015,585000,24000,petrol,dealer,manual,first owner
hyundai venue sx opt diesel,2019,1195000,5000,diesel,dealer,manual,first owner
chevrolet enjoy tcdi ltz 7 seater,2013,390000,33000,diesel,individual,manual,second owner
jaguar xf 2.2 litre luxury,2014,1964999,28000,diesel,dealer,automatic,first owner
mercedes-benz new c-class 220 cdi at,2013,1425000,59000,diesel,dealer,automatic,first owner
maruti vitara brezza zdi plus amt,2018,975000,4500,diesel,dealer,automatic,first owner
audi q5 2.0 tdi,2011,1190000,175900,diesel,dealer,automatic,first owner
honda city v mt,2018,930000,14500,petrol,dealer,manual,first owner
tata tigor 1.2 revotron xt,2018,525000,15000,petrol,individual,manual,first owner
audi a6 2.0 tdi  design edition,2013,1735000,50000,diesel,dealer,automatic,first owner
mercedes-benz new c-class c 220 cdi avantgarde,2012,1375000,33800,diesel,dealer,automatic,second owner
skoda superb ambition 2.0 tdi cr at,2011,450000,130400,diesel,dealer,automatic,second owner
toyota corolla altis g at,2016,900000,50000,petrol,individual,automatic,first owner
toyota innova 2.5 g (diesel) 7 seater,2015,1300000,80000,diesel,individual,manual,first owner
jeep compass 1.4 sport plus bsiv,2019,1400000,10000,petrol,individual,manual,first owner
mercedes-benz e-class e 200 cgi elegance,2010,850000,119000,petrol,dealer,automatic,first owner
hyundai i10 magna 1.1l,2014,229999,60000,petrol,individual,manual,fourth & above owner
bmw 3 series 320d sport line,2013,1550000,75800,diesel,dealer,automatic,second owner
audi q7 35 tdi quattro premium,2009,1250000,78000,diesel,dealer,automatic,third owner
hyundai elantra crdi s,2012,625000,40000,diesel,individual,manual,first owner
mahindra scorpio 1.99 s10,2014,1050000,50000,diesel,individual,manual,first owner
honda city i dtec v,2014,560000,74000,diesel,individual,manual,second owner
maruti wagon r vxi bs iv with abs,2014,290000,64000,petrol,individual,manual,second owner
maruti wagon r vxi bs iv,2012,275000,60000,petrol,individual,manual,second owner
mahindra scorpio lx,2009,411000,120000,diesel,individual,manual,second owner
hyundai santro xing gls,2009,150000,79000,petrol,individual,manual,third owner
hyundai grand i10 1.2 kappa asta,2019,500000,15000,petrol,individual,manual,first owner
maruti alto lxi,2006,100000,80000,petrol,individual,manual,first owner
maruti swift dzire vdi optional,2017,725000,18500,diesel,dealer,manual,first owner
maruti eeco 5 seater ac bsiv,2018,401000,10200,petrol,dealer,manual,first owner
hyundai i20 sportz 1.4 crdi,2018,750000,29000,diesel,dealer,manual,first owner
maruti omni maruti omni mpi std bsiii 5-str w/ immobiliser,2018,310000,28000,petrol,dealer,manual,first owner
maruti swift zdi bsiv,2016,665000,46000,diesel,dealer,manual,first owner
hyundai i20 2015-2017 sportz option 1.4 crdi,2014,465000,70000,diesel,dealer,manual,first owner
maruti alto lxi,2012,160000,60000,petrol,individual,manual,second owner
mahindra jeep cl 500 mdi,1996,250000,35000,diesel,individual,manual,second owner
honda city i dtec vx,2014,675000,90000,diesel,dealer,manual,first owner
maruti wagon r vxi bs iv,2013,300000,80000,petrol,dealer,manual,first owner
tata indica dls,2005,70000,80000,diesel,individual,manual,first owner
hyundai eon magna plus,2014,240000,73300,petrol,dealer,manual,second owner
toyota etios gd,2014,525000,92000,diesel,dealer,manual,first owner
maruti alto lxi,2009,151000,66764,petrol,dealer,manual,second owner
maruti alto lxi,2009,140000,100000,petrol,individual,manual,first owner
chevrolet tavera neo ls b3 - 7(c) seats bsiii,2010,280000,350000,diesel,individual,manual,second owner
toyota corolla altis diesel d4dg,2011,350000,230000,diesel,individual,manual,first owner
mahindra scorpio 1.99 s6 plus,2017,570000,60000,diesel,individual,manual,first owner
hyundai eon magna plus,2018,300000,31000,petrol,individual,manual,first owner
tata indigo classic dicor,2007,100000,39000,diesel,individual,manual,first owner
toyota innova 2.5 v diesel 8-seater,2009,500000,120000,diesel,individual,manual,third owner
tata indica vista quadrajet ls,2014,125000,166000,diesel,individual,manual,fourth & above owner
maruti swift 1.3 vxi,2006,130000,110000,petrol,individual,manual,third owner
ford ecosport 1.5 diesel titanium bsiv,2017,925000,35000,diesel,individual,manual,first owner
maruti ciaz 1.3 delta,2018,750000,60000,diesel,individual,manual,first owner
honda civic 1.8 v at,2007,200000,54000,petrol,individual,automatic,second owner
hyundai i10 sportz 1.2,2010,248000,63000,petrol,individual,manual,second owner
skoda rapid 1.5 tdi elegance,2014,450000,120000,diesel,individual,manual,second owner
hyundai getz gls,2005,80000,120000,petrol,individual,manual,third owner
nissan terrano xl,2014,650000,76000,petrol,individual,manual,second owner
hyundai grand i10 crdi sportz,2015,450000,80000,diesel,individual,manual,first owner
hyundai elite i20 diesel era,2019,650000,25000,diesel,individual,manual,first owner
honda amaze s i-vtec,2016,495000,11958,petrol,dealer,manual,first owner
honda brio s mt,2015,371000,20000,petrol,dealer,manual,first owner
hyundai creta 1.6 sx option,2017,1025000,9000,petrol,dealer,manual,first owner
mercedes-benz s-class s 350d connoisseurs edition,2017,8150000,6500,diesel,dealer,automatic,first owner
mahindra xuv500 w8 2wd,2015,750000,70000,diesel,individual,manual,first owner
renault duster 85ps diesel rxl optional,2013,600000,120000,diesel,individual,manual,first owner
hyundai santro xing xo,2007,80000,58000,petrol,dealer,manual,second owner
mahindra bolero 2011-2019 sle,2013,325000,62200,diesel,dealer,manual,first owner
audi a6 2.0 tdi premium plus,2014,1470000,34000,diesel,dealer,automatic,second owner
fiat avventura multijet emotion,2015,350000,53000,diesel,individual,manual,second owner
audi a8 4.2 tdi,2013,2800000,49000,diesel,dealer,automatic,first owner
datsun redigo 1.0 s,2017,210000,15000,petrol,dealer,manual,second owner
volkswagen jetta 1.4 tsi comfortline,2013,450000,50000,petrol,individual,manual,first owner
audi a4 2.0 tdi 177 bhp premium plus,2013,1150000,53000,diesel,dealer,automatic,first owner
honda civic 1.8 v at,2009,210000,63500,petrol,dealer,automatic,first owner
mercedes-benz e-class exclusive e 200 bsiv,2018,4500000,9800,petrol,dealer,automatic,first owner
bmw x1 sdrive 20d xline,2017,2750000,13000,diesel,individual,automatic,first owner
volvo v40 d3 r design,2018,1975000,21000,diesel,dealer,automatic,first owner
maruti sx4 zxi bsiii,2008,175000,29173,petrol,dealer,manual,first owner
bmw 7 series 730ld,2012,2500000,48000,diesel,dealer,automatic,first owner
mahindra bolero power plus slx,2017,628000,120000,diesel,individual,manual,first owner
hyundai sonata crdi m/t,2010,600000,100000,diesel,individual,manual,first owner
nissan micra active xv petrol,2017,399000,30000,petrol,individual,manual,first owner
mahindra xylo d4,2018,750000,87000,diesel,individual,manual,first owner
hyundai elite i20 sportz plus dual tone bsiv,2019,750000,15000,petrol,individual,manual,first owner
renault kwid rxt,2017,315000,16000,petrol,individual,manual,first owner
mahindra xylo e4 bs iii,2012,600000,60000,diesel,individual,manual,first owner
maruti wagon r lxi minor,2010,100000,60000,petrol,individual,manual,fourth & above owner
maruti sx4 zxi mt bsiv,2011,250000,110000,petrol,individual,manual,third owner
renault kwid rxt,2017,350000,25000,petrol,individual,manual,first owner
hyundai creta 1.4 crdi s,2016,780000,60000,diesel,individual,manual,first owner
maruti swift dzire vdi,2014,434000,79350,diesel,individual,manual,second owner
hyundai verna 1.6 vtvt at s option,2016,690000,80000,petrol,individual,automatic,first owner
mahindra scorpio lx bsiv,2014,555000,90000,diesel,individual,manual,second owner
maruti sx4 vxi bsiii,2007,120000,90000,petrol,individual,manual,second owner
maruti ertiga vdi,2014,500000,120000,diesel,individual,manual,second owner
chevrolet beat diesel,2013,165000,60000,diesel,individual,manual,second owner
maruti zen lx,2004,95000,50000,petrol,individual,manual,first owner
maruti baleno delta 1.2,2018,550000,20000,petrol,individual,manual,first owner
maruti swift vdi bsiii,2007,100000,110000,diesel,individual,manual,fourth & above owner
tata nano lx bsiv,2012,100000,50000,petrol,individual,manual,second owner
toyota innova 2.5 gx (diesel) 8 seater,2012,500000,100000,diesel,individual,manual,first owner
maruti ertiga shvs vdi,2016,800000,70000,diesel,individual,manual,second owner
hyundai creta 1.6 crdi sx,2016,840000,70000,diesel,individual,manual,second owner
honda amaze s i-vtech,2016,490000,50000,petrol,individual,manual,first owner
tata indica vista aqua 1.4 tdi,2010,125000,81000,diesel,individual,manual,second owner
chevrolet tavera neo 2 ls b4 7 str bsiii,2012,400000,120000,diesel,individual,manual,third owner
chevrolet cruze ltz,2015,1000000,3600,diesel,dealer,manual,first owner
ford figo aspire 1.2 ti-vct titanium plus,2015,530000,14272,petrol,dealer,manual,first owner
ford ecosport 1.5 diesel titanium plus bsiv,2017,840000,49213,diesel,dealer,manual,first owner
hyundai i10 sportz 1.1l,2015,229999,40000,petrol,individual,manual,first owner
maruti 800 std,1998,40000,40000,petrol,individual,manual,fourth & above owner
chevrolet spark 1.0 ls,2012,130000,80000,petrol,individual,manual,first owner
hyundai eon era plus,2015,200000,70000,petrol,individual,manual,first owner
tata indica vista aqua tdi bsiii,2011,120000,70000,diesel,individual,manual,first owner
hyundai santro lp zipplus,2003,75000,57000,petrol,individual,manual,first owner
tata bolt quadrajet xe,2016,250000,120000,diesel,individual,manual,first owner
maruti 800 ac bsiii,2005,100000,30000,petrol,individual,manual,first owner
hyundai eon era plus,2013,280000,3240,petrol,individual,manual,second owner
hyundai i20 magna 1.2,2015,540000,5000,petrol,individual,manual,first owner
hyundai i20 1.2 asta,2018,700000,10000,petrol,individual,manual,first owner
maruti ciaz vdi plus,2015,525000,100000,diesel,individual,manual,first owner
hyundai i20 asta 1.4 crdi,2016,430000,80000,diesel,individual,manual,first owner
hyundai santro le,2002,65000,70000,petrol,individual,manual,first owner
maruti vitara brezza vdi,2018,800000,35000,diesel,individual,manual,first owner
hyundai santro xing xl erlx euro iii,2007,75000,114000,petrol,individual,manual,second owner
hyundai getz 1.3 gls,2008,210000,53772,petrol,individual,manual,first owner
mahindra quanto c8,2012,195000,140000,diesel,individual,manual,second owner
chevrolet tavera neo 3 ls 7 c bsiii,2015,400000,120000,diesel,individual,manual,first owner
hyundai eon magna plus,2012,170000,60000,petrol,individual,manual,first owner
renault kwid rxt,2016,225000,25000,petrol,individual,manual,first owner
maruti wagon r duo lpg,2014,210000,90000,lpg,individual,manual,first owner
maruti wagon r lxi,2020,240000,120000,petrol,individual,manual,first owner
chevrolet enjoy 1.3 tcdi ls 8,2015,300000,175000,diesel,individual,manual,first owner
chevrolet spark 1.0 ls,2011,99000,100000,petrol,individual,manual,third owner
honda city i vtec sv,2014,620000,36000,petrol,individual,manual,first owner
honda amaze vx i-dtec,2013,500000,30000,diesel,individual,manual,first owner
jaguar xj 5.0 l v8 supercharged,2010,2550000,40000,petrol,individual,automatic,second owner
honda brio e mt,2013,260000,70000,petrol,individual,manual,second owner
maruti swift vvt zxi,2017,550000,60000,petrol,individual,manual,first owner
tata indigo cr4,2011,150000,155500,diesel,individual,manual,first owner
hyundai i10 asta at,2011,350000,50000,petrol,individual,automatic,second owner
chevrolet beat lt,2016,320000,40000,petrol,individual,manual,first owner
maruti swift vdi bsiv,2015,400000,100000,diesel,individual,manual,third owner
maruti alto lxi,2012,175000,80000,petrol,individual,manual,third owner
chevrolet beat lt,2011,120000,90000,petrol,individual,manual,second owner
renault duster 110ps diesel rxz,2013,320000,90000,diesel,individual,manual,second owner
hyundai santro xing xg,2006,70000,110000,petrol,individual,manual,third owner
maruti swift dzire zxi plus,2019,810000,15000,petrol,individual,manual,first owner
maruti 800 ac,2007,95000,100000,petrol,individual,manual,second owner
maruti alto k10 lxi cng,2020,282000,40000,cng,individual,manual,first owner
maruti 800 std bsii,2004,80000,60000,petrol,individual,manual,second owner
tata nano lx se,2013,72000,25000,petrol,individual,manual,first owner
hyundai i20 magna 1.2,2016,600000,25000,petrol,individual,manual,first owner
skoda rapid 1.6 mpi ambition with alloy wheel,2015,640000,23000,petrol,individual,manual,first owner
maruti alto k10 vxi,2018,380000,22155,petrol,individual,manual,first owner
maruti ciaz 1.4 delta,2018,650000,70000,petrol,individual,manual,first owner
maruti alto lx,2009,150000,60000,petrol,individual,manual,second owner
hyundai i20 asta,2009,280000,110000,petrol,individual,manual,second owner
tata nexon 1.2 revotron xm,2018,430000,30000,petrol,individual,manual,first owner
mahindra bolero power plus slx,2019,800000,15000,diesel,individual,manual,first owner
maruti zen d,2003,75000,100000,diesel,individual,manual,second owner
volkswagen vento celeste 1.5 tdi highline at,2016,650000,70000,diesel,individual,automatic,first owner
maruti eeco 7 seater standard bsiv,2017,390000,24000,petrol,individual,manual,first owner
honda city 1.5 exi,2005,100000,120000,petrol,individual,manual,second owner
mercedes-benz new c-class 220 cdi at,2013,1500000,35000,diesel,individual,automatic,first owner
maruti sx4 zxi with leather bsiii,2007,175000,78380,petrol,individual,manual,first owner
renault duster 110ps diesel rxz,2012,434999,110000,diesel,individual,manual,second owner
ford figo diesel titanium,2010,170000,90000,diesel,individual,manual,third owner
ford figo diesel titanium,2011,190000,90000,diesel,individual,manual,third owner
maruti swift dzire vdi,2009,250000,150000,diesel,individual,manual,third owner
mahindra xylo e4,2009,229999,230000,diesel,individual,manual,third owner
maruti esteem vxi - bsiii,2006,140000,70000,petrol,individual,manual,third owner
maruti swift vdi bsiv,2017,600000,80362,diesel,individual,manual,first owner
hyundai i20 1.2 sportz,2012,280000,110000,petrol,individual,manual,third owner
chevrolet beat diesel lt,2012,150000,60000,diesel,individual,manual,first owner
chevrolet cruze ltz at,2015,650000,50000,diesel,individual,automatic,first owner
nissan micra xl,2014,210000,40000,petrol,individual,manual,second owner
bmw 5 series 520d luxury line,2017,2900000,40000,diesel,individual,automatic,first owner
chevrolet enjoy 1.3 tcdi ls 8,2013,425000,20000,diesel,dealer,manual,first owner
hyundai eon era plus option,2014,265000,55000,petrol,dealer,manual,first owner
fiat linea t jet emotion,2018,890000,1136,petrol,dealer,manual,first owner
renault scala rxl,2013,365000,55000,petrol,dealer,manual,first owner
ford figo petrol titanium,2014,350000,43000,petrol,dealer,manual,first owner
maruti ciaz zdi shvs,2016,685000,60000,diesel,individual,manual,first owner
skoda rapid 1.5 tdi ambition bsiv,2018,940000,2650,diesel,dealer,manual,first owner
mahindra xuv500 w6 2wd,2017,1000000,40000,diesel,individual,manual,first owner
mahindra xuv300 w8 option,2019,1150000,15000,petrol,dealer,manual,first owner
maruti ertiga shvs zdi,2016,450000,115962,diesel,individual,manual,second owner
nissan terrano xe d,2015,590000,65000,diesel,dealer,manual,first owner
maruti s-cross facelift,2017,800000,40000,diesel,individual,manual,first owner
hyundai i20 magna 1.4 crdi (diesel),2012,385000,58000,diesel,dealer,manual,first owner
mercedes-benz new c-class c 220 cdi be avantgare,2013,2000000,15000,diesel,individual,automatic,first owner
hyundai eon era plus,2012,235000,54000,petrol,dealer,manual,first owner
volkswagen ameo 1.5 tdi highline,2017,640000,56000,diesel,dealer,manual,first owner
maruti alto lx,2006,52000,120000,petrol,individual,manual,third owner
maruti omni lpg cargo bsiii w immobiliser,2009,80000,90000,lpg,individual,manual,second owner
maruti alto lx,2012,140000,70000,petrol,individual,manual,second owner
hyundai verna i (petrol),2008,120000,90000,petrol,individual,manual,second owner
mahindra renault logan 1.5 dls,2008,89999,213000,diesel,individual,manual,first owner
chevrolet optra magnum 2.0 ls bsiii,2012,180000,120000,diesel,individual,manual,first owner
mahindra scorpio s11 bsiv,2017,1500000,20000,diesel,individual,manual,first owner
hyundai i20 active 1.2 sx,2017,700000,10000,petrol,individual,manual,first owner
maruti sx4 celebration diesel,2012,285000,80000,diesel,individual,manual,second owner
hyundai grand i10 magna,2015,390000,90000,petrol,individual,manual,first owner
maruti alto lxi bsiii,2008,125000,80000,petrol,individual,manual,first owner
maruti sx4 zxi with leather bsiii,2008,225000,60000,petrol,individual,manual,second owner
hyundai i10 era,2011,175000,139000,petrol,individual,manual,second owner
toyota innova 2.5 v diesel 7-seater,2011,1075000,160000,diesel,individual,manual,second owner
honda mobilio v i dtec,2014,300000,150000,diesel,individual,manual,first owner
toyota innova 2.5 g (diesel) 7 seater bs iv,2010,700000,163000,diesel,individual,manual,fourth & above owner
tata indica v2 2001-2011 dls bsiii,2009,90000,120000,diesel,dealer,manual,first owner
tata indica vista tdi ls,2011,120000,120000,diesel,individual,manual,second owner
chevrolet beat diesel ls,2012,220000,100000,diesel,individual,manual,second owner
tata zest quadrajet 1.3 75ps xe,2015,300000,140000,diesel,dealer,manual,first owner
skoda fabia 1.2l diesel ambiente,2010,180000,87000,diesel,dealer,manual,second owner
maruti 800 std,2013,170000,70000,petrol,individual,manual,first owner
ford figo petrol titanium,2015,300000,50000,petrol,individual,manual,second owner
toyota innova 2.5 vx (diesel) 8 seater,2014,1050000,70000,diesel,individual,manual,first owner
honda mobilio v i dtec,2014,300000,150000,diesel,individual,manual,first owner
hyundai grand i10 1.2 crdi asta,2018,465000,25000,diesel,individual,manual,first owner
chevrolet beat diesel lt,2011,130000,80000,diesel,individual,manual,second owner
datsun go plus t option petrol,2018,434999,10000,petrol,individual,manual,first owner
hyundai grand i10 1.2 kappa asta,2018,500000,32000,petrol,individual,manual,first owner
maruti omni mpi std bsiv,2018,200000,10000,petrol,individual,manual,first owner
maruti baleno alpha 1.2,2017,625000,52000,petrol,dealer,manual,first owner
ford fiesta classic 1.4 sxi duratorq,2006,110000,120000,diesel,individual,manual,third owner
hyundai elite i20 asta option bsiv,2019,800000,11240,petrol,individual,manual,first owner
hyundai grand i10 crdi magna,2017,490000,66000,diesel,dealer,manual,first owner
maruti ertiga shvs zdi,2017,880000,64000,diesel,dealer,manual,first owner
hyundai santro xing gl plus,2013,290000,49000,petrol,individual,manual,first owner
tata sumo gx tc 7 str bsiii,2006,115999,100000,diesel,individual,manual,second owner
renault kwid rxt,2018,360000,26500,petrol,individual,manual,first owner
maruti 800 ac,2002,65000,100000,petrol,individual,manual,second owner
maruti vitara brezza ldi option,2017,685000,72000,diesel,dealer,manual,first owner
honda jazz s,2009,300000,50000,petrol,individual,manual,first owner
hyundai i20 1.4 sportz,2017,680000,44000,diesel,dealer,manual,first owner
maruti ertiga shvs zdi plus,2017,1000000,60000,diesel,individual,manual,second owner
tata sumo se plus bsiii,2002,100000,120000,diesel,individual,manual,first owner
mahindra xylo e4,2010,160000,130000,diesel,individual,manual,first owner
maruti swift zdi bsiv,2017,450000,70000,diesel,individual,manual,first owner
maruti ertiga vxi,2014,600000,20000,petrol,individual,manual,first owner
hyundai i20 1.4 magna abs,2009,180000,60000,diesel,individual,manual,second owner
maruti alto lxi,2007,100000,195000,petrol,individual,manual,first owner
maruti alto lxi,2010,120000,90000,petrol,individual,manual,second owner
hyundai getz gl,2006,130000,80000,petrol,individual,manual,third owner
maruti wagon r lx bs iv,2011,160000,155000,petrol,individual,manual,first owner
mahindra bolero power plus slx,2019,860000,35000,diesel,individual,manual,first owner
hyundai i20 1.2 spotz,2018,650000,20000,petrol,individual,manual,second owner
maruti wagon r lxi minor,2010,100000,80000,petrol,individual,manual,second owner
maruti alto 800 vxi,2017,282000,20000,petrol,individual,manual,first owner
hyundai i20 asta (o),2009,300000,50000,petrol,individual,manual,first owner
hyundai i20 asta,2010,270000,110000,petrol,individual,manual,second owner
hyundai verna 1.6 sx crdi (o),2013,550000,29000,diesel,individual,manual,first owner
mahindra xylo d2 bsiv,2013,450000,120000,diesel,individual,manual,first owner
mahindra bolero slx 2wd bsiii,2011,430000,70000,diesel,individual,manual,second owner
maruti ertiga vxi abs,2013,350000,40000,petrol,individual,manual,first owner
honda brio 1.2 e mt,2017,350000,20000,petrol,individual,manual,first owner
toyota etios liva g,2013,229999,50000,petrol,individual,manual,second owner
maruti alto 800 lxi,2013,110000,50000,petrol,individual,manual,first owner
maruti swift dzire 1.2 vxi bsiv,2012,395000,49000,petrol,individual,manual,second owner
mahindra scorpio vls at 2.2 mhawk,2011,650000,70000,diesel,individual,automatic,second owner
mahindra bolero slx,2011,350000,90000,diesel,individual,manual,second owner
mahindra xuv500 w11 option awd,2020,1400000,25000,diesel,dealer,manual,first owner
tata tiago 1.2 revotron xz,2018,360000,4000,petrol,individual,manual,first owner
mahindra marazzo m8 8str,2018,1300000,10000,diesel,individual,manual,first owner
renault duster 110ps diesel rxl,2015,800000,15000,diesel,individual,manual,first owner
hyundai eon magna plus,2018,229999,30000,petrol,individual,manual,first owner
maruti wagon r vxi,2014,315000,41000,petrol,dealer,manual,first owner
chevrolet spark 1.0 lt,2012,125000,28000,petrol,individual,manual,first owner
maruti baleno alpha,2019,700000,16000,petrol,individual,manual,first owner
hyundai eon 1.0 kappa magna plus,2015,160000,70000,petrol,individual,manual,first owner
ford figo aspire 1.2 ti-vct trend,2017,530000,10832,petrol,dealer,manual,first owner
ford figo aspire facelift,2018,624000,14681,diesel,dealer,manual,first owner
hyundai i10 era,2009,250000,50000,petrol,individual,manual,first owner
mahindra bolero slx,2016,585000,51000,diesel,dealer,manual,first owner
hyundai verna 1.4 vtvt,2015,500000,25000,petrol,individual,manual,first owner
chevrolet sail 1.2 lt abs,2014,350000,30000,petrol,individual,manual,first owner
honda city i-dtec sv,2014,495000,80000,diesel,dealer,manual,first owner
hyundai grand i10 1.2 kappa asta,2017,500000,50000,petrol,individual,manual,first owner
mahindra bolero power plus plus ac bsiv ps,2015,430000,200000,diesel,individual,manual,first owner
hyundai grand i10 1.2 kappa sportz option,2013,345000,44000,petrol,dealer,manual,first owner
maruti baleno sigma 1.2,2015,500000,10000,petrol,individual,manual,first owner
tata tiago 1.2 revotron xz,2019,425000,19600,petrol,individual,manual,first owner
maruti wagon r lxi,2005,80000,40000,petrol,individual,manual,second owner
chevrolet beat diesel ls,2011,106000,50000,diesel,individual,manual,first owner
maruti a-star vxi,2009,180000,46730,petrol,individual,manual,first owner
datsun go a,2015,250000,40000,petrol,individual,manual,second owner
skoda yeti ambition 4wd,2011,350000,80000,diesel,individual,manual,first owner
maruti zen lxi bsii,2002,60000,80000,petrol,individual,manual,second owner
hyundai verna crdi 1.6 ex,2018,900000,24000,diesel,individual,manual,first owner
ford aspire titanium diesel bsiv,2017,700000,21170,diesel,dealer,manual,first owner
bmw 3 series 320d sport,2013,2000000,167223,diesel,dealer,automatic,first owner
maruti ertiga shvs zdi plus,2017,1000000,40000,diesel,individual,manual,first owner
bmw x1 sdrive 20d exclusive,2011,1375000,60000,diesel,individual,automatic,first owner
toyota innova crysta 2.4 vx mt,2016,1800000,141440,diesel,dealer,manual,first owner
chevrolet tavera neo 3 10 seats bsiv,2007,160000,120000,diesel,individual,manual,third owner
mitsubishi outlander 2.4,2012,525000,140000,petrol,individual,automatic,first owner
mahindra xuv500 w8 2wd,2012,850000,212814,diesel,dealer,manual,first owner
maruti baleno alpha 1.3,2019,800000,30000,diesel,individual,manual,first owner
ford figo aspire 1.5 tdci titanium,2017,700000,88635,diesel,dealer,manual,first owner
maruti swift dzire vdi,2018,800000,25000,diesel,individual,manual,first owner
hyundai i20 1.2 spotz,2017,575000,20000,petrol,individual,manual,second owner
renault duster 110ps diesel rxz,2012,350000,110000,diesel,individual,manual,second owner
maruti swift vdi bsiii,2008,250000,120000,diesel,individual,manual,third owner
ford endeavour titanium 4x2,2011,600000,149674,diesel,dealer,manual,second owner
mahindra scorpio 2.6 turbo 9 str,2007,370000,100000,diesel,individual,manual,third owner
maruti baleno vxi,2006,80000,120000,petrol,individual,manual,third owner
tata indica dlx,2003,50000,120000,diesel,individual,manual,second owner
hyundai verna crdi 1.6 ex,2018,900000,25000,diesel,individual,manual,first owner
maruti wagon r vxi bs iv,2014,300000,35000,petrol,individual,manual,second owner
tata indica lsi,2002,125000,40000,petrol,individual,manual,first owner
maruti swift dzire vdi,2015,490000,60000,diesel,individual,manual,second owner
toyota etios liva gd,2012,300000,50000,diesel,individual,manual,second owner
tata nano std,2013,55000,25000,petrol,individual,manual,fourth & above owner
hyundai grand i10 sportz,2016,350000,25000,petrol,individual,manual,first owner
hyundai grand i10 1.2 crdi asta,2019,755000,8000,diesel,individual,manual,first owner
maruti ertiga shvs vdi,2017,720000,60000,diesel,individual,manual,first owner
mahindra bolero slx,2006,229999,200000,diesel,individual,manual,third owner
mahindra scorpio s7 140 bsiv,2018,1100000,20000,diesel,individual,manual,first owner
volkswagen polo petrol comfortline 1.2l,2013,400000,100000,petrol,individual,manual,first owner
hyundai xcent 1.1 crdi base,2015,350000,70000,diesel,individual,manual,second owner
chevrolet beat diesel ps,2012,159000,68000,diesel,dealer,manual,first owner
maruti swift zxi bsiv,2017,550000,38000,petrol,dealer,manual,first owner
maruti ritz vdi,2013,335000,80000,diesel,dealer,manual,first owner
tata indigo cs emax cng glx,2014,185000,72000,cng,dealer,manual,first owner
maruti eeco 5 str with ac plus htr cng,2012,229999,75000,cng,dealer,manual,first owner
maruti estilo lxi,2014,225000,43000,petrol,dealer,manual,first owner
maruti swift vxi with abs,2007,250000,120000,petrol,individual,manual,second owner
tata zest quadrajet 1.3 xm,2015,400000,100000,diesel,individual,manual,first owner
maruti swift vdi bsiv,2014,470000,163000,diesel,individual,manual,first owner
maruti alto k10 vxi ags optional,2018,300000,25000,petrol,individual,automatic,first owner
maruti alto lx,2011,145000,25000,petrol,individual,manual,first owner
maruti sx4 vxi bsiii,2007,100000,90000,petrol,individual,manual,second owner
mahindra scorpio sle bsiv,2014,500000,70000,diesel,individual,manual,second owner
hyundai santro xing gls cng,2010,130000,98000,cng,individual,manual,second owner
chevrolet cruze ltz,2010,240000,81925,diesel,individual,manual,first owner
ford figo diesel celebration edition,2013,150000,80000,diesel,individual,manual,second owner
renault kwid rxt optional,2017,270000,40000,petrol,individual,manual,first owner
maruti swift dzire vdi,2014,400000,90000,diesel,individual,manual,first owner
hyundai eon era plus,2012,200000,46000,petrol,individual,manual,first owner
mahindra xuv500 w6 2wd,2012,550000,80000,diesel,individual,manual,first owner
renault kwid 1.0 rxt optional,2018,325000,35000,petrol,individual,manual,first owner
skoda rapid 1.5 tdi at style bsiv,2017,860000,82080,diesel,individual,automatic,first owner
mahindra xuv500 w8 2wd,2012,600000,200000,diesel,individual,manual,first owner
chevrolet spark 1.0,2009,125000,70000,petrol,individual,manual,first owner
maruti 800 ac,2000,60000,40000,petrol,individual,manual,third owner
chevrolet tavera neo 3 10 seats bsiv,2010,300000,120000,diesel,individual,manual,third owner
ford fiesta 1.6 zxi duratec,2007,190000,60000,petrol,individual,manual,third owner
maruti ertiga vdi,2013,400000,110000,diesel,individual,manual,first owner
tata manza aura quadrajet bs iv,2011,260000,97000,diesel,individual,manual,second owner
maruti swift vvt vxi,2017,400000,30000,petrol,individual,manual,first owner
hyundai i20 sportz petrol,2010,250000,40000,petrol,individual,manual,first owner
hyundai grand i10 1.2 kappa asta,2019,600000,10000,petrol,individual,manual,first owner
maruti zen estilo vxi bsiv,2010,175000,52047,petrol,individual,manual,first owner
toyota innova 2.5 g (diesel) 8 seater bs iv,2011,450000,200000,diesel,individual,manual,third owner
tata tiago 1.2 revotron xza,2019,350000,15000,petrol,individual,automatic,second owner
maruti vitara brezza zdi,2018,800000,50000,diesel,individual,manual,first owner
maruti swift vxi bsiii,2011,250000,70000,petrol,individual,manual,second owner
maruti swift vxi bsiv,2019,600000,10000,petrol,individual,manual,first owner
maruti swift vdi bsiv,2017,600000,90000,diesel,individual,manual,first owner
maruti alto 800 lxi,2016,130000,40000,petrol,individual,manual,first owner
maruti wagon r lxi,2006,90000,62009,petrol,individual,manual,second owner
hyundai i20 active 1.2 s,2017,595000,33100,petrol,individual,manual,second owner
hyundai eon era plus,2014,190000,40000,petrol,individual,manual,second owner
hyundai santro gls i - euro i,1999,50000,120000,petrol,individual,manual,second owner
maruti wagon r lxi minor,2007,95000,80000,petrol,individual,manual,first owner
tata safari storme vx,2016,1000000,70000,diesel,individual,manual,first owner
mahindra scorpio rev 116,2006,220000,220000,petrol,individual,manual,second owner
mahindra bolero slx,2010,400000,50000,diesel,individual,manual,first owner
datsun go plus a,2015,315000,45000,petrol,individual,manual,second owner
toyota fortuner 4x4 mt,2014,1000000,110000,diesel,individual,manual,first owner
ford ecosport 1.5 dv5 mt titanium,2014,500000,49000,diesel,individual,manual,first owner
mahindra xuv500 w11 at bsiv,2018,1600000,35000,diesel,individual,automatic,first owner
mahindra supro vx 8 str,2017,500000,160000,diesel,individual,manual,first owner
maruti alto lx,2007,70000,180000,petrol,individual,manual,third owner
maruti 800 ac,2007,105000,60000,petrol,individual,manual,second owner
ford endeavour 2.5l 4x2 mt,2008,400000,110000,diesel,individual,manual,third owner
maruti wagon r lxi,2004,80000,60000,petrol,individual,manual,third owner
maruti alto 800 vxi,2016,300000,30000,petrol,individual,manual,first owner
mahindra kuv 100 d75 k2,2017,409999,40000,diesel,individual,manual,first owner
maruti swift glam,2009,250000,70000,petrol,individual,manual,first owner
tata new safari dicor 2.2 ex 4x2,2010,250000,120000,diesel,individual,manual,second owner
maruti swift dzire vdi,2012,215000,80000,diesel,individual,manual,third owner
toyota fortuner 4x4 mt,2015,1400000,120000,diesel,individual,manual,first owner
honda brio 1.2 vx mt,2018,475000,20000,petrol,individual,manual,first owner
honda brio 1.2 vx mt,2018,475000,22000,petrol,individual,manual,first owner
chevrolet spark 1.0 ls,2008,75000,35000,petrol,individual,manual,second owner
chevrolet sail hatchback ls abs,2013,200000,120000,diesel,individual,manual,second owner
tata tiago nrg petrol,2019,575000,8000,petrol,individual,manual,first owner
maruti ritz vdi,2011,150000,40000,diesel,individual,manual,second owner
maruti vitara brezza zdi plus,2018,850000,10000,diesel,individual,manual,first owner
hyundai santro era,2019,350000,30000,petrol,individual,manual,first owner
ford endeavour 2.5l 4x2 mt,2011,550000,54000,diesel,individual,manual,second owner
hyundai verna 1.4 vtvt,2017,330000,80577,petrol,individual,manual,first owner
honda city i-dtec v,2017,1044999,25000,diesel,individual,manual,first owner
hyundai verna 1.6 crdi,2011,300000,127500,diesel,individual,manual,second owner
hyundai eon d lite plus,2015,235000,40903,petrol,dealer,manual,first owner
ford figo petrol titanium,2011,120000,60000,petrol,individual,manual,third owner
maruti wagon r vxi,2004,130000,46000,petrol,individual,manual,first owner
ford endeavour 4x4 xlt,2004,275000,22288,diesel,dealer,manual,second owner
volkswagen jetta 2.0 tdi trendline,2011,270000,180000,diesel,individual,manual,second owner
volkswagen polo 1.5 tdi highline,2015,500000,30000,diesel,individual,manual,second owner
hyundai grand i10 sportz,2015,400000,61690,petrol,dealer,manual,first owner
hyundai i20 asta 1.2,2015,600000,64484,petrol,dealer,manual,first owner
audi q5 2.0 tdi,2012,1350000,90000,diesel,individual,automatic,second owner
renault duster 85ps diesel rxe,2013,400000,75976,diesel,dealer,manual,second owner
ford figo diesel titanium,2011,220000,70000,diesel,individual,manual,second owner
honda brio e mt,2012,300000,85962,petrol,dealer,manual,second owner
maruti omni e mpi std bs iv,2018,250000,120000,petrol,individual,manual,first owner
honda mobilio v i dtec,2015,600000,120000,diesel,individual,manual,first owner
honda brio s option at,2012,285000,75000,petrol,individual,automatic,second owner
honda accord 2.4 mt,2009,350000,57035,petrol,dealer,manual,first owner
mahindra bolero slx,2011,170000,70000,diesel,individual,manual,third owner
ford figo 1.2p ambiente mt,2015,229999,45000,petrol,individual,manual,first owner
mahindra xuv500 w6 2wd,2013,500000,72104,diesel,dealer,manual,second owner
tata nano lx,2011,75000,15000,petrol,individual,manual,first owner
hyundai i20 active 1.2 sx,2016,600000,30000,petrol,individual,manual,first owner
tata indigo ls dicor,2011,220000,80000,diesel,individual,manual,first owner
tata indica vista terra 1.4 tdi,2009,150000,164000,diesel,individual,manual,second owner
maruti alto lx,2006,65000,124439,petrol,individual,manual,second owner
maruti zen vxi,2006,120000,77000,petrol,individual,manual,second owner
maruti swift dzire vdi,2014,240000,90000,diesel,individual,manual,first owner
renault kwid 1.0 rxt optional,2017,390000,30000,petrol,individual,manual,first owner
chevrolet beat ls,2012,180000,50000,petrol,individual,manual,first owner
maruti swift vdi,2012,320000,80000,diesel,individual,manual,second owner
maruti alto 800 lxi,2018,310000,5000,petrol,individual,manual,first owner
maruti wagon r amt vxi,2018,420000,24000,petrol,individual,automatic,first owner
tata tiago nrg petrol,2019,550000,10000,petrol,individual,manual,first owner
maruti ertiga shvs vdi,2016,550000,78000,diesel,individual,manual,third owner
mahindra tuv 300 t4 plus,2018,760000,50000,diesel,individual,manual,first owner
maruti 800 ac bsii,2001,43000,100000,petrol,individual,manual,second owner
maruti omni mpi std bsiv,2018,250000,20000,petrol,individual,manual,first owner
hyundai santro magna bsiv,2019,500000,1250,petrol,individual,manual,first owner
tata zest revotron 1.2 xt,2015,380000,17152,petrol,individual,manual,first owner
mahindra xuv500 w11 option at awd,2019,1850000,5000,diesel,individual,automatic,first owner
volkswagen polo diesel trendline 1.2l,2012,350000,77000,diesel,individual,manual,first owner
hyundai verna crdi,2008,195000,90000,diesel,individual,manual,second owner
chevrolet beat ls,2011,225000,80000,petrol,individual,manual,second owner
toyota innova 2.5 g (diesel) 7 seater,2015,1125000,65000,diesel,individual,manual,first owner
tata indica vista quadrajet lx,2011,133000,80000,diesel,individual,manual,first owner
hyundai eon era plus,2013,200000,24005,petrol,individual,manual,first owner
maruti vitara brezza zdi plus,2018,940000,20000,diesel,individual,manual,first owner
renault duster 85ps diesel rxl,2014,400000,120000,diesel,individual,manual,first owner
hyundai i10 era 1.1,2009,120000,120000,petrol,individual,manual,second owner
maruti swift dzire zdi,2015,625000,80000,diesel,individual,manual,first owner
maruti swift 1.3 vxi,2005,110000,80000,petrol,individual,manual,first owner
renault duster 110ps diesel rxz,2012,490000,100000,diesel,individual,manual,first owner
maruti alto lx,2009,140000,120000,petrol,individual,manual,second owner
ford figo diesel zxi,2011,175000,149000,diesel,individual,manual,second owner
maruti wagon r lxi bsiii,2005,90000,65000,petrol,individual,manual,second owner
maruti swift ldi bsiv,2009,275000,100000,diesel,individual,manual,second owner
volkswagen vento diesel highline,2011,300000,65000,diesel,individual,manual,second owner
datsun go plus t option bsiv,2018,270000,19000,petrol,individual,manual,second owner
chevrolet beat lt,2010,130000,80000,petrol,individual,manual,second owner
maruti alto k10 vxi airbag,2015,275000,30000,petrol,individual,manual,first owner
maruti swift vdi,2012,352000,109000,diesel,individual,manual,first owner
hyundai eon lpg magna plus,2012,180000,90000,lpg,individual,manual,first owner
maruti alto lx,2012,150000,90000,petrol,individual,manual,first owner
volkswagen vento diesel highline,2011,300000,65000,diesel,individual,manual,second owner
maruti swift vdi bsiii,2010,300000,110000,diesel,individual,manual,second owner
mahindra bolero di dx 7 seater,2007,225000,120000,diesel,individual,manual,first owner
honda mobilio v i dtec,2014,600000,44000,diesel,individual,manual,first owner
maruti ertiga bsiv zxi,2015,500000,80000,petrol,individual,manual,first owner
honda br-v i-vtec s mt,2018,900000,5000,petrol,individual,manual,first owner
hyundai i20 magna 1.2,2016,600000,61000,petrol,individual,manual,first owner
toyota etios vd,2011,450000,100000,diesel,individual,manual,second owner
hyundai i10 era 1.1,2009,270000,27633,petrol,individual,manual,first owner
maruti swift vdi bsiii,2010,310000,100000,diesel,individual,manual,third owner
hyundai santro xing gls audio lpg,2012,250000,100000,lpg,individual,manual,first owner
ford figo 1.2p titanium mt,2019,700000,12586,petrol,dealer,manual,first owner
fiat avventura urban cross 1.3 multijet emotion,2018,650000,38083,diesel,dealer,manual,first owner
ford figo diesel zxi,2012,400000,55328,diesel,dealer,manual,first owner
ford figo diesel titanium,2012,425000,81632,diesel,dealer,manual,first owner
ford aspire titanium diesel bsiv,2016,600000,155201,diesel,dealer,manual,first owner
ford ecosport 1.5 tdci titanium bsiv,2013,600000,93283,diesel,dealer,manual,first owner
maruti swift ldi bsiii,2009,300000,217871,diesel,dealer,manual,first owner
ford fiesta classic 1.4 duratorq clxi,2012,450000,90165,diesel,dealer,manual,first owner
ford ecosport 1.5 dv5 mt titanium,2014,750000,101504,diesel,dealer,manual,first owner
ford figo titanium diesel bsiv,2010,325000,86017,diesel,dealer,manual,second owner
mahindra xuv500 w8 2wd,2013,900000,85036,diesel,dealer,manual,second owner
ford ikon 1.3l rocam flair,2006,180000,91086,petrol,dealer,manual,second owner
fiat punto 1.3 emotion,2013,350000,160254,diesel,dealer,manual,second owner
ford ecosport 1.5 tdci titanium bsiv,2013,600000,125531,diesel,dealer,manual,second owner
honda wr-v i-dtec v,2019,900000,60000,diesel,individual,manual,first owner
skoda laura l n k 1.9 pd,2006,350000,100000,diesel,individual,manual,first owner
maruti ritz ldi,2013,280000,90000,diesel,individual,manual,third owner
mahindra xylo d2,2009,225000,120000,diesel,individual,manual,second owner
honda city i dtec s,2014,520000,82000,diesel,individual,manual,first owner
mahindra scorpio 1.99 s4,2016,509999,60000,diesel,individual,manual,first owner
maruti baleno alpha 1.2,2019,556000,24000,petrol,individual,manual,first owner
tata indigo grand dicor,2014,225000,120000,diesel,individual,manual,first owner
honda amaze ex i-dtech,2013,325000,65000,diesel,dealer,manual,first owner
maruti swift vdi,2013,365000,65000,diesel,dealer,manual,first owner
hyundai creta 1.6 crdi sx plus,2015,850000,84000,diesel,dealer,manual,first owner
toyota etios gd sp,2013,350000,75000,diesel,dealer,manual,first owner
maruti swift vdi,2007,225000,50000,diesel,dealer,manual,first owner
maruti alto lx,2011,135000,50000,petrol,individual,manual,first owner
maruti wagon r lxi minor,2007,140000,49000,petrol,dealer,manual,first owner
maruti sx4 s cross ddis 320 delta,2016,665000,560000,diesel,dealer,manual,first owner
renault kwid rxt,2015,275000,14365,petrol,dealer,manual,first owner
toyota fortuner 2.8 4wd at bsiv,2017,2750000,41000,diesel,individual,automatic,first owner
hyundai verna 1.6 sx,2013,484999,65000,diesel,dealer,manual,first owner
maruti ciaz vdi option shvs,2015,565000,65000,diesel,dealer,manual,first owner
maruti swift dzire vdi,2013,425000,61083,diesel,dealer,manual,first owner
toyota innova 2.5 vx (diesel) 8 seater,2013,925000,75000,diesel,individual,manual,first owner
mahindra scorpio vlx 2wd airbag se bsiv,2012,565000,72000,diesel,dealer,manual,first owner
renault duster 110ps diesel rxl,2014,525000,65000,diesel,dealer,manual,first owner
hyundai tucson 2.0 e-vgt 2wd mt,2017,1650000,55000,diesel,dealer,manual,first owner
hyundai eon era plus,2015,295000,21000,petrol,dealer,manual,second owner
jaguar xf 5.0 litre v8 petrol,2012,2050000,66363,petrol,dealer,automatic,second owner
hyundai creta 1.6 vtvt at sx plus,2018,1475000,11700,petrol,dealer,automatic,first owner
hyundai verna vtvt 1.6 at sx option,2017,1100000,10000,petrol,individual,automatic,first owner
mercedes-benz gl-class 350 cdi blue efficiency,2014,4400000,100000,diesel,individual,automatic,second owner
maruti swift zxi bsiv,2016,670000,7104,petrol,trustmark dealer,manual,first owner
maruti s-cross zeta ddis 200 sh,2015,750000,45974,diesel,trustmark dealer,manual,first owner
hyundai verna 1.6 vtvt sx,2015,760000,55340,petrol,trustmark dealer,manual,first owner
volkswagen polo gti,2017,850000,20000,petrol,dealer,automatic,second owner
renault pulse rxl,2015,390000,61585,diesel,trustmark dealer,manual,first owner
maruti celerio vxi amt bsiv,2016,450000,39415,petrol,trustmark dealer,automatic,second owner
honda brio v mt,2014,425000,29654,petrol,trustmark dealer,manual,first owner
maruti baleno alpha 1.3,2016,770000,64672,diesel,trustmark dealer,manual,first owner
hyundai creta 1.6 sx automatic diesel,2015,1150000,54634,diesel,trustmark dealer,automatic,second owner
honda city i vtec v,2015,775000,66521,petrol,trustmark dealer,manual,first owner
toyota innova crysta 2.4 gx at,2018,1725000,23974,diesel,dealer,automatic,second owner
bmw 3 series 320d luxury line,2016,2150000,43000,diesel,dealer,automatic,first owner
renault duster 85ps diesel rxl,2013,450000,1000,diesel,dealer,manual,second owner
mercedes-benz c-class progressive c 220d,2018,3800000,10000,diesel,dealer,automatic,first owner
audi a4 3.0 tdi quattro,2013,1580000,86000,diesel,dealer,automatic,first owner
bmw x5 xdrive 30d xline,2019,4950000,30000,diesel,dealer,automatic,first owner
hyundai creta 1.6 crdi sx,2016,535000,52600,diesel,individual,manual,first owner
maruti sx4 vxi bsiv,2012,225000,110000,petrol,individual,manual,second owner
hyundai grand i10 1.2 kappa magna at,2017,550000,19890,petrol,dealer,automatic,first owner
maruti swift zxi bsiv,2016,670000,7104,petrol,trustmark dealer,manual,first owner
maruti ertiga vxi,2015,625000,11918,petrol,trustmark dealer,manual,first owner
hyundai grand i10 magna at,2017,520000,10510,petrol,dealer,automatic,first owner
chevrolet beat lt option,2016,239000,41000,petrol,dealer,manual,first owner
toyota fortuner 4x2 at,2017,2600000,47162,diesel,trustmark dealer,automatic,first owner
maruti s-cross zeta ddis 200 sh,2015,750000,45974,diesel,trustmark dealer,manual,first owner
hyundai i10 magna,2012,229999,49824,petrol,dealer,manual,first owner
audi a6 2.0 tdi premium plus,2013,1300000,58500,diesel,dealer,automatic,first owner
hyundai santro gs,2005,80000,56580,petrol,dealer,manual,first owner
skoda laura ambiente 2.0 tdi cr mt,2012,385000,52000,diesel,dealer,manual,first owner
hyundai verna 1.6 vtvt sx,2015,760000,55340,petrol,trustmark dealer,manual,first owner
maruti swift dzire vdi,2017,600000,46507,diesel,trustmark dealer,manual,first owner
renault duster 85ps diesel rxl,2013,450000,1000,diesel,dealer,manual,second owner
mercedes-benz c-class progressive c 220d,2018,3800000,10000,diesel,dealer,automatic,first owner
audi a4 3.0 tdi quattro,2013,1580000,86000,diesel,dealer,automatic,first owner
bmw x5 xdrive 30d xline,2019,4950000,30000,diesel,dealer,automatic,first owner
hyundai creta 1.6 crdi sx,2016,535000,52600,diesel,individual,manual,first owner
maruti sx4 vxi bsiv,2012,225000,110000,petrol,individual,manual,second owner
hyundai grand i10 1.2 kappa magna at,2017,550000,19890,petrol,dealer,automatic,first owner
maruti swift zxi bsiv,2016,670000,7104,petrol,trustmark dealer,manual,first owner
maruti ertiga vxi,2015,625000,11918,petrol,trustmark dealer,manual,first owner
hyundai grand i10 magna at,2017,520000,10510,petrol,dealer,automatic,first owner
chevrolet beat lt option,2016,239000,41000,petrol,dealer,manual,first owner
toyota fortuner 4x2 at,2017,2600000,47162,diesel,trustmark dealer,automatic,first owner
maruti s-cross zeta ddis 200 sh,2015,750000,45974,diesel,trustmark dealer,manual,first owner
hyundai i10 magna,2012,229999,49824,petrol,dealer,manual,first owner
audi a6 2.0 tdi premium plus,2013,1300000,58500,diesel,dealer,automatic,first owner
hyundai santro gs,2005,80000,56580,petrol,dealer,manual,first owner
skoda laura ambiente 2.0 tdi cr mt,2012,385000,52000,diesel,dealer,manual,first owner
hyundai verna 1.6 vtvt sx,2015,760000,55340,petrol,trustmark dealer,manual,first owner
maruti swift dzire vdi,2017,600000,46507,diesel,trustmark dealer,manual,first owner
renault duster 85ps diesel rxl,2013,450000,1000,diesel,dealer,manual,second owner
mercedes-benz c-class progressive c 220d,2018,3800000,10000,diesel,dealer,automatic,first owner
audi a4 3.0 tdi quattro,2013,1580000,86000,diesel,dealer,automatic,first owner
bmw x5 xdrive 30d xline,2019,4950000,30000,diesel,dealer,automatic,first owner
hyundai creta 1.6 crdi sx,2016,535000,52600,diesel,individual,manual,first owner
maruti sx4 vxi bsiv,2012,225000,110000,petrol,individual,manual,second owner
hyundai grand i10 1.2 kappa magna at,2017,550000,19890,petrol,dealer,automatic,first owner
maruti swift zxi bsiv,2016,670000,7104,petrol,trustmark dealer,manual,first owner
maruti ertiga vxi,2015,625000,11918,petrol,trustmark dealer,manual,first owner
hyundai grand i10 magna at,2017,520000,10510,petrol,dealer,automatic,first owner
chevrolet beat lt option,2016,239000,41000,petrol,dealer,manual,first owner
toyota fortuner 4x2 at,2017,2600000,47162,diesel,trustmark dealer,automatic,first owner
maruti s-cross zeta ddis 200 sh,2015,750000,45974,diesel,trustmark dealer,manual,first owner
hyundai i10 magna,2012,229999,49824,petrol,dealer,manual,first owner
audi a6 2.0 tdi premium plus,2013,1300000,58500,diesel,dealer,automatic,first owner
hyundai santro gs,2005,80000,56580,petrol,dealer,manual,first owner
skoda laura ambiente 2.0 tdi cr mt,2012,385000,52000,diesel,dealer,manual,first owner
hyundai verna 1.6 vtvt sx,2015,760000,55340,petrol,trustmark dealer,manual,first owner
maruti swift dzire vdi,2017,600000,46507,diesel,trustmark dealer,manual,first owner
renault duster 85ps diesel rxl,2013,450000,1000,diesel,dealer,manual,second owner
mercedes-benz c-class progressive c 220d,2018,3800000,10000,diesel,dealer,automatic,first owner
audi a4 3.0 tdi quattro,2013,1580000,86000,diesel,dealer,automatic,first owner
bmw x5 xdrive 30d xline,2019,4950000,30000,diesel,dealer,automatic,first owner
hyundai creta 1.6 crdi sx,2016,535000,52600,diesel,individual,manual,first owner
maruti sx4 vxi bsiv,2012,225000,110000,petrol,individual,manual,second owner
hyundai grand i10 1.2 kappa magna at,2017,550000,19890,petrol,dealer,automatic,first owner
maruti swift zxi bsiv,2016,670000,7104,petrol,trustmark dealer,manual,first owner
maruti ertiga vxi,2015,625000,11918,petrol,trustmark dealer,manual,first owner
hyundai grand i10 magna at,2017,520000,10510,petrol,dealer,automatic,first owner
chevrolet beat lt option,2016,239000,41000,petrol,dealer,manual,first owner
toyota fortuner 4x2 at,2017,2600000,47162,diesel,trustmark dealer,automatic,first owner
maruti s-cross zeta ddis 200 sh,2015,750000,45974,diesel,trustmark dealer,manual,first owner
hyundai i10 magna,2012,229999,49824,petrol,dealer,manual,first owner
audi a6 2.0 tdi premium plus,2013,1300000,58500,diesel,dealer,automatic,first owner
hyundai santro gs,2005,80000,56580,petrol,dealer,manual,first owner
skoda laura ambiente 2.0 tdi cr mt,2012,385000,52000,diesel,dealer,manual,first owner
hyundai verna 1.6 vtvt sx,2015,760000,55340,petrol,trustmark dealer,manual,first owner
maruti swift dzire vdi,2017,600000,46507,diesel,trustmark dealer,manual,first owner
hyundai i20 sportz 1.2,2013,350000,50000,petrol,individual,manual,second owner
maruti alto 800 lxi,2014,114999,30000,petrol,individual,manual,first owner
hyundai i20 sportz 1.2,2013,380000,50000,petrol,individual,manual,second owner
maruti gypsy e mg410w st,1995,95000,100000,petrol,individual,manual,second owner
mahindra scorpio 1.99 s6 plus,2016,900000,35000,diesel,individual,manual,first owner
chevrolet beat lt,2012,200999,90000,petrol,individual,manual,second owner
maruti omni e mpi std bs iv,2014,229999,11451,petrol,individual,manual,first owner
tata nexon 1.5 revotorq xz,2019,800000,60000,diesel,individual,manual,first owner
mahindra verito 1.5 d4 bsiv,2012,150000,172000,diesel,individual,manual,second owner
maruti swift vdi,2018,600000,60000,diesel,individual,manual,first owner
chevrolet tavera ls b3 7 seats bsii,2005,150000,150000,diesel,individual,manual,first owner
chevrolet optra magnum 2.0 ls,2009,150000,66000,diesel,individual,manual,first owner
maruti eeco 5 seater standard bsiv,2019,380000,5000,petrol,individual,manual,first owner
maruti swift 1.3 vxi,2006,80000,66508,petrol,individual,manual,second owner
honda civic 1.8 mt sport,2007,225000,55000,petrol,individual,manual,second owner
tata nano lx bsiv,2012,75000,29900,petrol,individual,manual,first owner
tata hexa xt 4x4,2017,1600000,3000,diesel,individual,manual,first owner
tata indica vista quadrajet vx,2012,185000,85000,diesel,individual,manual,first owner
mahindra scorpio 2.6 crde sle,2011,425000,50000,diesel,individual,manual,first owner
tata indica vista aqua 1.4 tdi,2010,100000,120000,diesel,individual,manual,second owner
maruti zen estilo lxi bsiii,2008,140000,90000,petrol,individual,manual,third owner
maruti swift dzire amt zxi plus bs iv,2017,710000,8000,petrol,individual,automatic,first owner
honda amaze s at i-vtech,2015,450000,7900,petrol,individual,automatic,first owner
datsun redigo t option,2017,210000,50000,petrol,individual,manual,first owner
maruti alto k10 vxi,2016,270000,25000,petrol,individual,manual,first owner
maruti alto lxi,2009,110000,20000,petrol,individual,manual,first owner
maruti swift vxi,2018,540000,17500,petrol,individual,manual,first owner
mahindra renault logan 1.4 glx petrol,2008,145000,25000,petrol,individual,manual,first owner
tata safari storme vx,2013,360000,206500,diesel,individual,manual,first owner
hyundai i10 magna lpg,2013,250000,88600,lpg,individual,manual,first owner
tata venture ex,2012,110000,80000,diesel,individual,manual,first owner
chevrolet captiva lt,2008,250000,100000,diesel,individual,manual,fourth & above owner
ford fiesta classic 1.4 duratorq clxi,2011,150000,186000,diesel,individual,manual,second owner
chevrolet aveo u-va 1.2 ls,2010,140000,60000,petrol,individual,manual,first owner
maruti ciaz zeta bsiv,2019,925000,11000,petrol,individual,manual,first owner
tata hexa xm,2017,969999,30000,diesel,individual,manual,first owner
hyundai santro xing gl plus cng,2007,90000,80000,cng,individual,manual,third owner
hyundai santro gls i - euro i,2001,55000,60000,petrol,individual,manual,third owner
hyundai verna crdi,2007,155000,100000,diesel,individual,manual,fourth & above owner
mahindra thar crde abs,2019,900000,15000,diesel,individual,manual,first owner
maruti alto k10 2010-2014 vxi,2011,135000,90000,petrol,individual,manual,first owner
maruti 800 ac,2012,180000,120000,petrol,individual,manual,first owner
hyundai verna 1.6 sx,2013,495000,100000,diesel,individual,manual,second owner
toyota innova 2.5 v diesel 8-seater,2009,400000,138000,diesel,individual,manual,third owner
hyundai verna crdi,2008,250000,110000,diesel,individual,manual,second owner
maruti alto k10 lxi,2015,138000,120000,petrol,individual,manual,fourth & above owner
honda city 1.5 v at,2011,311000,70000,petrol,individual,automatic,second owner
maruti alto 800 vxi,2015,190000,70000,petrol,individual,manual,first owner
mahindra bolero slx,2011,311000,140000,diesel,individual,manual,first owner
maruti ritz lxi,2009,300000,15000,petrol,individual,manual,first owner
honda jazz vx,2018,600000,20000,petrol,individual,manual,first owner
mahindra scorpio sle bsiii,2009,550000,100000,diesel,individual,manual,first owner
skoda rapid 1.6 mpi at elegance plus,2015,600000,70000,petrol,individual,automatic,first owner
maruti alto 800 vxi,2018,195000,5000,petrol,individual,manual,first owner
tata nano lx,2013,58000,27974,petrol,individual,manual,first owner
maruti alto 800 vxi,2018,183000,40000,petrol,individual,manual,first owner
maruti zen estilo 1.1 vxi bsiii,2007,95000,80000,petrol,individual,manual,first owner
maruti wagon r lx minor,2013,250000,38000,petrol,individual,manual,first owner
maruti wagon r lx minor,2013,250000,38000,petrol,individual,manual,first owner
tata zest revotron 1.2 xt,2014,400000,35000,petrol,individual,manual,first owner
hyundai verna 1.6 sx crdi (o),2012,409999,60000,diesel,individual,manual,second owner
skoda octavia classic 1.9 tdi mt,2004,120000,120000,diesel,individual,manual,second owner
maruti swift amt vxi,2018,600000,18000,petrol,individual,automatic,first owner
honda amaze sx i-vtec,2016,600000,10000,petrol,individual,manual,first owner
mahindra xuv500 w6 2wd,2015,825000,90000,diesel,individual,manual,third owner
toyota etios gd,2016,625000,80000,diesel,individual,manual,second owner
hyundai grand i10 nios magna crdi,2020,700000,1400,diesel,individual,manual,first owner
chevrolet beat ls,2011,160000,60000,petrol,individual,manual,first owner
maruti alto lx,2011,114999,60000,petrol,individual,manual,third owner
maruti wagon r lxi minor,2009,150000,53000,petrol,individual,manual,first owner
volkswagen jetta 1.9 l tdi,2010,250000,100000,diesel,dealer,manual,first owner
hyundai verna 1.6 sx,2012,390000,86000,diesel,dealer,manual,second owner
renault duster 85ps diesel rxl,2015,650000,100000,diesel,individual,manual,first owner
hyundai xcent 1.1 crdi sx option,2016,600000,30000,diesel,individual,manual,first owner
hyundai i20 1.2 sportz,2011,250000,120000,petrol,individual,manual,first owner
hyundai santro xing gl plus lpg,2011,229999,60000,lpg,individual,manual,second owner
maruti ritz ldi,2016,299000,50000,diesel,individual,manual,second owner
chevrolet cruze ltz,2010,330000,124000,diesel,individual,manual,second owner
hyundai accent executive,2012,180000,100000,petrol,individual,manual,third owner
hyundai grand i10 1.2 kappa asta,2017,475000,42000,petrol,individual,manual,first owner
hyundai grand i10 crdi sportz,2015,325000,100000,diesel,individual,manual,first owner
honda city i vtec v,2016,639000,28205,petrol,dealer,manual,first owner
maruti celerio vxi at,2017,415000,32670,petrol,dealer,automatic,first owner
hyundai creta 1.6 crdi at sx plus,2016,1199000,30093,diesel,dealer,automatic,first owner
maruti ertiga vxi cng,2013,525000,56228,cng,dealer,manual,first owner
hyundai verna 1.6 sx vtvt,2013,425000,59319,petrol,dealer,manual,first owner
maruti vitara brezza vdi,2016,699000,39503,diesel,dealer,manual,first owner
hyundai grand i10 1.2 kappa sportz dual tone,2013,325000,35299,petrol,dealer,manual,first owner
toyota etios v,2011,275000,51687,petrol,dealer,manual,first owner
volkswagen vento petrol highline at,2011,269000,76259,petrol,dealer,automatic,first owner
volkswagen polo diesel highline 1.2l,2013,399000,44049,diesel,dealer,manual,first owner
mahindra kuv 100 mfalcon d75 k8,2017,475000,45087,diesel,dealer,manual,first owner
toyota etios v,2011,249000,41125,petrol,dealer,manual,first owner
audi a4 new  2.0 tdi multitronic,2014,1549000,42215,diesel,dealer,automatic,first owner
volkswagen polo petrol highline 1.2l,2011,254999,54206,petrol,dealer,manual,first owner
skoda rapid 1.6 mpi active,2012,269000,52547,petrol,dealer,manual,first owner
maruti ertiga zdi,2014,665000,59110,diesel,dealer,manual,first owner
maruti wagon r stingray lxi,2014,299000,54565,petrol,dealer,manual,first owner
hyundai i20 asta,2010,265000,47564,petrol,dealer,manual,second owner
volkswagen polo petrol highline 1.2l,2010,211000,45143,petrol,dealer,manual,second owner
skoda superb 1.8 tsi,2013,599000,61624,petrol,dealer,automatic,second owner
tata indigo ls,2007,55000,195000,diesel,individual,manual,third owner
hyundai verna 1.6 sx crdi (o),2014,550000,50000,diesel,individual,manual,first owner
land rover discovery sport td4 hse 7s,2018,4000000,68000,diesel,individual,automatic,first owner
tata sumo gx tc 8 str,2010,220000,120000,diesel,individual,manual,second owner
maruti swift vxi,2019,500000,20000,petrol,individual,manual,first owner
maruti alto lxi,2010,140000,30000,petrol,individual,manual,first owner
maruti swift vdi,2013,325000,60000,diesel,individual,manual,first owner
hyundai i20 magna,2010,210000,90000,petrol,individual,manual,third owner
maruti alto lxi,2008,110000,90000,petrol,individual,manual,second owner
hyundai verna crdi 1.6 sx option,2019,1200000,25000,diesel,individual,manual,first owner
maruti alto 800 vxi,2017,229999,40000,petrol,individual,manual,first owner
maruti sx4 vxi bsiv,2012,225000,110000,petrol,individual,manual,second owner
maruti alto 800 lxi,2006,165000,132000,petrol,individual,manual,first owner
tata tiago xza amt,2018,525000,10980,petrol,dealer,automatic,first owner
hyundai eon era plus,2018,325000,20629,petrol,dealer,manual,first owner
toyota innova crysta 2.4 vx mt bsiv,2018,1500000,50000,diesel,individual,manual,first owner
hyundai grand i10 at asta,2015,400000,30000,petrol,individual,automatic,first owner
maruti ciaz vxi,2015,550000,69782,petrol,dealer,manual,first owner
maruti 800 std,2003,98000,54000,petrol,individual,manual,first owner
mahindra xuv500 w8 4wd,2013,900000,63654,diesel,dealer,manual,first owner
renault lodgy 85ps rxl,2017,700000,60000,diesel,individual,manual,first owner
mahindra scorpio s6 plus 7 seater,2015,890000,52000,diesel,dealer,manual,first owner
maruti swift ldi bsiv,2015,490000,59385,diesel,dealer,manual,first owner
hyundai i20 2015-2017 magna 1.2,2015,525000,70378,petrol,dealer,manual,first owner
maruti wagon r lxi bs iv,2013,330000,55425,petrol,dealer,manual,first owner
mahindra bolero 2011-2019 slx 2wd bsiii,2013,550000,78413,diesel,dealer,manual,second owner
mahindra bolero power plus slx,2018,790000,40890,diesel,dealer,manual,first owner
honda brio s mt,2015,350000,34823,petrol,dealer,manual,second owner
toyota innova crysta 2.8 zx at bsiv,2017,1700000,75000,diesel,individual,automatic,first owner
maruti ciaz vdi shvs,2017,750000,55545,diesel,dealer,manual,first owner
honda amaze ex i-dtech,2014,409999,56541,diesel,dealer,manual,first owner
hyundai eon magna plus,2016,220000,43700,petrol,individual,manual,first owner
tata indica gls bs iv,2009,68000,120000,petrol,individual,manual,second owner
hyundai eon era plus,2017,290000,20000,petrol,individual,manual,first owner
honda city i dtec sv,2014,600000,27483,diesel,dealer,manual,first owner
maruti swift lxi,2019,470000,8000,petrol,individual,manual,first owner
hyundai i10 sportz 1.2,2008,150000,30000,petrol,individual,manual,first owner
maruti alto 800 lxi,2014,180000,56207,petrol,dealer,manual,second owner
maruti zen lxi,2006,80000,70000,petrol,individual,manual,first owner
honda wr-v i-vtec vx,2018,875000,1440,petrol,individual,manual,first owner
maruti alto 800 lxi,2019,300000,50000,petrol,individual,manual,first owner
toyota fortuner 2.8 2wd at bsiv,2017,2800000,20000,diesel,individual,automatic,first owner
toyota innova crysta 2.4 zx mt,2017,1330000,91195,diesel,dealer,manual,first owner
volkswagen polo 1.5 tdi trendline,2011,220000,63657,diesel,dealer,manual,first owner
mahindra verito vibe 1.5 dci d4,2013,250000,60000,diesel,individual,manual,first owner
toyota innova 2.5 g (diesel) 7 seater,2016,919999,75000,diesel,dealer,manual,first owner
volkswagen vento magnific 1.6 highline,2013,380000,97248,petrol,dealer,manual,first owner
maruti swift vdi,2012,450000,46000,diesel,individual,manual,first owner
hyundai verna 1.6 vtvt at s option,2016,770000,10000,petrol,individual,automatic,first owner
maruti swift dzire ldi,2018,550000,80000,diesel,individual,manual,first owner
tata new safari dicor 2.2 gx 4x2,2011,320000,100000,diesel,individual,manual,second owner
maruti sx4 vxi bsiv,2013,400000,35000,petrol,individual,manual,first owner
maruti celerio vxi at,2017,450000,50000,petrol,individual,automatic,first owner
maruti sx4 zdi,2011,220000,90000,diesel,individual,manual,third owner
mahindra xuv500 w8 2wd,2012,400000,150000,diesel,individual,manual,second owner
hyundai verna 1.6 sx vtvt (o),2013,530000,89000,petrol,individual,manual,second owner
maruti swift dzire vdi,2014,390000,60000,diesel,individual,manual,second owner
fiat grande punto 1.3 dynamic (diesel),2012,185000,100000,diesel,individual,manual,second owner
maruti sx4 vxi bsiv,2012,300000,100000,petrol,individual,manual,second owner
maruti swift vdi bsiv,2014,575000,90000,diesel,individual,manual,second owner
maruti wagon r stingray vxi,2014,300000,75000,petrol,individual,manual,first owner
toyota etios liva 1.4 vd,2017,425000,36000,diesel,dealer,manual,first owner
hyundai xcent 1.2 kappa sx,2016,350000,12000,petrol,individual,manual,first owner
honda amaze vx o idtec,2017,550000,12997,diesel,dealer,manual,first owner
maruti ciaz 1.4 at zeta,2017,500000,40000,petrol,individual,automatic,first owner
mahindra scorpio s4 4wd,2015,600000,60000,diesel,individual,manual,first owner
mahindra quanto c8,2013,300000,25000,diesel,individual,manual,second owner
hyundai verna crdi 1.6 sx option,2018,1150000,26430,diesel,dealer,manual,first owner
maruti swift 1.3 vxi abs,2015,475000,24600,petrol,dealer,manual,first owner
maruti wagon r lxi,2011,260000,28481,petrol,dealer,manual,first owner
ford ecosport 1.0 ecoboost titanium optional,2013,350000,100000,petrol,individual,manual,first owner
mahindra xuv500 w8 2wd,2013,750000,41988,diesel,dealer,manual,first owner
maruti wagon r lxi,2009,180000,30375,petrol,dealer,manual,first owner
renault kwid climber 1.0 amt bsiv,2017,350000,7658,petrol,dealer,automatic,first owner
maruti swift dzire vdi,2017,611000,34400,diesel,dealer,manual,first owner
renault kwid rxl bsiv,2017,325000,18500,petrol,dealer,manual,first owner
hyundai eon 1.0 era plus,2012,225000,48000,petrol,dealer,manual,first owner
maruti wagon r amt vxi,2014,300000,28942,petrol,dealer,automatic,first owner
mahindra bolero power plus slx,2017,400000,50000,diesel,individual,manual,second owner
mahindra xuv500 w8 2wd,2012,711000,53600,diesel,dealer,manual,first owner
toyota innova 2.5 g (diesel) 8 seater,2015,851000,53652,diesel,dealer,manual,first owner
maruti ertiga vxi,2014,500000,25000,petrol,individual,manual,first owner
toyota innova 2.5 g4 diesel 8-seater,2007,250000,80000,diesel,individual,manual,second owner
maruti alto 800 vxi,2017,150000,50000,petrol,individual,manual,first owner
mahindra scorpio 1.99 s10,2016,610000,15000,diesel,individual,manual,second owner
mahindra kuv 100 g80 k2,2018,450000,5000,petrol,individual,manual,first owner
hyundai i20 1.4 asta option,2017,744000,106000,diesel,individual,manual,first owner
chevrolet spark 1.0,2008,120000,100000,petrol,individual,manual,third owner
renault kwid rxl,2016,220000,60000,petrol,individual,manual,third owner
maruti ertiga zdi,2012,480000,120000,diesel,individual,manual,fourth & above owner
maruti celerio zxi optional amt bsiv,2017,370000,82000,petrol,individual,automatic,first owner
fiat palio d 1.9 el ps,2003,55000,35000,diesel,individual,manual,second owner
hyundai eon magna plus,2013,125000,205000,petrol,individual,manual,first owner
hyundai verna 1.6 crdi,2011,260000,125000,diesel,individual,manual,third owner
fiat linea classic 1.3 multijet,2015,350000,130000,diesel,individual,manual,first owner
maruti alto 800 cng lxi,2012,170000,97000,cng,individual,manual,second owner
hyundai grand i10 sportz,2015,350000,90000,petrol,individual,manual,second owner
maruti swift dzire vxi,2009,250000,60000,petrol,individual,manual,third owner
tata indigo cr4,2013,170000,60000,diesel,individual,manual,first owner
mahindra scorpio s11 bsiv,2018,1300000,35000,diesel,individual,manual,first owner
hyundai grand i10 1.2 kappa sportz bsiv,2019,550000,25000,petrol,individual,manual,first owner
honda brio 1.2 s mt,2017,400000,15000,petrol,individual,manual,first owner
tata nano lx,2011,120000,20000,petrol,individual,manual,first owner
tata nano lx,2011,120000,20000,petrol,individual,manual,first owner
ford figo petrol titanium,2010,275000,70000,petrol,individual,manual,first owner
tata zest revotron 1.2t xe,2016,285000,90000,petrol,individual,manual,first owner
hyundai creta 1.4 crdi base,2016,900000,80000,diesel,individual,manual,first owner
mercedes-benz m-class ml 350 cdi,2014,2500000,79500,diesel,individual,automatic,second owner
hyundai verna 1.6 sx crdi (o),2013,620000,70000,diesel,individual,manual,second owner
toyota innova crysta 2.4 gx mt 8s bsiv,2018,1700000,5000,diesel,individual,manual,first owner
ford figo aspire 1.2 ti-vct titanium plus,2018,650000,15000,petrol,individual,manual,first owner
maruti ertiga vxi,2014,500000,35000,petrol,individual,manual,first owner
tata new safari dicor 2.2 ex 4x4,2009,250000,120000,diesel,individual,manual,second owner
mahindra marazzo m4,2018,950000,15000,diesel,individual,manual,second owner
toyota etios cross 1.2l g,2015,320000,60000,petrol,individual,manual,first owner
renault duster 110ps diesel rxz,2013,450000,120000,diesel,individual,manual,first owner
mahindra kuv 100 mfalcon d75 k8 aw,2016,350000,90000,diesel,individual,manual,first owner
maruti swift dzire vxi,2015,400000,90000,petrol,individual,manual,first owner
maruti omni mpi std bsiv,2018,200000,10000,petrol,individual,manual,first owner
hyundai i20 asta 1.4 crdi (diesel),2009,250000,72000,diesel,individual,manual,second owner
toyota innova 2.0 gx 8 str bsiv,2011,550000,197000,petrol,individual,manual,second owner
maruti zen lxi,1999,85000,70000,petrol,individual,manual,second owner
hyundai santro lp zipplus,2001,52000,50000,petrol,individual,manual,third owner
tata hexa xta,2017,1200000,50000,diesel,individual,automatic,first owner
hyundai verna 1.6 sx vtvt at,2011,450000,60000,petrol,individual,automatic,third owner
maruti swift dzire vxi 1.2 bs iv,2018,615000,40000,petrol,individual,manual,first owner
maruti sx4 zdi leather,2012,400000,60000,diesel,individual,manual,second owner
tata nano lx,2013,60000,40000,petrol,individual,manual,first owner
maruti ignis 1.2 alpha bsiv,2017,500000,9161,petrol,individual,manual,first owner
honda mobilio v i vtec,2015,600000,45000,petrol,individual,manual,first owner
hyundai getz 1.3 gvs,2010,110000,110000,petrol,individual,manual,first owner
hyundai santro xing gl plus,2013,175000,80000,petrol,individual,manual,first owner
ford fiesta titanium 1.5 tdci,2011,325000,100000,diesel,individual,manual,second owner
maruti swift dzire ldi,2017,425000,90000,diesel,individual,manual,first owner
hyundai accent gle cng,2009,160000,70000,cng,individual,manual,third owner
maruti zen estilo lxi bsiii,2007,100000,80000,petrol,individual,manual,third owner
maruti swift dzire ldi,2014,390000,110000,diesel,individual,manual,second owner
hyundai i20 1.2 spotz,2017,400000,50000,petrol,individual,manual,first owner
tata tigor 1.2 revotron xm,2018,509999,5000,petrol,individual,manual,first owner
hyundai i10 magna 1.1,2008,150000,90000,petrol,individual,manual,third owner
hyundai santro xing gls,2009,110000,120000,petrol,individual,manual,first owner
nissan sunny diesel xv,2013,450000,80000,diesel,individual,manual,first owner
hyundai i20 1.2 spotz,2017,400000,38000,petrol,individual,manual,second owner
hyundai santro xing gls,2009,140000,120000,petrol,individual,manual,first owner
tata indigo cr4,2011,130000,90000,diesel,individual,manual,first owner
maruti alto 800 lxi,2017,160000,50000,petrol,individual,manual,first owner
maruti alto 800 lxi,2016,150000,60000,petrol,individual,manual,first owner
mahindra xuv500 w8 2wd,2013,500000,100000,diesel,individual,manual,second owner
tata nano std,2011,40000,19000,petrol,individual,manual,first owner
chevrolet tavera lt l1 7 seats bsiii,2006,140000,200000,diesel,individual,manual,third owner
mahindra verito 1.5 d2 bsiv,2015,227000,70000,diesel,individual,manual,second owner
maruti swift vdi,2011,285000,50000,diesel,individual,manual,second owner
maruti alto lx,2012,155000,19077,petrol,individual,manual,second owner
hyundai eon d lite,2016,210000,30000,petrol,individual,manual,first owner
maruti alto lxi,2009,140000,80000,petrol,individual,manual,second owner
toyota innova 2.5 gx (diesel) 7 seater,2015,940000,128000,diesel,individual,manual,first owner
nissan terrano xv premium 110 ps,2013,750000,80000,diesel,individual,manual,first owner
maruti baleno alpha 1.3,2016,610000,100000,diesel,individual,manual,first owner
nissan sunny xv d premium leather,2015,450000,50000,diesel,individual,manual,first owner
toyota etios liva gd,2012,409999,56000,diesel,individual,manual,first owner
hyundai eon 1.0 era plus,2018,100000,21302,petrol,individual,manual,first owner
renault kwid 1.0 rxt optional,2018,300000,10500,petrol,individual,manual,first owner
mahindra bolero 2011-2019 slx,2013,400000,107000,diesel,individual,manual,first owner
hyundai i10 sportz 1.2,2010,210000,60000,petrol,individual,manual,second owner
hyundai santro xing xg erlx euro iii,2006,90000,120000,petrol,individual,manual,second owner
maruti wagon r lxi bs iv,2010,222000,70000,petrol,individual,manual,first owner
maruti alto 800 lxi,2015,240000,50000,petrol,individual,manual,second owner
toyota etios liva gd,2013,450000,70000,diesel,individual,manual,second owner
renault duster 85ps diesel rxl,2013,450000,1000,diesel,dealer,manual,second owner
mercedes-benz c-class progressive c 220d,2018,3800000,10000,diesel,dealer,automatic,first owner
audi a4 3.0 tdi quattro,2013,1580000,86000,diesel,dealer,automatic,first owner
bmw x5 xdrive 30d xline,2019,4950000,30000,diesel,dealer,automatic,first owner
hyundai creta 1.6 crdi sx,2016,535000,52600,diesel,individual,manual,first owner
maruti sx4 vxi bsiv,2012,225000,110000,petrol,individual,manual,second owner
hyundai grand i10 1.2 kappa magna at,2017,550000,19890,petrol,dealer,automatic,first owner
maruti swift zxi bsiv,2016,670000,7104,petrol,trustmark dealer,manual,first owner
maruti ertiga vxi,2015,625000,11918,petrol,trustmark dealer,manual,first owner
hyundai grand i10 magna at,2017,520000,10510,petrol,dealer,automatic,first owner
chevrolet beat lt option,2016,239000,41000,petrol,dealer,manual,first owner
toyota fortuner 4x2 at,2017,2600000,47162,diesel,trustmark dealer,automatic,first owner
maruti s-cross zeta ddis 200 sh,2015,750000,45974,diesel,trustmark dealer,manual,first owner
hyundai i10 magna,2012,229999,49824,petrol,dealer,manual,first owner
audi a6 2.0 tdi premium plus,2013,1300000,58500,diesel,dealer,automatic,first owner
hyundai santro gs,2005,80000,56580,petrol,dealer,manual,first owner
skoda laura ambiente 2.0 tdi cr mt,2012,385000,52000,diesel,dealer,manual,first owner
hyundai verna 1.6 vtvt sx,2015,760000,55340,petrol,trustmark dealer,manual,first owner
maruti swift dzire vdi,2017,600000,46507,diesel,trustmark dealer,manual,first owner
renault duster 85ps diesel rxl,2013,450000,1000,diesel,dealer,manual,second owner
mercedes-benz c-class progressive c 220d,2018,3800000,10000,diesel,dealer,automatic,first owner
audi a4 3.0 tdi quattro,2013,1580000,86000,diesel,dealer,automatic,first owner
bmw x5 xdrive 30d xline,2019,4950000,30000,diesel,dealer,automatic,first owner
hyundai creta 1.6 crdi sx,2016,535000,52600,diesel,individual,manual,first owner
maruti sx4 vxi bsiv,2012,225000,110000,petrol,individual,manual,second owner
hyundai grand i10 1.2 kappa magna at,2017,550000,19890,petrol,dealer,automatic,first owner
maruti swift zxi bsiv,2016,670000,7104,petrol,trustmark dealer,manual,first owner
maruti ertiga vxi,2015,625000,11918,petrol,trustmark dealer,manual,first owner
hyundai grand i10 magna at,2017,520000,10510,petrol,dealer,automatic,first owner
chevrolet beat lt option,2016,239000,41000,petrol,dealer,manual,first owner
toyota fortuner 4x2 at,2017,2600000,47162,diesel,trustmark dealer,automatic,first owner
maruti s-cross zeta ddis 200 sh,2015,750000,45974,diesel,trustmark dealer,manual,first owner
hyundai i10 magna,2012,229999,49824,petrol,dealer,manual,first owner
audi a6 2.0 tdi premium plus,2013,1300000,58500,diesel,dealer,automatic,first owner
hyundai santro gs,2005,80000,56580,petrol,dealer,manual,first owner
skoda laura ambiente 2.0 tdi cr mt,2012,385000,52000,diesel,dealer,manual,first owner
hyundai verna 1.6 vtvt sx,2015,760000,55340,petrol,trustmark dealer,manual,first owner
maruti swift dzire vdi,2017,600000,46507,diesel,trustmark dealer,manual,first owner
volkswagen jetta 2.0l tdi highline at,2012,735000,55300,diesel,dealer,automatic,first owner
tata indica vista quadrajet 90 vx,2012,285000,74300,diesel,dealer,manual,first owner
honda city vx mt,2010,350000,48781,petrol,dealer,manual,first owner
volkswagen jetta 1.9 highline tdi,2010,290000,87620,diesel,dealer,automatic,first owner
volkswagen vento 1.5 tdi highline plus at,2017,890000,40219,diesel,dealer,automatic,first owner
honda jazz vx,2011,385000,11473,petrol,dealer,manual,first owner
maruti eeco 5 seater ac bsiv,2017,425000,8352,petrol,dealer,manual,first owner
maruti wagon r vxi amt1.2bsiv,2017,525000,9745,petrol,dealer,automatic,first owner
hyundai grand i10 asta,2017,550000,9748,petrol,dealer,manual,first owner
volkswagen polo 1.0 mpi trendline,2012,271000,49000,petrol,dealer,manual,first owner
hyundai creta 1.6 crdi sx option,2018,1490000,20694,diesel,dealer,manual,first owner
hyundai grand i10 asta option,2015,490000,31080,petrol,dealer,manual,first owner
hyundai eon era plus,2014,260000,37605,petrol,dealer,manual,first owner
hyundai xcent 1.1 crdi sx option,2014,455000,55850,diesel,dealer,manual,first owner
tata nano lx bsiv,2010,75000,58850,petrol,dealer,manual,first owner
toyota etios cross 1.2l g,2015,421000,23839,petrol,dealer,manual,first owner
maruti swift ddis ldi,2016,550000,54000,diesel,dealer,manual,first owner
hyundai i10 sportz 1.2 at,2013,330000,38000,petrol,dealer,automatic,first owner
volkswagen vento 1.5 tdi comfortline,2012,390000,45454,diesel,dealer,manual,first owner
skoda rapid 1.5 tdi at ambition,2015,599000,46957,diesel,dealer,automatic,first owner
hyundai getz gle,2007,110000,60000,petrol,individual,manual,fourth & above owner
renault kwid rxt optional,2016,250000,25000,petrol,individual,manual,first owner
mahindra scorpio m2di,2012,600000,110000,diesel,individual,manual,fourth & above owner
ford endeavour xlt tdci 4x2,2008,280000,190000,diesel,individual,manual,second owner
audi q3 35 tdi quattro technology,2018,2700000,25000,diesel,individual,automatic,first owner
mahindra renault logan 1.4 glx petrol,2008,80000,90000,petrol,individual,manual,first owner
maruti alto k10 vxi,2019,350000,5000,petrol,individual,manual,first owner
maruti swift vdi bsiv,2015,475000,60000,diesel,individual,manual,first owner
audi a5 sportback,2020,4700000,1500,diesel,individual,automatic,first owner
maruti swift dzire vdi,2018,500000,50000,diesel,individual,manual,first owner
chevrolet sail hatchback 1.3 tcdi lt abs,2014,250000,120000,diesel,individual,manual,first owner
hyundai accent crdi,2005,100000,120000,diesel,individual,manual,second owner
maruti alto k10 vxi airbag,2019,350000,5000,petrol,individual,manual,first owner
bmw 7 series signature 730ld,2014,4000000,47000,diesel,individual,automatic,first owner
toyota camry 2.5 hybrid,2017,1900000,20000,petrol,individual,automatic,first owner
hyundai santro xing xg,2005,95000,120000,petrol,individual,manual,second owner
hyundai grand i10 crdi sportz,2015,409999,58000,diesel,individual,manual,first owner
mahindra xuv500 w5 bsiv,2018,1050000,35000,diesel,individual,manual,first owner
maruti alto k10 vxi,2017,320000,30000,petrol,individual,manual,first owner
mahindra xuv300 w8 option diesel bsiv,2019,1000000,10000,diesel,individual,manual,first owner
toyota innova crysta 2.4 vx mt bsiv,2017,1770000,25000,diesel,individual,manual,first owner
mahindra thar crde,2018,950000,20000,diesel,individual,manual,first owner
maruti swift dzire zdi,2018,750000,50000,diesel,individual,manual,first owner
hyundai eon magna plus,2014,220000,42000,petrol,individual,manual,first owner
tata hexa xm,2017,1000000,50000,diesel,individual,manual,first owner
honda mobilio e i dtec,2017,660000,116000,diesel,individual,manual,first owner
maruti ertiga zdi,2015,716000,100000,diesel,individual,manual,first owner
maruti ciaz zxi plus,2015,675000,66000,petrol,individual,manual,first owner
mahindra scorpio lx,2010,385000,110000,diesel,individual,manual,third owner
fiat grande punto evo 1.3 dynamic,2014,325000,70000,diesel,individual,manual,first owner
hyundai creta 1.6 crdi sx option,2015,950000,60000,diesel,individual,manual,first owner
ford endeavour hurricane limited edition,2007,400000,110000,diesel,individual,automatic,fourth & above owner
tata indica vista tdi ls,2014,250000,25000,diesel,individual,manual,first owner
land rover discovery s 2.0 sd4,2018,4000000,68000,petrol,individual,automatic,first owner
maruti alto 800 lxi,2014,210000,20000,petrol,individual,manual,first owner
hyundai i10 era 1.1 itech se,2011,147000,110000,petrol,individual,manual,second owner
maruti vitara brezza vdi option,2018,725000,26350,diesel,individual,manual,first owner
mahindra scorpio sle bsiv,2012,550000,90000,diesel,individual,manual,first owner
hyundai i20 sportz option 1.2,2016,475000,25000,petrol,individual,manual,first owner
hyundai santro xing gls,2014,250000,50000,petrol,individual,manual,second owner
tata indica lsi,2006,70000,60000,petrol,individual,manual,second owner
hyundai eon era plus,2012,160000,70000,petrol,individual,manual,third owner
ford endeavour 3.0l 4x4 at,2011,1000000,90000,diesel,individual,automatic,second owner
hyundai santro le zipplus,2001,68000,70000,petrol,individual,manual,first owner
hyundai grand i10 1.2 kappa asta,2017,500000,26500,petrol,individual,manual,first owner
tata indigo cr4,2013,170000,60000,diesel,individual,manual,first owner
mahindra scorpio s11 bsiv,2018,1300000,35000,diesel,individual,manual,first owner
hyundai creta 1.4 ex diesel,2020,1050000,10000,diesel,individual,manual,first owner
maruti ritz lxi,2009,300000,15000,petrol,individual,manual,first owner
hyundai i20 magna 1.2,2016,600000,25000,petrol,individual,manual,first owner
hyundai verna crdi 1.6 sx,2017,900000,50000,diesel,individual,manual,first owner
hyundai grand i10 1.2 kappa sportz bsiv,2019,550000,25000,petrol,individual,manual,first owner
maruti alto lx,2007,100000,52000,petrol,individual,manual,second owner
honda brio 1.2 s mt,2017,400000,15000,petrol,individual,manual,first owner
tata nano lx,2011,120000,20000,petrol,individual,manual,first owner
hyundai i20 asta 1.4 crdi,2013,300000,90000,diesel,individual,manual,first owner
tata indigo lx,2011,140000,60000,diesel,individual,manual,second owner
skoda rapid 1.6 mpi ambition with alloy wheel,2015,640000,23000,petrol,individual,manual,first owner
maruti alto k10 vxi,2018,380000,22155,petrol,individual,manual,first owner
tata nano lx,2011,120000,20000,petrol,individual,manual,first owner
maruti ciaz 1.4 delta,2018,650000,70000,petrol,individual,manual,first owner
maruti alto lx,2009,150000,60000,petrol,individual,manual,second owner
ford figo aspire 1.2 ti-vct trend,2018,550000,35000,petrol,individual,manual,first owner
mahindra xuv500 w8 4wd,2012,650000,71042,diesel,dealer,manual,first owner
mitsubishi pajero sport 4x4,2012,1025000,167870,diesel,dealer,manual,second owner
ford fiesta 1.5 tdci titanium,2011,195000,133564,diesel,dealer,manual,first owner
mercedes-benz c-class progressive c 220d,2018,3800000,10000,diesel,dealer,automatic,first owner
bmw 3 series 320d sport,2013,1490000,40000,diesel,dealer,automatic,first owner
bmw x5 xdrive 30d xline,2019,4950000,30000,diesel,dealer,automatic,first owner
honda city i-vtec cvt zx,2018,1140000,23038,petrol,trustmark dealer,automatic,first owner
chevrolet beat diesel ls,2011,95000,70000,diesel,individual,manual,first owner
bmw 3 series gt luxury line,2017,3050000,30000,diesel,individual,automatic,first owner
hyundai grand i10 1.2 kappa magna at,2017,550000,19890,petrol,dealer,automatic,first owner
maruti ertiga vxi,2015,625000,11918,petrol,trustmark dealer,manual,first owner
hyundai grand i10 magna at,2017,520000,10510,petrol,dealer,automatic,first owner
chevrolet beat lt option,2016,239000,41000,petrol,dealer,manual,first owner
toyota fortuner 4x2 at,2017,2600000,47162,diesel,trustmark dealer,automatic,first owner
hyundai i10 magna,2012,229999,49824,petrol,dealer,manual,first owner
audi a6 2.0 tdi premium plus,2013,1300000,58500,diesel,dealer,automatic,first owner
maruti baleno delta 1.2,2017,585000,43608,petrol,trustmark dealer,manual,first owner
maruti baleno alpha cvt,2018,825000,11212,petrol,trustmark dealer,automatic,first owner
hyundai i20 1.4 magna executive,2013,280000,52000,diesel,dealer,manual,first owner
maruti baleno zeta,2016,725000,49217,petrol,trustmark dealer,manual,first owner
mahindra verito 1.5 d4 bsiv,2015,300000,90000,diesel,individual,manual,first owner
hyundai xcent 1.2 kappa s,2015,375000,70000,petrol,individual,manual,first owner
honda city vtec,2003,310000,90000,petrol,individual,manual,fourth & above owner
maruti swift dzire vdi,2011,375000,190000,diesel,individual,manual,third owner
ford endeavour 3.2 titanium at 4x4,2016,1950000,106000,diesel,individual,automatic,first owner
tata xenon xt ex 4x2,2012,400000,80000,diesel,individual,manual,second owner
nissan terrano xl plus 85 ps,2014,550000,80000,diesel,individual,manual,second owner
maruti eeco 7 seater standard bsiv,2018,270000,20000,petrol,individual,manual,first owner
maruti ertiga zdi,2012,555000,110000,diesel,individual,manual,second owner
ford ecosport 1.5 dv5 mt ambiente,2013,500000,60000,diesel,individual,manual,second owner
skoda laura elegance 1.9 tdi  at,2010,400000,130000,diesel,individual,automatic,second owner
hyundai eon 1.0 era plus,2017,280000,28838,petrol,individual,manual,first owner
tata indica gls bs iv,2008,80000,200000,petrol,individual,manual,first owner
tata indica dls,2006,55000,100000,diesel,individual,manual,first owner
maruti alto 800 lxi airbag,2014,250000,50000,petrol,individual,manual,first owner
mahindra bolero slx 2wd,2010,250000,190000,diesel,individual,manual,fourth & above owner
mahindra jeep mm 540,2007,95000,100000,diesel,individual,manual,second owner
mahindra scorpio 1.99 s10,2014,725000,135000,diesel,individual,manual,second owner
mahindra bolero power plus plus ac bsiv ps,2015,320000,50000,diesel,individual,manual,third owner
skoda octavia elegance 2.0 tdi at,2014,1200000,135000,diesel,individual,automatic,third owner
chevrolet beat diesel ls,2012,160000,50000,diesel,individual,manual,first owner
honda jazz 1.5 vx i dtec,2018,790000,19571,diesel,dealer,manual,first owner
honda city i-vtec zx,2018,1200000,29600,petrol,dealer,manual,first owner
maruti swift lxi,2011,175000,70000,petrol,individual,manual,first owner
maruti vitara brezza zdi plus amt dual tone,2018,950000,15000,diesel,individual,automatic,first owner
maruti celerio lxi mt bsiv,2019,340000,50000,petrol,individual,manual,first owner
renault captur 1.5 diesel rxt,2017,825000,13500,diesel,individual,manual,first owner
audi a4 30 tfsi technology,2018,3100000,22000,petrol,individual,automatic,first owner
honda amaze vx diesel bsiv,2018,780000,25000,diesel,dealer,manual,first owner
toyota corolla altis 1.8 vl at,2010,350000,80000,petrol,individual,automatic,third owner
honda amaze vx petrol bsiv,2018,690000,39000,petrol,dealer,manual,first owner
maruti alto 800 vxi,2016,245000,60000,petrol,individual,manual,first owner
honda amaze vx diesel bsiv,2018,790000,49000,diesel,dealer,manual,first owner
honda amaze vx i-vtec,2018,680000,48600,petrol,dealer,manual,first owner
hyundai grand i10 asta option,2017,540000,20000,petrol,individual,manual,second owner
mahindra kuv 100 mfalcon g80 k2,2016,425000,25000,petrol,individual,manual,first owner
maruti zen estilo sports,2008,140000,120000,petrol,individual,manual,first owner
maruti ertiga zdi plus,2019,1100000,30000,diesel,individual,manual,first owner
renault lodgy 85ps rxl,2015,715000,35000,diesel,individual,manual,first owner
audi a4 3.0 tdi quattro,2013,1580000,86000,diesel,dealer,automatic,first owner
audi q3 2.0 tdi quattro premium plus,2015,1750000,127643,diesel,dealer,automatic,first owner
tata zest revotron 1.2t xms,2018,400000,54000,petrol,dealer,manual,second owner
audi a6 2.0 tdi  design edition,2014,1750000,102354,diesel,dealer,automatic,first owner
audi q5 2.0 tfsi quattro premium plus,2014,1850000,62237,petrol,dealer,automatic,first owner
hyundai santro xing xl erlx euro iii,2005,114999,90000,petrol,dealer,manual,second owner
ford ecosport 1.5 tdci titanium bsiv,2018,950000,21394,diesel,dealer,manual,first owner
datsun go t petrol,2015,310000,32686,petrol,dealer,manual,first owner
mahindra jeep cj 500 di,2006,575000,1001,diesel,dealer,manual,first owner
renault pulse rxz,2017,490000,22000,diesel,dealer,manual,first owner
hyundai grand i10 magna,2017,480000,53261,petrol,dealer,manual,first owner
land rover discovery sport sd4 hse luxury,2016,3500000,53000,diesel,dealer,automatic,first owner
renault kwid 1.0 rxt optional,2018,370000,10000,petrol,dealer,manual,first owner
maruti baleno alpha 1.3,2017,835000,14000,diesel,dealer,manual,first owner
volkswagen polo 2015-2019 1.2 mpi highline,2017,650000,44000,petrol,dealer,manual,first owner
toyota etios vd,2014,670000,39895,diesel,dealer,manual,first owner
chevrolet cruze ltz at,2017,950000,73000,diesel,dealer,automatic,first owner
honda city i-vtec sv,2014,690000,17000,petrol,dealer,manual,first owner
volkswagen polo 2015-2019 1.2 mpi highline,2017,670000,18591,petrol,dealer,manual,first owner
tata nexon 1.5 revotorq xz,2017,925000,26766,diesel,dealer,manual,first owner
hyundai eon magna plus,2015,250000,30000,petrol,individual,manual,first owner
tata sumo gold ex,2016,509999,42000,diesel,individual,manual,first owner
honda city i dtec vx,2014,520000,110000,diesel,individual,manual,first owner
tata indica dle,2005,100000,100000,diesel,individual,manual,first owner
tata indica dls,2006,85000,300000,diesel,individual,manual,second owner
tata indigo lx,2009,130000,110000,diesel,individual,manual,third owner
ford ecosport 1.5 tdci titanium bsiv,2018,950000,27620,diesel,dealer,manual,first owner
ford figo aspire 1.2 ti-vct titanium plus,2015,450000,70000,petrol,individual,manual,first owner
honda city s,2012,320000,50000,petrol,individual,manual,second owner
maruti swift dzire vdi,2015,480000,50000,diesel,individual,manual,first owner
mercedes-benz new c-class c 220 cdi grand edition,2014,2490000,46000,diesel,individual,automatic,first owner
toyota innova 2.5 vx 8 str,2012,790000,82000,diesel,individual,manual,first owner
maruti omni mpi std bsiv,2016,120000,120000,petrol,individual,manual,first owner
maruti alto lxi,2006,75000,80000,petrol,individual,manual,third owner
tata indica gls bs iv,2010,99000,70000,petrol,individual,manual,first owner
maruti s-cross zeta ddis 200 sh,2018,1015000,20000,diesel,individual,manual,first owner
mahindra xylo d4 bsiv,2013,250000,200000,diesel,individual,manual,second owner
toyota innova crysta 2.5 vx bs iv,2011,520000,120000,diesel,individual,manual,first owner
hyundai verna crdi 1.6 at sx option,2018,1100000,30000,diesel,individual,automatic,first owner
toyota innova 2.5 v diesel 7-seater,2005,200000,223000,diesel,individual,manual,first owner
maruti swift dzire vdi,2016,525000,60000,diesel,individual,manual,first owner
hyundai i20 asta 1.2,2016,500000,40000,petrol,individual,manual,first owner
mahindra scorpio s2 7 seater,2016,675000,161327,diesel,individual,manual,first owner
hyundai i10 magna 1.2 itech se,2009,150000,60000,petrol,individual,manual,third owner
mahindra bolero di,2007,250000,50000,diesel,individual,manual,first owner
hyundai grand i10 1.2 kappa sportz bsiv,2018,450000,6000,petrol,individual,manual,first owner
hyundai santro xing xs,2009,150000,68000,petrol,individual,manual,second owner
chevrolet beat diesel ls,2012,200000,85000,diesel,individual,manual,first owner
mahindra scorpio vls at 2.2 mhawk,2011,525000,70000,diesel,individual,automatic,first owner
maruti esteem vx,1999,60000,35000,petrol,individual,manual,second owner
maruti swift vdi bsiii,2010,180000,100000,diesel,individual,manual,second owner
honda amaze s i-dtech,2015,475000,110000,diesel,individual,manual,first owner
mahindra scorpio vls at 2.2 mhawk,2010,380000,195000,diesel,individual,automatic,second owner
maruti alto 800 lxi,2015,285000,46000,petrol,individual,manual,second owner
maruti alto lxi bsiii,2008,91200,60000,petrol,individual,manual,second owner
datsun redigo t option,2017,250000,46000,petrol,individual,manual,first owner
hyundai grand i10 crdi sportz,2015,400000,42000,diesel,individual,manual,first owner
hyundai santro xing xg at,2006,160000,90000,petrol,individual,automatic,second owner
skoda yeti ambition 4x2,2012,650000,85000,diesel,individual,manual,second owner
hyundai verna 1.6 sx,2012,409999,120000,diesel,individual,manual,third owner
ford ecosport 1.5 dv5 mt titanium,2013,425000,72000,diesel,individual,manual,first owner
maruti wagon r lxi cng,2013,250000,71000,cng,individual,manual,second owner
maruti swift dzire vxi,2009,200000,110000,petrol,individual,manual,fourth & above owner
maruti wagon r lxi cng,2013,250000,71000,cng,individual,manual,second owner
volkswagen polo diesel trendline 1.2l,2010,130000,144000,diesel,individual,manual,fourth & above owner
maruti eeco 5 seater ac bsiv,2017,260000,30000,petrol,dealer,manual,first owner
hyundai verna sx,2007,155000,65000,petrol,dealer,manual,first owner
honda jazz 1.5 vx i dtec,2015,450000,38000,diesel,individual,manual,first owner
maruti sx4 celebration petrol,2012,220000,90000,petrol,individual,manual,second owner
hyundai i20 active s diesel,2018,650000,37000,diesel,dealer,manual,first owner
maruti alto 800 lxi,2018,285000,30000,petrol,dealer,manual,first owner
honda amaze v cvt petrol bsiv,2018,725000,26000,petrol,dealer,automatic,first owner
maruti ciaz zxi,2016,625000,30000,petrol,dealer,manual,first owner
hyundai i20 active sx petrol,2016,550000,23000,petrol,dealer,manual,first owner
hyundai i10 magna,2012,240000,40000,petrol,dealer,manual,first owner
nissan terrano xl 85 ps,2014,600000,27000,diesel,dealer,manual,first owner
tata new safari dicor 2.2 ex 4x2,2012,350000,65000,diesel,dealer,manual,first owner
hyundai eon magna plus,2015,245000,32000,petrol,dealer,manual,first owner
mahindra bolero b6,2016,600000,56000,diesel,dealer,manual,first owner
bmw x1 sdrive 20d xline,2017,2400000,30000,diesel,individual,automatic,first owner
mahindra scorpio sle bs iv,2014,620000,80000,diesel,dealer,manual,first owner
maruti swift dzire 1.2 vxi bsiv,2014,395000,52000,petrol,dealer,manual,second owner
maruti ertiga zxi,2014,635000,13250,petrol,dealer,manual,first owner
maruti alto lx,2011,180000,36000,petrol,dealer,manual,first owner
maruti swift zdi plus,2015,484999,73000,diesel,dealer,manual,second owner
maruti alto lx,2004,110000,60000,petrol,individual,manual,first owner
maruti wagon r vxi bsiii,2006,150000,60000,petrol,individual,manual,second owner
chevrolet tavera neo 2 lt l 9 str,2012,400000,110000,diesel,individual,manual,first owner
tata indica vista aura plus 1.3 quadrajet,2012,200000,70000,diesel,individual,manual,second owner
renault duster 85ps diesel rxl plus,2013,302000,60000,diesel,individual,manual,second owner
maruti swift dzire vdi bsiv,2011,215000,90000,diesel,individual,manual,fourth & above owner
maruti wagon r vxi bsiii,2004,155000,80000,petrol,individual,manual,second owner
toyota innova 2.5 g (diesel) 8 seater,2014,1000000,101000,diesel,individual,manual,second owner
mahindra bolero power plus slx,2018,550000,44000,diesel,individual,manual,first owner
maruti swift 1.3 vxi,2006,200000,45000,petrol,individual,manual,first owner
mahindra scorpio s2 7 seater,2017,750000,120000,diesel,individual,manual,first owner
maruti zen lxi,2005,90000,90000,petrol,individual,manual,second owner
maruti wagon r lxi minor,2007,80000,120000,petrol,individual,manual,second owner
hyundai eon d lite plus,2013,229999,13500,petrol,individual,manual,first owner
renault kwid 1.0 rxt optional,2017,350000,10000,petrol,individual,manual,first owner
hyundai grand i10 magna,2015,325000,25000,petrol,individual,manual,third owner
tata tigor 1.2 revotron xt,2018,450000,8500,petrol,individual,manual,first owner
maruti sx4 celebration diesel,2012,250000,120000,diesel,individual,manual,first owner
volkswagen polo diesel comfortline 1.2l,2012,225000,120000,diesel,individual,manual,first owner
maruti alto lxi,2009,150000,90246,petrol,individual,manual,third owner
maruti alto lx bsiii,2008,110000,90000,petrol,individual,manual,second owner
maruti alto lxi bsiii,2010,150000,40000,petrol,individual,manual,second owner
maruti gypsy king hard top,2000,165000,60000,petrol,individual,manual,fourth & above owner
renault duster 85ps diesel rxl,2017,610000,32000,diesel,individual,manual,second owner
tata manza club class quadrajet90 vx,2013,170000,60400,diesel,individual,manual,first owner
hyundai verna crdi,2008,150000,70950,diesel,individual,manual,second owner
hyundai i20 asta 1.4 crdi,2013,300000,90000,diesel,individual,manual,first owner
hyundai xcent 1.1 crdi base,2015,375000,72000,diesel,individual,manual,first owner
maruti swift vdi,2013,390000,90000,diesel,individual,manual,first owner
hyundai i20 active 1.2 s,2017,600000,10000,petrol,individual,manual,first owner
maruti alto 800 lxi,2014,204999,25000,petrol,individual,manual,second owner
hyundai verna crdi,2009,270000,80000,diesel,individual,manual,second owner
hyundai grand i10 sportz,2017,375000,10000,petrol,individual,manual,first owner
maruti baleno zeta,2020,700000,1100,petrol,individual,manual,first owner
maruti swift vxi deca,2017,455000,40000,petrol,individual,manual,first owner
hyundai i10 sportz 1.1l,2017,375000,10000,petrol,individual,manual,first owner
hyundai grand i10 asta,2014,341000,31491,petrol,individual,manual,first owner
maruti swift dzire vdi,2014,200000,107143,diesel,individual,manual,second owner
maruti ignis 1.2 amt delta bsiv,2017,450000,15000,petrol,individual,automatic,first owner
hyundai santro xing gl plus,2012,170000,50000,petrol,individual,manual,second owner
toyota innova crysta 2.4 vx mt 8s bsiv,2017,1900000,100000,diesel,individual,manual,first owner
mahindra bolero power plus lx,2016,500000,60000,diesel,individual,manual,first owner
maruti vitara brezza zdi plus,2016,819999,85000,diesel,individual,manual,first owner
maruti swift 1.2 dlx,2014,351000,40000,petrol,individual,manual,second owner
hyundai i10 magna 1.2 itech se,2011,195000,80000,petrol,individual,manual,second owner
maruti swift dzire vdi,2008,250000,82000,diesel,individual,manual,second owner
maruti zen estilo 1.1 vxi bsiii,2008,120000,70000,petrol,individual,manual,second owner
maruti a-star vxi,2009,180000,70000,petrol,individual,manual,third owner
mahindra kuv 100 mfalcon d75 k6,2016,430000,20000,diesel,individual,manual,first owner
tata nano cx bsiv,2012,75000,35000,petrol,individual,manual,second owner
mahindra xylo d4,2017,750000,80000,diesel,individual,manual,first owner
tata nano lx,2011,60000,40000,petrol,individual,manual,first owner
toyota innova 2.5 vx (diesel) 8 seater,2015,1500000,46412,diesel,individual,manual,first owner
mahindra bolero slx 2wd bsiii,2011,390000,150000,diesel,individual,manual,fourth & above owner
mahindra tuv 300 t4,2016,630000,50000,diesel,individual,manual,first owner
tata safari storme vx varicor 400,2018,1085000,15000,diesel,individual,manual,first owner
hyundai i10 magna 1.2 itech se,2012,190000,60000,petrol,individual,manual,second owner
maruti baleno delta automatic,2018,550000,25000,petrol,individual,automatic,first owner
maruti alto 800 lxi,2012,200000,90000,petrol,individual,manual,third owner
chevrolet spark 1.0 lt,2011,165000,60000,petrol,individual,manual,first owner
ford figo diesel celebration edition,2013,260000,65000,diesel,individual,manual,first owner
maruti alto lx,2011,151000,40000,petrol,individual,manual,first owner
maruti vitara brezza vdi,2018,780000,50000,diesel,individual,manual,first owner
tata indica vista quadrajet lx,2012,175000,80000,diesel,individual,manual,third owner
tata indica vista tdi ls,2010,170000,107500,diesel,dealer,manual,first owner
tata indica vista tdi ls,2013,210000,135000,diesel,dealer,manual,second owner
maruti alto lxi,2007,90000,43826,petrol,dealer,manual,second owner
hyundai i20 active s petrol,2016,535000,55838,petrol,dealer,manual,first owner
maruti swift vdi bsiv,2007,195000,112880,diesel,dealer,manual,first owner
tata indica vista terra quadrajet 1.3l,2011,140000,90000,diesel,individual,manual,third owner
nissan sunny xl,2012,350000,40000,petrol,individual,manual,first owner
hyundai verna 1.6 sx vtvt (o),2013,425000,66000,petrol,individual,manual,first owner
renault kwid 1.0 rxt optional,2017,300000,30300,petrol,individual,manual,first owner
volkswagen vento diesel style limited edition,2013,340000,85000,diesel,individual,manual,second owner
maruti swift dzire vxi,2009,250000,80659,petrol,dealer,manual,first owner
chevrolet aveo 1.4 ls,2008,170000,81324,petrol,dealer,manual,first owner
honda amaze s i-dtech,2013,315000,127884,diesel,dealer,manual,first owner
chevrolet beat ps,2015,200000,50000,petrol,individual,manual,first owner
chevrolet beat ps,2016,300000,25000,petrol,individual,manual,first owner
honda amaze s i-dtech,2015,300000,66755,diesel,dealer,manual,first owner
honda city e,2013,380000,123084,petrol,dealer,manual,first owner
maruti swift vxi bsiii,2009,250000,806599,petrol,dealer,manual,first owner
honda amaze s i-dtech,2013,310000,95851,diesel,dealer,manual,first owner
maruti wagon r vxi minor abs,2010,260000,50000,petrol,individual,manual,first owner
maruti omni bsiii 8-str w/ immobiliser,2008,150000,50000,petrol,individual,manual,second owner
maruti esteem vxi - bsiii,2006,85000,60000,petrol,individual,manual,second owner
maruti alto 800 lxi,2015,280000,15000,petrol,individual,manual,second owner
mahindra xylo h4 abs,2016,850000,40000,diesel,individual,manual,first owner
datsun go plus t option bsiv,2017,375000,20000,petrol,individual,manual,second owner
hyundai elantra crdi (leather option),2006,125000,120000,diesel,individual,manual,third owner
chevrolet beat diesel lt,2012,250000,110000,diesel,individual,manual,first owner
toyota corolla altis d-4d j,2014,715000,234000,diesel,individual,manual,first owner
hyundai i20 1.4 crdi era,2011,220000,70000,diesel,individual,manual,first owner
tata indica vista aqua 1.3 quadrajet,2010,110000,110000,diesel,individual,manual,second owner
hyundai verna xxi (petrol),2007,150000,84000,petrol,individual,manual,second owner
nissan sunny diesel xv,2012,300000,170000,diesel,individual,manual,first owner
datsun redigo t option,2017,220000,40000,petrol,individual,manual,first owner
maruti wagon r lx,2006,75000,96000,petrol,individual,manual,second owner
tata indigo ls,2009,100000,20000,diesel,individual,manual,first owner
ford figo aspire 1.2 ti-vct trend,2016,380000,15000,petrol,individual,manual,first owner
hyundai santro xing xk (non-ac),2007,100000,50000,petrol,individual,manual,first owner
volkswagen passat 1.8 tsi mt,2010,480000,80000,petrol,individual,manual,second owner
toyota etios gd,2012,300000,124000,diesel,individual,manual,first owner
chevrolet beat diesel ls,2013,190000,70000,diesel,individual,manual,first owner
ford figo diesel lxi,2012,190000,130000,diesel,individual,manual,second owner
ford ecosport 1.5 ti vct mt trend bsiv,2017,650000,19014,petrol,dealer,manual,first owner
toyota corolla executive (he),2009,300000,23262,petrol,dealer,manual,first owner
ford freestyle titanium diesel bsiv,2016,700000,29600,diesel,dealer,manual,first owner
hyundai i10 sportz 1.1l,2015,310000,35925,petrol,dealer,manual,first owner
maruti ignis 1.2 zeta bsiv,2018,500000,12000,petrol,individual,manual,first owner
toyota etios v,2013,415000,40771,petrol,dealer,manual,first owner
maruti celerio vxi at,2015,395000,30500,petrol,dealer,automatic,second owner
toyota etios liva 1.2 g,2014,430000,42000,petrol,dealer,manual,second owner
toyota corolla h6,2007,215000,55800,petrol,dealer,manual,second owner
renault duster rxl awd,2014,550000,66569,diesel,dealer,manual,first owner
volkswagen polo 1.5 tdi trendline,2014,415000,81358,diesel,dealer,manual,first owner
volkswagen polo 1.5 tdi comfortline,2015,450000,82695,diesel,dealer,manual,first owner
ford figo diesel exi,2014,285000,68293,diesel,dealer,manual,second owner
honda jazz vx cvt,2016,580000,32000,petrol,dealer,automatic,first owner
maruti swift dzire tour ldi,2014,300000,190621,diesel,dealer,manual,first owner
hyundai verna crdi 1.6 sx option,2018,1200000,60000,diesel,individual,manual,first owner
maruti 800 std mpfi,2006,78000,64700,petrol,individual,manual,first owner
maruti 800 ac,2002,65000,100000,petrol,individual,manual,second owner
tata zest quadrajet 1.3 75ps xe,2016,400000,88470,diesel,individual,manual,first owner
hyundai verna 1.6 crdi sx option,2016,850000,75000,diesel,individual,manual,first owner
volkswagen vento diesel highline,2013,450000,120000,diesel,individual,manual,second owner
mercedes-benz e-class e250 cdi blue efficiency,2012,2500000,35000,diesel,individual,automatic,first owner
toyota etios 1.4 vxd,2017,780000,70000,diesel,individual,manual,first owner
toyota fortuner 2.8 2wd at bsiv,2017,3200000,57000,diesel,individual,automatic,first owner
maruti alto 800 vxi,2020,350000,1000,petrol,individual,manual,first owner
mahindra quanto c6,2013,285000,120000,diesel,individual,manual,second owner
volkswagen vento 1.5 tdi highline,2015,525000,98000,diesel,dealer,manual,first owner
maruti ciaz zdi,2014,550000,90000,diesel,dealer,manual,second owner
volkswagen ameo 1.5 tdi comfortline,2018,580000,70000,diesel,individual,manual,first owner
tata nano cx se,2013,75000,25000,petrol,individual,manual,third owner
tata manza aura quadrajet,2009,185000,60000,diesel,individual,manual,third owner
maruti omni e 8 str std,2007,110000,90000,petrol,individual,manual,fourth & above owner
honda city 1.5 exi,2004,180000,200000,petrol,individual,manual,second owner
volkswagen polo diesel comfortline 1.2l,2010,350000,110000,diesel,individual,manual,second owner
chevrolet optra 1.6 ls,2005,60000,126000,petrol,individual,manual,second owner
mahindra tuv 300 t10,2018,695000,70000,diesel,individual,manual,first owner
mahindra alturas g4 4x2 at bsiv,2019,2700000,5000,diesel,individual,automatic,first owner
maruti zen estilo lx bsiii,2007,135000,74183,petrol,individual,manual,second owner
mahindra bolero power plus plus ac bsiv ps,2015,640000,70000,diesel,individual,manual,second owner
maruti alto 800 vxi,2014,160000,90000,petrol,individual,manual,first owner
tata indica lxi,2004,80000,46000,petrol,individual,manual,second owner
maruti swift dzire vdi,2013,340000,110000,diesel,individual,manual,second owner
maruti ritz vdi,2012,110000,80000,diesel,individual,manual,second owner
tata sumo gold ex,2013,250000,90000,diesel,individual,manual,second owner
toyota innova crysta 2.4 vx mt bsiv,2017,1300000,70000,diesel,individual,manual,first owner
mahindra quanto c6,2014,250000,1,diesel,individual,manual,second owner
toyota innova 2.5 g (diesel) 8 seater bs iv,2009,450000,192000,diesel,individual,manual,first owner
maruti wagon r lx minor,2013,240000,70000,petrol,individual,manual,fourth & above owner
mahindra bolero di dx 7 seater,2007,225000,120000,diesel,individual,manual,second owner
maruti wagon r vxi optional,2015,275000,60000,petrol,individual,manual,second owner
tata sumo victa cx 7/9 str bsii,2012,320000,120000,diesel,individual,manual,second owner
maruti alto lx bsiii,2008,75000,120000,petrol,individual,manual,first owner
tata indica gls bs iv,2007,85000,50000,petrol,individual,manual,second owner
tata indica vista aqua tdi bsiii,2009,90000,120000,diesel,individual,manual,first owner
maruti wagon r lxi minor,2007,85000,80000,petrol,individual,manual,second owner
mahindra scorpio m2di,2008,350000,80000,diesel,individual,manual,second owner
skoda superb elegance 2.0 tdi cr at,2009,355000,100000,diesel,individual,automatic,second owner
maruti swift vxi,2020,619000,1500,petrol,individual,manual,first owner
jeep compass 2.0 longitude option bsiv,2018,1700000,50000,diesel,individual,manual,first owner
tata indica dl,2006,55000,100000,diesel,individual,manual,second owner
ford fiesta 1.6 zxi leather,2006,95000,83411,petrol,individual,manual,first owner
volkswagen vento diesel highline,2011,300000,120000,diesel,individual,manual,second owner
ford fiesta 1.6 zxi leather,2006,81000,83411,petrol,individual,manual,first owner
skoda superb elegance 2.0 tdi cr at,2015,1000000,80000,diesel,individual,automatic,second owner
maruti ertiga vdi,2019,925000,50000,diesel,individual,manual,first owner
mahindra bolero power plus plus ac bsiv ps,2015,450000,40000,diesel,individual,manual,first owner
mahindra scorpio ex,2014,600000,13270,diesel,individual,manual,first owner
hyundai santro xing xl at erlx euro iii,2006,85000,100000,petrol,individual,automatic,third owner
mahindra thar di 4x4 ps,2016,700000,50000,diesel,individual,manual,first owner
hyundai grand i10 1.2 kappa magna bsiv,2017,486000,26500,petrol,individual,manual,first owner
maruti swift vdi,2013,400000,90000,diesel,individual,manual,first owner
ford fiesta 1.4 duratec zxi,2008,120000,100000,petrol,individual,manual,third owner
maruti alto 800 lxi,2018,275000,35000,petrol,individual,manual,first owner
hyundai i20 asta option 1.4 crdi,2016,580000,57000,diesel,individual,manual,first owner
maruti swift dzire lxi,2015,375000,70000,petrol,individual,manual,first owner
maruti wagon r vxi bs iv with abs,2015,229999,100000,petrol,individual,manual,third owner
maruti alto lx,2010,110000,88000,petrol,individual,manual,second owner
maruti swift dzire vdi,2017,600000,60000,diesel,individual,manual,first owner
maruti a-star vxi,2009,120000,76000,petrol,individual,manual,second owner
ford figo diesel titanium,2010,200000,100000,diesel,individual,manual,second owner
hyundai verna 1.6 sx crdi (o),2012,450000,110000,diesel,individual,manual,second owner
hyundai verna 1.6 sx crdi (o),2012,550000,80000,diesel,individual,manual,second owner
maruti alto lx,2012,220000,80000,petrol,individual,manual,second owner
maruti 800 ex,2001,40000,30000,petrol,individual,manual,first owner
renault kwid climber 1.0 amt,2017,300000,20000,petrol,individual,automatic,first owner
mahindra bolero power plus sle,2018,630000,40000,diesel,individual,manual,first owner
maruti swift dzire vdi,2017,610000,40000,diesel,individual,manual,second owner
hyundai xcent 1.2 vtvt s,2019,660000,7000,petrol,individual,manual,second owner
maruti wagon r lxi lpg bsiv,2012,220000,80000,lpg,individual,manual,second owner
nissan micra diesel xv premium,2011,138000,90000,diesel,individual,manual,second owner
nissan micra diesel xv premium,2013,210000,13770,diesel,individual,manual,first owner
maruti zen lxi - bs iii,2005,125000,34000,petrol,dealer,manual,first owner
maruti alto lxi bsiii,2008,125000,102000,petrol,dealer,manual,first owner
honda city i dtec sv,2014,725000,110000,diesel,individual,manual,first owner
maruti alto k10 2010-2014 vxi,2011,170000,90000,petrol,individual,manual,second owner
toyota innova 2.5 vx (diesel) 7 seater,2015,1200000,70000,diesel,individual,manual,third owner
maruti wagon r vxi bsiii,2003,70000,90000,petrol,individual,manual,second owner
maruti alto lxi,2007,100000,70000,petrol,individual,manual,second owner
honda civic 1.8 (e) mt,2006,300000,80000,petrol,individual,manual,second owner
maruti swift vdi,2013,450000,100000,diesel,individual,manual,second owner
maruti swift dzire vdi,2015,530000,100000,diesel,individual,manual,first owner
maruti zen estilo 1.1 lxi bsiii,2007,100000,143000,petrol,individual,manual,third owner
honda city 1.5 v mt,2010,350000,115000,petrol,individual,manual,second owner
tata manza elan quadrajet bs iv,2011,165000,100000,diesel,individual,manual,second owner
maruti swift dzire zdi,2019,475000,120000,diesel,individual,manual,second owner
mahindra xylo e4 abs bs iv,2013,350000,42000,diesel,individual,manual,first owner
renault kwid rxl,2016,229999,38000,petrol,individual,manual,first owner
honda wr-v i-dtec vx,2018,800000,35000,diesel,individual,manual,first owner
maruti swift dzire zdi,2014,475000,120000,diesel,individual,manual,second owner
nissan terrano xl 110 ps,2014,425000,136906,diesel,individual,manual,first owner
maruti ciaz vdi plus,2015,660000,97000,diesel,individual,manual,second owner
honda amaze s cvt petrol,2019,610000,10000,petrol,individual,automatic,first owner
honda brio s mt,2013,240000,50000,petrol,individual,manual,third owner
maruti esteem lxi,2005,70000,60000,petrol,individual,manual,second owner
toyota corolla altis diesel d4dgl,2011,550000,120000,diesel,individual,manual,first owner
tata indica vista aura 1.2 safire,2010,100000,120000,petrol,individual,manual,second owner
mahindra bolero sle,2010,350000,90000,diesel,individual,manual,second owner
hyundai eon era plus,2013,200000,120000,petrol,individual,manual,first owner
hyundai elite i20 asta option cvt bsiv,2019,720000,3000,petrol,individual,automatic,first owner
maruti ritz vdi,2014,350000,133000,diesel,individual,manual,first owner
maruti wagon r vxi bs iv,2016,400000,25000,petrol,individual,manual,first owner
hyundai i20 active 1.2 s,2017,570000,35000,petrol,individual,manual,first owner
maruti omni mpi std bsiv,2015,130000,70000,petrol,individual,manual,first owner
maruti alto 800 lxi,2016,210000,52000,petrol,individual,manual,first owner
hyundai creta 1.4 e plus,2018,800000,52000,diesel,individual,manual,first owner
honda jazz 1.5 e i dtec,2017,700000,39000,diesel,individual,manual,first owner
tata indica vista quadrajet vx,2011,200000,28689,diesel,individual,manual,first owner
tata aria pure lx 4x2,2014,495000,90000,diesel,individual,manual,second owner
ford fiesta classic 1.4 duratorq clxi,2014,325000,80322,diesel,dealer,manual,first owner
ford freestyle trend petrol bsiv,2019,650000,8000,petrol,individual,manual,first owner
mahindra jeep mm 775 xdb,2000,155000,50000,diesel,individual,manual,second owner
maruti 800 ac bsiii,2007,75000,90000,petrol,individual,manual,second owner
hyundai grand i10 1.2 crdi magna,2015,350000,61658,diesel,dealer,manual,first owner
maruti zen estilo lx bsiv,2010,90000,50000,petrol,individual,manual,third owner
maruti ertiga shvs vdi,2016,600000,80000,diesel,individual,manual,first owner
mahindra scorpio sle bsiii,2010,400000,185000,diesel,individual,manual,first owner
maruti swift vdi bsiv,2014,370000,57000,diesel,individual,manual,second owner
maruti 800 dx,2000,50000,60000,petrol,individual,manual,first owner
honda city 1.5 gxi,2004,125000,120000,petrol,individual,manual,second owner
honda cr-v diesel 4wd,2018,1800000,26000,diesel,individual,automatic,first owner
hyundai grand i10 1.2 kappa magna at,2019,650000,20000,petrol,individual,automatic,first owner
maruti ertiga bsiv vxi at,2017,800000,30600,petrol,individual,automatic,first owner
volkswagen polo 1.0 tsi highline plus,2020,802000,5000,petrol,individual,manual,first owner
audi a4 35 tdi premium,2015,2300000,35000,diesel,individual,automatic,third owner
hyundai xcent 1.1 crdi sx,2016,430000,35000,diesel,individual,manual,first owner
hyundai verna 1.6 sx vtvt,2017,650000,23000,petrol,individual,manual,first owner
mahindra scorpio 2.6 slx turbo 7 seater,2004,170000,120000,diesel,individual,manual,first owner
skoda superb elegance 2.0 tdi cr at,2011,450000,235000,diesel,individual,automatic,first owner
maruti alto 800 lxi,2013,250000,87000,petrol,individual,manual,first owner
ford ecosport 1.0 ecoboost titanium,2014,550000,72000,petrol,individual,manual,second owner
jaguar xf 3.0 litre s premium luxury,2013,2000000,64000,diesel,individual,automatic,second owner
maruti zen estilo vxi bsiii,2007,140000,100000,petrol,individual,manual,second owner
chevrolet beat lt,2012,155000,12000,petrol,individual,manual,first owner
hyundai accent executive,2010,120000,67000,petrol,individual,manual,third owner
toyota innova 2.5 e 8 str,2012,287000,70000,diesel,individual,manual,first owner
maruti baleno alpha 1.3,2016,675000,60000,diesel,individual,manual,first owner
hyundai i10 magna 1.2 itech se,2011,235000,74500,petrol,individual,manual,second owner
hyundai i20 1.4 crdi asta,2011,300000,118700,diesel,individual,manual,second owner
nissan micra xl cvt,2015,434999,40000,petrol,individual,automatic,second owner
mahindra scorpio vlx at 2wd bsiii,2004,225000,223660,diesel,individual,automatic,third owner
toyota corolla ae,2006,160000,140000,petrol,individual,manual,second owner
hyundai grand i10 nios sportz,2020,600000,5000,petrol,individual,manual,first owner
chevrolet tavera neo 3 lt 9 seats bsiii,2016,470000,100000,diesel,individual,manual,second owner
maruti swift dzire vxi,2011,300000,100000,petrol,individual,manual,second owner
maruti baleno delta 1.2,2018,600000,2000,petrol,individual,manual,first owner
hyundai grand i10 nios amt magna,2020,640000,4000,petrol,individual,automatic,first owner
tata indica dls,2006,50000,120000,diesel,individual,manual,fourth & above owner
hyundai verna 1.6 vtvt s,2015,600000,35000,petrol,individual,manual,first owner
hyundai i10 magna lpg,2014,290000,29000,lpg,individual,manual,first owner
hyundai verna 1.6 vtvt s,2015,600000,30000,petrol,individual,manual,first owner
tata manza aqua quadrajet bs iv,2012,190000,120000,diesel,individual,manual,first owner
hyundai i10 era 1.1,2008,160000,110000,petrol,individual,manual,third owner
maruti alto k10 vxi,2017,325000,15000,petrol,individual,manual,first owner
mahindra bolero di,2006,200000,73756,diesel,individual,manual,first owner
toyota fortuner 2.8 2wd at bsiv,2018,2800000,40000,diesel,individual,automatic,first owner
chevrolet spark 1.0 ls,2011,125000,60000,petrol,individual,manual,third owner
hyundai i10 magna 1.1,2008,155000,60000,petrol,individual,manual,fourth & above owner
hyundai i20 asta 1.4 crdi,2015,550000,90000,diesel,individual,manual,first owner
maruti wagon r lx bsiii,2009,130000,70000,petrol,individual,manual,fourth & above owner
maruti 800 ac,2002,80000,70000,petrol,individual,manual,second owner
toyota etios cross 1.4l gd,2015,500000,80000,diesel,individual,manual,second owner
renault kwid rxt bsiv,2019,250000,27000,petrol,individual,manual,first owner
mahindra xuv500 w8 2wd,2012,580000,70000,diesel,individual,manual,first owner
daewoo matiz sd,2002,60000,50000,petrol,individual,manual,first owner
toyota etios gd,2012,300000,185000,diesel,individual,manual,first owner
ford figo diesel titanium,2014,200000,90000,diesel,individual,manual,second owner
tata hexa xt,2017,1200000,16400,diesel,individual,manual,first owner
toyota etios cross 1.4l gd,2015,350000,80000,diesel,individual,manual,second owner
mahindra xuv500 w8 4wd,2012,600000,80000,diesel,individual,manual,second owner
honda jazz v,2019,650000,4000,petrol,individual,manual,first owner
maruti a-star lxi,2008,120000,40000,petrol,individual,manual,first owner
tata new safari dicor 2.2 ex 4x2,2010,180000,120000,diesel,individual,manual,second owner
hyundai verna vtvt 1.6 at sx option,2018,950000,41395,petrol,individual,automatic,first owner
tata manza aura quadrajet bs iv,2012,250999,35000,diesel,individual,manual,second owner
skoda laura ambiente 2.0 tdi cr mt,2012,385000,52000,diesel,dealer,manual,first owner
audi a8 l 3.0 tdi quattro,2009,1250000,47000,diesel,dealer,automatic,second owner
chevrolet beat lt,2013,165000,50000,petrol,individual,manual,first owner
hyundai elantra sx,2015,700000,48000,petrol,dealer,manual,first owner
mahindra xuv500 w8 4wd,2015,750000,53000,diesel,dealer,manual,first owner
mahindra renault logan 1.5 dls,2008,89999,213000,diesel,individual,manual,first owner
datsun redi-go amt 1.0 t option,2018,290000,15000,petrol,dealer,automatic,first owner
tata nano cx bsiii,2014,45000,7000,petrol,individual,manual,second owner
skoda superb ambition 2.0 tdi cr at,2013,675000,88000,diesel,dealer,automatic,first owner
nissan terrano xl plus 85 ps,2015,530000,55000,diesel,dealer,manual,first owner
bmw x1 sdrive20d m sport,2014,1485000,48000,diesel,dealer,automatic,first owner
chevrolet enjoy tcdi lt 7 seater,2014,325000,71014,diesel,dealer,manual,first owner
honda amaze s diesel,2015,400000,60000,diesel,dealer,manual,first owner
mahindra kuv 100 d75 k6 plus,2017,380000,71000,diesel,dealer,manual,first owner
honda city i-vtec cvt vx,2016,750000,45000,petrol,dealer,automatic,first owner
honda brio vx,2017,390000,45000,petrol,dealer,manual,first owner
maruti alto lxi,2009,110000,20000,petrol,individual,manual,first owner
mg hector sharp diesel mt bsiv,2019,1825000,14000,diesel,dealer,manual,first owner
audi a4 35 tdi premium plus,2019,3256000,17000,diesel,dealer,automatic,first owner
renault scala diesel rxl,2015,370000,60000,diesel,dealer,manual,first owner
chevrolet beat diesel lt,2013,210000,80000,diesel,individual,manual,second owner
skoda laura ambiente 1.9 pd,2007,175000,181000,diesel,individual,manual,fourth & above owner
hyundai verna 1.6 sx crdi (o),2012,575000,89550,diesel,individual,manual,second owner
mahindra xylo d4,2010,320000,90000,diesel,individual,manual,third owner
maruti swift ldi bsiv,2010,280000,149500,diesel,individual,manual,third owner
renault duster 85ps diesel rxl optional,2013,500000,190000,diesel,individual,manual,second owner
ford fiesta diesel style,2013,380000,83000,diesel,dealer,manual,first owner
maruti 800 ac bsiii,2005,120000,20000,petrol,individual,manual,second owner
maruti eeco 5 seater ac bsiv,2018,395000,20000,petrol,individual,manual,first owner
skoda laura 1.9 tdi mt ambiente,2010,360000,160000,diesel,individual,manual,first owner
nissan terrano xl plus 85 ps,2015,451000,100000,diesel,individual,manual,first owner
chevrolet spark 1.0 ls,2010,175000,45000,petrol,individual,manual,second owner
chevrolet spark 1.0 ls,2009,170000,44800,petrol,individual,manual,second owner
hyundai santro xing xl erlx euro iii,2006,100000,40000,petrol,individual,manual,second owner
maruti omni mpi std bsiv,2014,150000,120000,petrol,individual,manual,third owner
tata indica vista quadrajet lx,2011,149000,10000,diesel,individual,manual,second owner
tata indica vista aqua 1.3 quadrajet,2011,160000,80000,diesel,individual,manual,second owner
datsun go plus t option petrol,2018,434999,10000,petrol,individual,manual,first owner
mahindra xuv500 w8 4wd,2014,800000,156000,diesel,individual,manual,first owner
toyota innova 2.5 vx (diesel) 7 seater bs iv,2010,819999,120000,diesel,individual,manual,second owner
maruti baleno vxi,2007,163000,100000,petrol,individual,manual,second owner
mercedes-benz e-class 220 cdi,2001,350000,100000,diesel,individual,manual,second owner
tata indica gls bs iv,2006,75000,100000,petrol,individual,manual,second owner
maruti alto lxi,2012,180000,60000,petrol,individual,manual,second owner
ford figo aspire 1.5 tdci trend,2017,675000,30000,diesel,individual,manual,first owner
maruti swift vdi,2013,400000,170000,diesel,individual,manual,first owner
volkswagen polo diesel highline 1.2l,2013,434999,100000,diesel,individual,manual,second owner
tata indigo glx,2006,100000,110000,petrol,individual,manual,second owner
maruti swift dzire ldi optional,2015,419000,170000,diesel,individual,manual,second owner
tata indica gls bs iv,2009,200000,100000,petrol,individual,manual,first owner
renault scala diesel rxl,2014,400000,35000,diesel,individual,manual,first owner
ford ecosport 1.5 diesel ambiente bsiv,2018,790000,40000,diesel,individual,manual,second owner
renault duster 85ps diesel rxl plus,2015,500000,90000,diesel,individual,manual,second owner
skoda rapid 1.6 tdi elegance,2012,275000,120000,diesel,individual,manual,second owner
hyundai i20 1.4 crdi sportz,2012,450000,120000,diesel,individual,manual,second owner
mahindra xuv500 w11 option awd,2020,1400000,25000,diesel,dealer,manual,first owner
renault duster 110ps diesel rxl,2015,800000,15000,diesel,individual,manual,first owner
maruti wagon r vxi,2014,315000,41000,petrol,dealer,manual,first owner
maruti baleno alpha,2019,700000,16000,petrol,individual,manual,first owner
mahindra bolero slx,2016,585000,51000,diesel,dealer,manual,first owner
chevrolet sail 1.2 lt abs,2014,350000,30000,petrol,individual,manual,first owner
honda city i-dtec sv,2014,495000,80000,diesel,dealer,manual,first owner
hyundai grand i10 1.2 kappa asta,2017,500000,50000,petrol,individual,manual,first owner
hyundai grand i10 1.2 kappa sportz option,2013,345000,44000,petrol,dealer,manual,first owner
maruti baleno sigma 1.2,2015,500000,10000,petrol,individual,manual,first owner
maruti wagon r vxi,2016,360000,33000,petrol,dealer,manual,first owner
maruti alto lxi bsiii,2010,210000,25000,petrol,individual,manual,first owner
maruti alto k10 lxi,2014,220000,66000,petrol,dealer,manual,first owner
chevrolet aveo 1.4 lt bsiv,2009,250000,48000,petrol,individual,manual,first owner
toyota innova 2.5 g (diesel) 8 seater,2016,990000,146000,diesel,dealer,manual,first owner
mahindra quanto c4,2013,220000,100000,diesel,individual,manual,fourth & above owner
jaguar xf 3.0 litre s premium luxury,2012,1800000,50000,diesel,individual,automatic,second owner
honda city i vtec v,2014,530000,50000,petrol,individual,manual,first owner
maruti baleno alpha 1.3,2016,575000,50000,diesel,individual,manual,first owner
mahindra xylo e4,2012,400000,99000,diesel,dealer,manual,first owner
honda mobilio s i dtec,2016,680000,50000,diesel,individual,manual,first owner
hyundai santa fe 4wd at,2014,1000000,80000,diesel,individual,automatic,first owner
maruti alto 800 lxi,2016,260000,45000,petrol,individual,manual,second owner
tata manza aura (abs) safire bs iv,2010,150000,50000,petrol,individual,manual,second owner
maruti alto lxi bsiii,2008,180000,70000,petrol,individual,manual,third owner
force one ex,2014,346000,37516,diesel,individual,manual,first owner
mahindra xylo d2 bs iv,2015,450000,20000,diesel,individual,manual,first owner
hyundai grand i10 1.2 kappa sportz bsiv,2019,500000,5000,petrol,individual,manual,first owner
hyundai grand i10 1.2 crdi asta,2019,700000,8000,diesel,individual,manual,first owner
maruti alto 800 lxi,2019,280000,25880,petrol,individual,manual,first owner
hyundai santro magna amt bsiv,2019,475000,10000,petrol,individual,automatic,first owner
maruti swift dzire vdi,2009,300000,50000,diesel,individual,manual,first owner
maruti alto k10 lxi,2014,200999,40000,petrol,individual,manual,first owner
skoda laura 1.9 tdi mt ambiente,2009,200000,100000,diesel,individual,manual,third owner
chevrolet aveo u-va 1.2 ls,2009,210000,80000,petrol,individual,manual,second owner
tata indigo ls bsii,2012,160000,110000,diesel,individual,manual,first owner
hyundai verna crdi sx abs,2009,175000,136000,diesel,individual,manual,second owner
tata new safari dicor 2.2 gx 4x2 bs iv,2012,320000,80000,diesel,individual,manual,first owner
maruti alto lxi,2009,110000,50000,petrol,individual,manual,second owner
maruti wagon r lxi minor,2008,300000,30000,petrol,individual,manual,first owner
honda city v mt,2012,700000,10000,petrol,individual,manual,first owner
tata indica vista aura 1.3 quadrajet,2009,135000,90000,diesel,individual,manual,fourth & above owner
mahindra bolero power plus plus non ac bsiv ps,2015,500000,110000,diesel,individual,manual,first owner
mahindra scorpio vlx 2wd airbag bsiv,2012,550000,120000,diesel,individual,manual,second owner
toyota innova 2.5 z diesel 7 seater bs iv,2014,1050000,90000,diesel,individual,manual,third owner
honda city i vtec v,2016,500000,20000,petrol,individual,manual,first owner
maruti ritz vdi,2011,180000,90000,diesel,individual,manual,second owner
hyundai santro xing gls,2010,170000,50000,petrol,individual,manual,second owner
honda brio 1.2 s option mt,2019,484999,9000,petrol,individual,manual,first owner
maruti a-star vxi,2011,150000,70000,petrol,individual,manual,second owner
maruti alto k10 vxi airbag,2018,380000,25000,petrol,individual,manual,first owner
hyundai santro sportz bsiv,2019,480000,10000,petrol,individual,manual,first owner
tata indica vista aura 1.3 quadrajet,2009,135000,90000,diesel,individual,manual,fourth & above owner
volkswagen polo diesel highline 1.2l,2011,290000,60000,diesel,individual,manual,second owner
fiat linea dynamic,2013,350000,70000,petrol,individual,manual,first owner
maruti alto 800 lxi,2014,110000,25000,petrol,individual,manual,first owner
hyundai santro le zipplus,2003,70000,80000,petrol,individual,manual,third owner
volkswagen vento petrol highline at,2011,300000,70000,petrol,individual,automatic,third owner
maruti alto 800 lx,2017,180000,60000,petrol,individual,manual,first owner
renault kwid rxl,2020,300000,20000,petrol,individual,manual,first owner
maruti baleno delta 1.2,2017,509000,60000,petrol,individual,manual,first owner
maruti sx4 s cross ddis 320 zeta,2016,650000,80000,diesel,individual,manual,first owner
maruti swift vdi bsiv,2015,450000,70000,diesel,individual,manual,third owner
mahindra jeep classic,1999,170000,2020,diesel,individual,manual,second owner
mahindra scorpio 2.6 turbo 7 str,2007,210000,100000,diesel,individual,manual,second owner
hyundai i20 asta 1.4 crdi,2013,360000,80000,diesel,individual,manual,second owner
toyota innova 2.5 gx (diesel) 7 seater bs iv,2011,495000,120000,diesel,individual,manual,second owner
maruti alto lx,2006,105000,100000,petrol,individual,manual,third owner
hyundai i20 magna,2010,270000,60000,petrol,individual,manual,third owner
ford figo petrol lxi,2010,130000,110000,petrol,individual,manual,first owner
honda city i dtec s,2014,700000,90000,diesel,individual,manual,second owner
chevrolet cruze ltz,2012,400000,40000,diesel,individual,manual,first owner
maruti swift zxi abs,2009,250000,60000,petrol,individual,manual,second owner
honda amaze vx i-dtec,2013,325000,94000,diesel,individual,manual,second owner
maruti alto lxi,2008,69000,100000,petrol,individual,manual,first owner
mahindra scorpio s11 bsiv,2018,1380000,25000,diesel,individual,manual,first owner
maruti zen estilo vxi bsiii,2007,90000,90000,petrol,individual,manual,first owner
mahindra xuv500 w6 1.99 mhawk,2016,1000000,40000,diesel,individual,manual,first owner
hyundai accent gle cng,2010,145000,90000,cng,individual,manual,second owner
maruti alto k10 lx,2020,250000,1100,petrol,individual,manual,fourth & above owner
maruti swift vdi,2011,256000,70000,diesel,individual,manual,third owner
tata indica dls,2005,70000,120000,diesel,individual,manual,first owner
maruti wagon r vx,2000,50000,88500,petrol,individual,manual,fourth & above owner
renault kwid rxt,2016,240000,70000,petrol,individual,manual,second owner
tata indica vista aqua 1.2 safire bsiv,2010,97000,128000,petrol,individual,manual,first owner
tata indigo cr4,2012,130000,120000,diesel,individual,manual,first owner
maruti swift 1.3 vxi,2009,199000,52536,petrol,individual,manual,first owner
honda civic 1.8 s at,2006,125000,70000,petrol,individual,automatic,first owner
hyundai xcent 1.1 crdi base,2015,420000,60000,diesel,individual,manual,first owner
mahindra nuvosport n8,2016,525000,110000,diesel,individual,manual,first owner
hyundai santro xing gls,2008,125000,85000,petrol,individual,manual,first owner
hyundai verna transform crdi vgt sx abs,2010,325000,135000,diesel,individual,manual,first owner
volkswagen vento new diesel highline,2012,330000,86000,diesel,individual,manual,fourth & above owner
maruti wagon r lxi bs iv,2010,110000,50000,petrol,individual,manual,first owner
maruti s-presso vxi plus,2019,450000,1950,petrol,individual,manual,first owner
maruti swift 1.3 vxi,2005,85000,118400,petrol,individual,manual,first owner
honda civic 1.8 s mt,2007,229999,70000,petrol,individual,manual,second owner
hyundai i10 magna,2012,250000,60000,petrol,individual,manual,second owner
ford ecosport 1.5 dv5 mt titanium,2015,650000,68000,diesel,individual,manual,first owner
maruti swift dzire vdi,2017,600000,46507,diesel,trustmark dealer,manual,first owner
toyota etios liva 1.2 vx,2017,650000,6480,petrol,trustmark dealer,manual,first owner
maruti vitara brezza vdi,2017,750000,32077,diesel,trustmark dealer,manual,first owner
toyota yaris g,2018,850000,19107,petrol,trustmark dealer,manual,first owner
hyundai eon era plus option,2017,315000,18469,petrol,trustmark dealer,manual,first owner
maruti swift lxi option,2015,415000,28217,petrol,trustmark dealer,manual,first owner
maruti ciaz zdi plus,2016,640000,72787,diesel,trustmark dealer,manual,first owner
maruti ciaz 1.4 alpha,2017,780000,31063,petrol,trustmark dealer,manual,first owner
toyota fortuner 4x2 at,2017,2595000,79641,diesel,trustmark dealer,automatic,first owner
hyundai creta 1.6 crdi sx,2015,850000,58692,diesel,trustmark dealer,manual,first owner
hyundai creta 1.6 crdi sx,2015,900000,54784,diesel,trustmark dealer,manual,first owner
toyota corolla altis gl mt,2016,1150000,64156,petrol,trustmark dealer,manual,first owner
maruti esteem lxi - bsiii,2007,75000,54000,petrol,individual,manual,first owner
volkswagen vento diesel comfortline,2012,215000,97000,diesel,individual,manual,first owner
maruti sx4 zxi at,2009,130000,120000,petrol,individual,automatic,second owner
hyundai santro magna amt bsiv,2019,400000,16000,petrol,individual,automatic,first owner
maruti swift dzire amt zxi,2019,550000,60000,petrol,individual,automatic,first owner
chevrolet beat lt,2016,245000,52000,petrol,dealer,manual,first owner
maruti swift vdi bsiv,2010,320000,110000,diesel,individual,manual,fourth & above owner
mahindra tuv 300 t8 amt,2016,730000,60000,diesel,individual,automatic,second owner
ford fusion 1.6 duratec petrol,2005,120000,100000,petrol,individual,manual,third owner
honda city i-vtec vx,2017,950000,35000,petrol,individual,manual,first owner
maruti wagon r vxi bs iv,2017,350000,48000,petrol,individual,manual,third owner
maruti esteem vxi,2005,100000,20000,petrol,individual,manual,second owner
maruti wagon r vxi bs iv,2017,350000,30000,petrol,individual,manual,first owner
maruti wagon r vxi bsiii,2005,80000,40000,petrol,individual,manual,second owner
hyundai verna 1.6 vtvt,2013,370000,60000,petrol,individual,manual,first owner
hyundai eon d lite plus,2012,160000,70000,petrol,individual,manual,second owner
tata sumo victa ex 7/9 str bsii,2009,130000,120000,diesel,individual,manual,first owner
chevrolet sail hatchback 1.2 ls,2016,250000,30000,petrol,individual,manual,first owner
tata new safari dicor 2.2 gx 4x2 bs iv,2012,270000,80000,diesel,individual,manual,second owner
bmw x1 sdrive 20d xline,2019,2600000,9500,diesel,individual,automatic,first owner
hyundai eon era plus,2013,160000,80000,petrol,individual,manual,first owner
hyundai eon magna plus,2016,229999,80000,petrol,individual,manual,first owner
mahindra bolero power plus zlx,2017,750000,29000,diesel,individual,manual,first owner
chevrolet optra magnum 2.0 ls,2011,195000,120000,diesel,individual,manual,first owner
toyota etios cross 1.2l g,2015,320000,60000,petrol,individual,manual,first owner
mahindra scorpio s7 140 bsiv,2018,1100000,20000,diesel,individual,manual,first owner
datsun redigo s,2016,270000,22000,petrol,individual,manual,first owner
skoda fabia 1.2 mpi ambition plus,2012,300000,50000,petrol,individual,manual,first owner
chevrolet beat diesel lt,2012,200000,50000,diesel,individual,manual,first owner
maruti zen estilo 1.1 lxi bsiii,2007,120000,81366,petrol,individual,manual,first owner
maruti esteem vxi - bsiii,2006,95000,110000,petrol,individual,manual,first owner
volkswagen polo petrol comfortline 1.2l,2013,400000,100000,petrol,individual,manual,first owner
toyota innova 2.5 g (diesel) 8 seater bs iv,2006,229999,300000,diesel,individual,manual,first owner
mahindra kuv 100 mfalcon d75 k6,2016,430000,20000,diesel,individual,manual,first owner
renault fluence 1.5,2012,300000,90000,diesel,individual,manual,first owner
fiat linea dynamic,2013,350000,70000,petrol,individual,manual,first owner
renault duster 110ps diesel rxz,2013,450000,120000,diesel,individual,manual,first owner
renault kwid rxt,2016,200000,53000,petrol,individual,manual,second owner
maruti alto 800 lxi,2017,250000,30000,petrol,individual,manual,first owner
maruti swift dzire 1.2 vxi bsiv,2012,368000,90000,petrol,individual,manual,second owner
maruti swift dzire 1.2 vxi bsiv,2012,368000,90000,petrol,individual,manual,second owner
toyota innova 2.5 gx (diesel) 7 seater,2014,650000,244000,diesel,individual,manual,first owner
mahindra jeep cl 500 mdi,1997,150000,120000,diesel,individual,manual,third owner
maruti wagon r lxi duo bs iv,2012,180000,60000,lpg,individual,manual,first owner
hyundai grand i10 1.2 kappa sportz option,2017,525000,15000,petrol,individual,manual,first owner
ford endeavour 4x4 xlt,2005,350000,150000,diesel,individual,manual,second owner
mahindra tuv 300 plus p4,2018,850000,30000,diesel,individual,manual,second owner
volkswagen jetta 2.0 tdi comfortline,2011,350000,312000,diesel,individual,manual,third owner
maruti esteem lxi - bsiii,2007,75000,54000,petrol,individual,manual,first owner
maruti swift 1.3 vxi,2005,160000,67000,petrol,individual,manual,first owner
maruti swift ldi optional,2017,500000,40000,diesel,individual,manual,first owner
hyundai santro xing gls,2008,130000,100000,petrol,individual,manual,first owner
tata zest quadrajet 1.3 75ps xe,2015,350000,100000,diesel,individual,manual,second owner
maruti wagon r lxi,2005,70000,80000,petrol,individual,manual,first owner
toyota innova 2.5 g (diesel) 7 seater,2014,750000,145000,diesel,individual,manual,second owner
honda amaze vx i-dtec,2013,450000,53000,diesel,individual,manual,first owner
maruti swift dzire ldi,2015,430000,73000,diesel,individual,manual,third owner
maruti sx4 vdi,2011,260000,90000,diesel,individual,manual,third owner
maruti swift vdi,2013,370000,80000,diesel,individual,manual,third owner
chevrolet aveo 1.4 cng,2011,229999,100000,cng,individual,manual,first owner
ford figo diesel exi,2011,140000,90000,diesel,individual,manual,third owner
toyota innova 2.5 g (diesel) 7 seater,2013,700000,200000,diesel,individual,manual,first owner
hyundai elite i20 magna plus bsiv,2020,545000,7300,petrol,individual,manual,first owner
datsun redigo t option,2017,200000,30000,petrol,individual,manual,first owner
tata safari storme vx,2015,500000,120000,diesel,individual,manual,first owner
maruti alto lxi,2008,70000,90000,petrol,individual,manual,second owner
mahindra thar 4x4,2013,580000,25000,diesel,individual,manual,third owner
maruti eeco 5 str with ac plus htr cng,2012,160000,70000,cng,individual,manual,second owner
hyundai grand i10 1.2 kappa sportz bsiv,2018,450000,6000,petrol,individual,manual,first owner
maruti alto lxi,2010,160000,36000,petrol,individual,manual,first owner
maruti ertiga shvs zdi plus,2016,760000,49000,diesel,individual,manual,first owner
hyundai eon magna optional,2015,300000,22000,petrol,individual,manual,first owner
maruti omni 5 str std lpg,1998,50000,35000,lpg,individual,manual,second owner
mahindra bolero 2011-2019 slx,2019,800000,24000,diesel,individual,manual,first owner
maruti swift dzire vdi,2018,680000,20000,diesel,individual,manual,first owner
maruti 800 duo ac lpg,2009,85000,50000,lpg,individual,manual,second owner
toyota innova crysta 2.4 g mt bsiv,2016,1300000,70000,diesel,individual,manual,first owner
maruti swift vxi bsiv,2016,500000,60000,petrol,individual,manual,first owner
audi q5 2.0 tdi,2015,3500000,35000,diesel,individual,automatic,first owner
hyundai accent glx,2008,145000,60000,petrol,individual,manual,first owner
mahindra quanto c6,2013,300000,60000,diesel,individual,manual,first owner
maruti swift vdi optional,2017,600000,60000,diesel,individual,manual,second owner
maruti swift dzire vxi,2015,400000,70000,petrol,individual,manual,second owner
hyundai santro xing xk erlx euroiii,2007,130000,135000,petrol,individual,manual,second owner
maruti 800 ac bsii,2001,45000,72539,petrol,individual,manual,second owner
maruti baleno zeta 1.2,2017,641000,25000,petrol,individual,manual,first owner
maruti swift dzire vdi,2015,650000,50000,diesel,individual,manual,first owner
ford freestyle titanium diesel,2020,784000,101,diesel,dealer,manual,test drive car
ford figo titanium,2020,635000,101,petrol,dealer,manual,test drive car
ford ecosport 1.5 diesel titanium,2020,1000000,101,diesel,dealer,manual,test drive car
ford figo 1.5d titanium opt mt,2015,495000,52328,diesel,dealer,manual,first owner
hyundai santro xing gls,2013,324000,30000,petrol,individual,manual,first owner
ford endeavour 3.2 titanium at 4x4,2016,2100000,91505,diesel,dealer,automatic,first owner
maruti alto 800 lxi,2018,200000,35000,petrol,individual,manual,first owner
maruti swift dzire vdi,2015,320000,60000,diesel,individual,manual,first owner
hyundai eon magna optional,2015,300000,20500,petrol,individual,manual,first owner
tata indica vista quadrajet lx,2013,180000,200000,diesel,individual,manual,first owner
toyota innova 2.5 v diesel 8-seater,2008,500000,154000,diesel,individual,manual,third owner
toyota etios vx,2011,305000,120000,petrol,individual,manual,second owner
maruti 800 ac,2009,125000,50000,petrol,individual,manual,fourth & above owner
maruti swift dzire zdi,2015,800000,135000,diesel,individual,manual,first owner
mahindra scorpio sle bsiv,2009,420000,100000,diesel,individual,manual,first owner
maruti vitara brezza zdi plus,2017,875000,40000,diesel,individual,manual,first owner
maruti swift dzire zdi,2014,580000,70000,diesel,individual,manual,first owner
maruti swift ldi bsiv,2011,350000,133000,diesel,individual,manual,second owner
hyundai accent gls,2004,120000,110000,petrol,individual,manual,second owner
tata indica vista tdi ls,2013,150000,180000,diesel,individual,manual,third owner
renault duster 110ps diesel rxz,2013,650000,120000,diesel,individual,manual,first owner
maruti alto k10 2010-2014 vxi,2010,225000,80000,petrol,individual,manual,second owner
honda amaze s at i-vtech,2014,400000,15000,petrol,individual,automatic,first owner
hyundai getz gls,2005,250000,70000,petrol,individual,manual,first owner
hyundai santro xing gl plus,2008,120000,41723,petrol,individual,manual,second owner
maruti sx4 vxi bsiv,2010,250000,70000,petrol,individual,manual,first owner
maruti alto k10 lxi,2012,175000,20000,petrol,individual,manual,second owner
renault duster 85ps diesel rxl,2013,450000,1000,diesel,dealer,manual,second owner
maruti ignis 1.3 delta,2018,590000,26350,diesel,dealer,manual,first owner
tata indigo cs lx (tdi) bs-iii,2015,225000,68745,diesel,dealer,manual,first owner
mahindra xuv500 w6 2wd,2016,900000,47000,diesel,individual,manual,first owner
maruti alto k10 vxi ags,2017,375000,27289,petrol,dealer,automatic,first owner
hyundai eon era plus,2016,320000,24662,petrol,dealer,manual,first owner
maruti swift dzire vdi,2013,525000,37000,diesel,dealer,manual,first owner
nissan evalia xv,2014,650000,28245,diesel,dealer,manual,first owner
hyundai grand i10 1.2 crdi sportz option,2017,575000,27005,diesel,dealer,manual,first owner
hyundai i10 magna,2014,355000,39227,petrol,dealer,manual,first owner
mahindra kuv 100 d75 k4 plus 5str,2016,470000,31367,diesel,dealer,manual,first owner
maruti wagon r lxi,2008,221000,35008,petrol,dealer,manual,first owner
hyundai santro xing gls,2009,195000,27005,petrol,dealer,manual,first owner
hyundai santro xing xg,2004,90000,100005,petrol,dealer,manual,second owner
hyundai verna sx diesel,2013,580000,45264,diesel,dealer,manual,first owner
maruti eeco 7 seater standard bsiv,2014,325000,39093,petrol,dealer,manual,first owner
honda city corporate edition,2013,495000,45241,petrol,dealer,manual,first owner
hyundai eon era,2014,290000,12000,petrol,dealer,manual,first owner
datsun redigo 1.0 t option,2018,375000,2769,petrol,dealer,manual,first owner
tata indica vista tdi ls,2011,211000,43128,diesel,dealer,manual,first owner
hyundai i20 asta,2010,270000,110000,petrol,individual,manual,second owner
maruti alto lxi,2004,70000,50000,petrol,individual,manual,second owner
hyundai i10 magna 1.2,2010,225000,60000,petrol,individual,manual,second owner
mahindra scorpio lx,2014,420000,70000,diesel,individual,manual,third owner
chevrolet sail hatchback 1.2 ls,2015,280000,22255,petrol,individual,manual,first owner
hyundai i20 sportz 1.2,2013,400000,59213,petrol,individual,manual,first owner
mahindra xuv500 w6 2wd,2015,850000,55000,diesel,individual,manual,first owner
ford fiesta titanium 1.5 tdci,2011,550000,80000,diesel,individual,manual,first owner
ford fiesta titanium 1.5 tdci,2011,550000,80000,diesel,individual,manual,first owner
renault captur 1.5 diesel rxt mono,2018,1000000,40000,diesel,individual,manual,first owner
mahindra xylo d2 maxx,2014,350000,170000,diesel,individual,manual,first owner
tata new safari dicor 2.2 ex 4x2,2011,350000,170000,diesel,individual,manual,second owner
honda civic 1.8 s mt,2007,170000,70000,petrol,individual,manual,third owner
ford aspire titanium bsiv,2020,828999,1010,petrol,dealer,manual,test drive car
ford ecosport 1.5 ti vct mt titanium be bsiv,2020,1119000,1010,petrol,dealer,manual,test drive car
ford figo titanium,2020,746000,1111,petrol,dealer,manual,test drive car
ford ecosport 1.5 petrol trend,2020,1030000,1010,petrol,dealer,manual,test drive car
ford ecosport 1.5 tdci titanium plus bsiv,2020,1334000,1010,diesel,dealer,manual,test drive car
ford freestyle titanium,2020,811999,1010,petrol,dealer,manual,test drive car
ford ecosport thunder edition diesel,2020,1331000,1010,diesel,dealer,manual,test drive car
ford freestyle titanium plus,2020,852000,1010,petrol,dealer,manual,test drive car
tata indica dle,2006,45000,120000,diesel,individual,manual,second owner
renault duster 85ps diesel rxl optional,2013,430000,70000,diesel,individual,manual,third owner
tata indigo lx,2011,140000,60000,diesel,individual,manual,second owner
mahindra scorpio s2 9 seater,2015,830000,70000,diesel,individual,manual,first owner
mahindra scorpio vls 2.2 mhawk,2009,409999,110000,diesel,individual,manual,second owner
maruti swift vdi,2012,190000,80000,diesel,individual,manual,third owner
honda accord vti-l (mt),2007,200000,80000,petrol,individual,manual,second owner
hyundai accent glx,2006,120000,110000,petrol,individual,manual,second owner
mahindra bolero power plus plus ac bsiv ps,2019,850000,50000,diesel,individual,manual,first owner
tata indigo cs le (tdi) bs-iii,2011,95000,115000,diesel,individual,manual,fourth & above owner
maruti wagon r lxi bs iv,2013,213000,80000,petrol,individual,manual,first owner
volkswagen ameo 1.5 tdi highline plus 16,2018,660000,25000,diesel,individual,manual,first owner
nissan micra xl,2017,415000,48965,petrol,dealer,manual,first owner
ford ecosport 1.5 petrol titanium plus,2019,1100000,5166,petrol,dealer,manual,test drive car
mahindra xuv500 w8 4wd,2012,650000,76290,diesel,dealer,manual,first owner
mahindra xuv500 at w10 awd,2016,969999,70000,diesel,individual,automatic,second owner
mahindra xuv500 w10 2wd,2016,1250000,35000,diesel,individual,manual,first owner
maruti swift dzire amt vdi,2017,715000,25000,diesel,individual,automatic,first owner
maruti swift dzire amt vdi,2017,715000,25000,diesel,individual,automatic,first owner
maruti swift vdi,2016,565000,47000,diesel,dealer,manual,first owner
mahindra thar 4x4,2013,615000,45766,diesel,individual,manual,second owner
tata new safari 4x4,2007,199000,78771,diesel,dealer,manual,second owner
maruti swift vdi bsiii,2010,325000,79357,diesel,dealer,manual,first owner
ford figo diesel exi,2012,409999,28000,diesel,individual,manual,first owner
hyundai verna sx crdi at,2012,500000,72000,diesel,dealer,automatic,second owner
ford figo diesel lxi,2011,225000,76736,diesel,dealer,manual,second owner
maruti alto lx bsiii,2007,135000,70000,petrol,individual,manual,second owner
renault koleos 2.0 diesel,2012,750000,80000,diesel,individual,automatic,second owner
maruti wagon r lxi duo bsiii,2009,155000,60000,lpg,individual,manual,second owner
volkswagen polo diesel highline 1.2l,2012,335000,77000,diesel,dealer,manual,third owner
ford ikon 1.8 d,2005,114999,92645,diesel,dealer,manual,fourth & above owner
mercedes-benz new c-class 200 cdi classic,2007,699000,101849,diesel,dealer,manual,second owner
mahindra bolero di,2004,110000,120000,diesel,individual,manual,fourth & above owner
hyundai i20 asta 1.2,2012,300000,80000,petrol,individual,manual,first owner
mahindra scorpio s4 4wd,2014,700000,70000,diesel,individual,manual,second owner
maruti ertiga shvs ldi option,2017,700000,120000,diesel,individual,manual,first owner
maruti alto 800 lxi,2013,210000,42000,petrol,individual,manual,third owner
maruti ertiga vdi,2012,600000,120000,diesel,individual,manual,third owner
tata manza aura (abs) quadrajet bs iv,2012,180000,155836,diesel,individual,manual,second owner
maruti wagon r vxi bsii,2011,220000,59000,petrol,individual,manual,second owner
chevrolet spark 1.0 lt,2009,70000,60000,petrol,individual,manual,first owner
hyundai creta 1.4 crdi base,2018,950000,70000,diesel,individual,manual,second owner
ford fiesta 1.5 tdci ambiente,2014,800000,20000,diesel,individual,manual,first owner
mahindra xuv500 w8 4wd,2012,700000,120000,diesel,individual,manual,third owner
renault kwid 1.0,2016,265000,40000,petrol,individual,manual,first owner
volkswagen polo diesel trendline 1.2l,2011,175000,90000,diesel,individual,manual,third owner
mahindra quanto c6,2012,260000,89000,diesel,individual,manual,second owner
toyota innova 2.5 vx (diesel) 7 seater,2013,950000,80000,diesel,individual,manual,third owner
maruti swift vdi bsiii,2009,250000,200000,diesel,individual,manual,fourth & above owner
mahindra scorpio s10 7 seater,2015,630000,50000,diesel,individual,manual,first owner
tata nano lx se,2012,35000,35000,petrol,individual,manual,third owner
renault duster 85ps diesel rxl,2013,450000,1000,diesel,dealer,manual,second owner
mercedes-benz c-class progressive c 220d,2018,3800000,10000,diesel,dealer,automatic,first owner
audi a4 3.0 tdi quattro,2013,1580000,86000,diesel,dealer,automatic,first owner
bmw x5 xdrive 30d xline,2019,4950000,30000,diesel,dealer,automatic,first owner
hyundai creta 1.6 crdi sx,2016,535000,52600,diesel,individual,manual,first owner
maruti sx4 vxi bsiv,2012,225000,110000,petrol,individual,manual,second owner
hyundai grand i10 1.2 kappa magna at,2017,550000,19890,petrol,dealer,automatic,first owner
maruti swift zxi bsiv,2016,670000,7104,petrol,trustmark dealer,manual,first owner
maruti ertiga vxi,2015,625000,11918,petrol,trustmark dealer,manual,first owner
hyundai grand i10 magna at,2017,520000,10510,petrol,dealer,automatic,first owner
chevrolet beat lt option,2016,239000,41000,petrol,dealer,manual,first owner
toyota fortuner 4x2 at,2017,2600000,47162,diesel,trustmark dealer,automatic,first owner
maruti s-cross zeta ddis 200 sh,2015,750000,45974,diesel,trustmark dealer,manual,first owner
hyundai i10 magna,2012,229999,49824,petrol,dealer,manual,first owner
audi a6 2.0 tdi premium plus,2013,1300000,58500,diesel,dealer,automatic,first owner
hyundai santro gs,2005,80000,56580,petrol,dealer,manual,first owner
skoda laura ambiente 2.0 tdi cr mt,2012,385000,52000,diesel,dealer,manual,first owner
hyundai verna 1.6 vtvt sx,2015,760000,55340,petrol,trustmark dealer,manual,first owner
maruti swift dzire vdi,2017,600000,46507,diesel,trustmark dealer,manual,first owner
chevrolet enjoy tcdi ls 8 seater,2014,330000,200000,diesel,individual,manual,third owner
maruti alto lxi,2009,150000,120000,petrol,individual,manual,first owner
tata indigo ls,2008,105000,90000,diesel,individual,manual,first owner
tata indica vista tdi lx,2013,185000,65000,diesel,individual,manual,first owner
fiat grande punto evo 1.3 active,2014,260000,50000,diesel,individual,manual,first owner
maruti swift dzire vdi,2012,450000,33000,diesel,individual,manual,first owner
maruti swift vxi deca,2016,500000,38000,petrol,individual,manual,first owner
maruti alto k10 2010-2014 vxi,2012,260000,40000,petrol,individual,manual,first owner
volkswagen polo diesel trendline 1.2l,2012,265000,55000,diesel,individual,manual,second owner
mahindra thar crde,2017,800000,26000,diesel,individual,manual,second owner
tata safari storme vx varicor 400,2016,869999,80000,diesel,individual,manual,first owner
maruti baleno alpha 1.2,2018,690000,40000,petrol,individual,manual,first owner
mitsubishi pajero 2.8 sfx bsiv dual tone,2011,825000,120000,diesel,individual,manual,first owner
maruti alto lx bsiii,2006,160000,63230,petrol,individual,manual,second owner
mahindra scorpio 2.6 slx crde,2006,300000,120000,diesel,individual,manual,second owner
maruti wagon r vxi,2005,100000,100000,petrol,individual,manual,third owner
hyundai i20 asta 1.4 crdi,2015,530000,77000,diesel,individual,manual,second owner
maruti swift vxi optional,2016,360000,30000,petrol,individual,manual,first owner
maruti swift 1.2 dlx,2015,220000,40000,petrol,individual,manual,first owner
maruti alto 800 lxi,2017,178000,35000,petrol,individual,manual,first owner
mahindra thar di 4x2,2018,515000,5000,diesel,individual,manual,first owner
maruti ritz vxi,2014,300000,35000,petrol,individual,manual,first owner
tata indigo ls,2008,105000,90000,diesel,individual,manual,first owner
tata indica vista tdi lx,2013,185000,65000,diesel,individual,manual,first owner
tata indica vista quadrajet ls,2012,150000,80000,diesel,individual,manual,second owner
fiat grande punto evo 1.3 active,2014,260000,50000,diesel,individual,manual,first owner
maruti swift dzire vdi,2012,450000,33000,diesel,individual,manual,first owner
maruti swift vxi deca,2016,500000,38000,petrol,individual,manual,first owner
maruti alto k10 2010-2014 vxi,2012,260000,40000,petrol,individual,manual,first owner
volkswagen polo diesel trendline 1.2l,2012,265000,55000,diesel,individual,manual,second owner
tata nexon 1.2 revotron xz plus dual tone,2017,750000,15000,petrol,individual,manual,first owner
mahindra thar crde,2017,800000,26000,diesel,individual,manual,second owner
tata safari storme vx varicor 400,2016,869999,80000,diesel,individual,manual,first owner
toyota innova 2.5 g1 bsiv,2012,950000,80000,diesel,individual,manual,first owner
maruti baleno alpha 1.2,2018,690000,40000,petrol,individual,manual,first owner
mitsubishi pajero 2.8 sfx bsiv dual tone,2011,825000,120000,diesel,individual,manual,first owner
maruti 800 std,2013,170000,70000,petrol,individual,manual,first owner
maruti alto lx bsiii,2006,160000,63230,petrol,individual,manual,second owner
mahindra scorpio 2.6 slx crde,2006,300000,120000,diesel,individual,manual,second owner
datsun go plus a,2015,315000,45000,petrol,individual,manual,second owner
maruti 800 std bsii,2006,90000,40000,petrol,individual,manual,second owner
maruti wagon r vxi,2005,100000,100000,petrol,individual,manual,third owner
tata indica gls bs iv,2008,65000,110000,petrol,individual,manual,third owner
hyundai verna 1.6 crdi,2012,312000,90000,diesel,individual,manual,second owner
maruti vitara brezza ldi,2018,700000,25000,diesel,individual,manual,first owner
hyundai santro xing xl erlx euro iii,2005,150000,47000,petrol,individual,manual,first owner
renault fluence 1.5,2013,450000,60000,diesel,individual,manual,first owner
hyundai verna transform crdi vgt abs,2010,229999,120000,diesel,individual,manual,second owner
maruti swift ldi bsiii,2008,111000,120000,diesel,individual,manual,first owner
maruti swift dzire vdi,2012,250000,140000,diesel,individual,manual,second owner
ford freestyle titanium plus diesel,2019,750000,1001,diesel,dealer,manual,first owner
ford figo 1.5p titanium at,2017,774000,1758,petrol,dealer,automatic,first owner
ford figo 1.5p titanium at,2018,711000,1452,petrol,dealer,automatic,first owner
ford figo 1.5d titanium mt,2017,600000,35122,diesel,dealer,manual,first owner
maruti swift dzire vdi,2015,455000,92621,diesel,dealer,manual,first owner
datsun go t petrol,2015,225000,92198,petrol,dealer,manual,second owner
maruti swift dzire vdi,2019,650000,5000,diesel,individual,manual,first owner
chevrolet beat lt,2013,200000,50000,petrol,individual,manual,first owner
hyundai creta 1.6 crdi at sx plus,2016,875000,74000,diesel,individual,automatic,first owner
skoda rapid 1.5 tdi at ambition bsiv,2017,750000,40000,diesel,individual,automatic,first owner
maruti swift dzire amt vdi,2019,725000,22000,diesel,individual,automatic,first owner
maruti alto lxi,2007,100000,100000,petrol,individual,manual,second owner
tata hexa xt,2019,1100000,40000,diesel,individual,manual,first owner
ford endeavour 3.2 titanium at 4x4,2017,2700000,30000,diesel,individual,automatic,first owner
renault kwid rxt optional,2016,280000,23000,petrol,individual,manual,first owner
tata indica vista aqua tdi bsiii,2009,150000,30000,diesel,individual,manual,first owner
tata manza aura safire,2010,200000,50000,petrol,individual,manual,first owner
maruti ritz vdi,2010,148000,100000,diesel,individual,manual,second owner
maruti swift dzire vxi,2011,254999,70000,petrol,individual,manual,second owner
maruti swift dzire zxi,2013,360000,60000,petrol,individual,manual,second owner
maruti alto lx,2006,95000,90000,petrol,individual,manual,second owner
mahindra bolero sle bsiii,2007,185000,230000,diesel,individual,manual,second owner
tata indica vista quadrajet vx,2012,185000,40000,diesel,individual,manual,first owner
renault kwid rxl,2019,300000,15000,petrol,individual,manual,first owner
hyundai verna vtvt 1.6 sx,2018,800000,40000,petrol,individual,manual,first owner
maruti zen lx,2000,60000,50000,petrol,individual,manual,first owner
fiat punto 1.2 active,2010,80000,50000,petrol,individual,manual,second owner
hyundai xcent 1.2 vtvt s,2018,500000,8000,petrol,individual,manual,first owner
hyundai eon era plus,2013,250000,35000,petrol,individual,manual,first owner
tata new safari dicor 2.2 ex 4x2,2010,250000,80000,diesel,individual,manual,first owner
maruti wagon r lxi bsiii,2005,125000,50000,petrol,individual,manual,second owner
maruti alto lxi bsii,2002,100000,80000,petrol,individual,manual,fourth & above owner
mahindra scorpio m2di,2010,480000,90000,diesel,individual,manual,first owner
mahindra kuv 100 g80 k2,2018,320000,30000,petrol,individual,manual,second owner
maruti a-star vxi,2010,130000,70000,petrol,individual,manual,second owner
tata indica dls,2006,57000,80000,diesel,individual,manual,second owner
hyundai santro gls i - euro i,2005,75000,60000,petrol,individual,manual,first owner
maruti 800 dx,2003,60000,35000,petrol,individual,manual,first owner
maruti alto lxi bsiii,2008,125000,70000,petrol,individual,manual,first owner
honda city 1.5 exi s,2004,105000,100000,petrol,individual,manual,third owner
maruti wagon r lxi duo bsiii,2008,125000,152000,lpg,individual,manual,second owner
maruti zen lxi,1998,69000,70000,petrol,individual,manual,second owner
tata indigo lx,2012,130000,90000,diesel,individual,manual,second owner
maruti baleno zeta 1.2,2019,630000,40000,petrol,individual,manual,first owner
honda amaze e i-vtec,2016,330000,50000,petrol,individual,manual,second owner
maruti wagon r vxi bs iv,2014,340000,15000,petrol,individual,manual,second owner
hyundai santro xing xg erlx euro iii,2006,60000,120000,petrol,individual,manual,third owner
tata safari storme ex,2014,550000,78322,diesel,individual,manual,first owner
maruti ertiga vdi,2014,480000,110000,diesel,individual,manual,second owner
hyundai verna 1.6 sx crdi (o),2013,315000,80000,diesel,individual,manual,second owner
ford fiesta titanium 1.5 tdci,2012,165000,120000,diesel,individual,manual,first owner
chevrolet beat ls,2016,170000,125000,petrol,individual,manual,first owner
maruti baleno delta 1.2,2018,550000,8000,petrol,individual,manual,first owner
volkswagen ameo 1.2 mpi trendline,2018,465000,13000,petrol,individual,manual,first owner
tata indica vista quadrajet lx,2012,120000,80000,diesel,individual,manual,third owner
hyundai verna 1.6 xi abs,2008,220000,54309,petrol,individual,manual,first owner
ford figo diesel lxi,2011,180000,70000,diesel,individual,manual,second owner
chevrolet aveo 1.6 lt,2006,150000,34600,petrol,individual,manual,third owner
tata zest revotron 1.2t xms,2016,520000,25000,petrol,individual,manual,first owner
tata safari storme ex,2013,430000,80000,diesel,individual,manual,third owner
mahindra bolero di dx 8 seater,2009,300000,55000,diesel,individual,manual,second owner
hyundai venue sx opt diesel,2020,1000000,5000,diesel,individual,manual,first owner
honda wr-v i-dtec vx,2017,725000,30000,diesel,individual,manual,first owner
hyundai verna 1.4 ex,2011,500000,31000,diesel,individual,manual,first owner
maruti wagon r lxi bs iv,2011,250000,50000,petrol,individual,manual,first owner
maruti swift dzire vdi,2018,700000,38217,diesel,individual,manual,first owner
ford figo petrol zxi,2011,185000,50000,petrol,individual,manual,third owner
maruti ritz vdi,2011,200000,120000,diesel,individual,manual,first owner
mahindra bolero di,2004,315000,110000,diesel,individual,manual,third owner
tata hexa xt,2019,1100000,40000,diesel,individual,manual,first owner
hyundai santro lp zipplus,2001,52000,50000,petrol,individual,manual,third owner
hyundai i20 active 1.2 s,2017,600000,10000,petrol,individual,manual,first owner
tata harrier xz bsiv,2019,1700000,10000,diesel,individual,manual,first owner
nissan terrano xl plus 85 ps,2015,451000,100000,diesel,individual,manual,first owner
mahindra kuv 100 mfalcon g80 k8 5str,2016,370000,60000,petrol,individual,manual,first owner
ford endeavour 3.2 titanium at 4x4,2017,2700000,30000,diesel,individual,automatic,first owner
renault kwid rxt optional,2016,280000,23000,petrol,individual,manual,first owner
maruti wagon r vxi bs iv,2017,350000,30000,petrol,individual,manual,first owner
hyundai i10 sportz,2011,250000,50000,petrol,individual,manual,first owner
maruti alto 800 lxi,2014,204999,25000,petrol,individual,manual,second owner
maruti ignis 1.2 delta bsiv,2019,500000,15000,petrol,individual,manual,first owner
tata indica vista aqua tdi bsiii,2009,150000,30000,diesel,individual,manual,first owner
chevrolet spark 1.0 ls,2010,175000,45000,petrol,individual,manual,second owner
chevrolet spark 1.0 ls,2009,170000,44800,petrol,individual,manual,second owner
tata manza aura safire,2010,200000,50000,petrol,individual,manual,first owner
hyundai creta 1.4 e plus,2018,800000,52000,diesel,individual,manual,first owner
tata hexa xta,2017,1200000,50000,diesel,individual,automatic,first owner
toyota corolla altis 1.8 j,2008,400000,35000,petrol,individual,manual,second owner
maruti ritz vdi,2010,148000,100000,diesel,individual,manual,second owner
tata manza club class quadrajet90 ls,2014,200000,100000,diesel,individual,manual,first owner
maruti swift dzire vdi,2016,284000,40000,diesel,individual,manual,second owner
maruti wagon r vxi minor,2007,80000,60000,petrol,individual,manual,third owner
chevrolet beat ps,2014,170000,77000,petrol,individual,manual,first owner
hyundai accent executive,2011,150000,60000,petrol,individual,manual,first owner
tata manza aura (abs) safire bs iv,2010,110000,77073,petrol,individual,manual,second owner
ford figo aspire 1.5 tdci titanium,2016,400000,70000,diesel,individual,manual,first owner
hyundai i10 magna lpg,2013,275000,90000,lpg,individual,manual,second owner
toyota innova 2.5 g (diesel) 7 seater,2013,800000,186000,diesel,individual,manual,third owner
mahindra scorpio m2di,2014,550000,90000,diesel,individual,manual,first owner
maruti alto lx bsiii,2007,125000,100000,petrol,individual,manual,second owner
chevrolet beat lt,2010,135000,80000,petrol,individual,manual,second owner
mahindra scorpio lx bsiv,2012,349000,150000,diesel,individual,manual,first owner
maruti swift vdi bsiv,2014,458000,80000,diesel,individual,manual,first owner
maruti alto k10 vxi,2018,300000,35000,petrol,individual,manual,first owner
maruti alto lxi,2008,95000,70000,petrol,individual,manual,first owner
maruti s-cross zeta ddis 200 sh,2018,850000,50000,diesel,individual,manual,first owner
ford freestyle titanium diesel,2019,750000,25000,diesel,individual,manual,first owner
ford figo diesel celebration edition,2013,190000,120000,diesel,individual,manual,first owner
maruti wagon r lxi minor,2009,150000,70000,petrol,individual,manual,first owner
hyundai accent gle,2009,114999,106000,petrol,individual,manual,third owner
toyota innova 2.0 vx 7 seater,2010,320000,120000,petrol,individual,manual,third owner
maruti alto 800 cng lxi optional,2019,300000,120000,cng,individual,manual,first owner
maruti ritz lxi,2016,275000,160000,petrol,individual,manual,first owner
chevrolet aveo 1.6 lt with abs,2010,140000,120000,petrol,individual,manual,second owner
tata altroz xz,2020,830000,10000,petrol,individual,manual,first owner
volkswagen polo sr petrol 1.2l,2013,380000,50000,petrol,individual,manual,first owner
hyundai i10 magna 1.2,2010,150000,90000,petrol,individual,manual,second owner
chevrolet spark 1.0 ls,2008,50000,70000,petrol,individual,manual,first owner
mahindra bolero slx,2008,155000,100000,diesel,individual,manual,first owner
mahindra bolero slx,2008,155000,100000,diesel,individual,manual,first owner
skoda superb 1.8 tfsi mt,2010,300000,80000,petrol,individual,manual,first owner
maruti alto 800 lxi,2018,300000,16584,petrol,dealer,manual,first owner
tata tiago 2019-2020 xe diesel,2016,385000,38000,diesel,dealer,manual,first owner
maruti wagon r lxi,2010,221000,51000,petrol,dealer,manual,first owner
tata tiago 1.05 revotorq xe,2016,381000,38000,diesel,dealer,manual,first owner
maruti alto 800 lxi,2015,250999,35000,petrol,dealer,manual,first owner
hyundai santro ls zipplus,2002,60000,120000,petrol,individual,manual,third owner
tata tiago 1.05 revotorq xe,2016,380000,38000,diesel,dealer,manual,first owner
skoda laura l n k 1.9 pd,2008,180000,144000,diesel,individual,manual,third owner
maruti ciaz zdi plus,2017,751000,64000,diesel,dealer,manual,first owner
mahindra xuv500 at w10 fwd,2015,1250000,60000,diesel,dealer,automatic,first owner
hyundai eon 1.0 era plus,2014,229999,65000,petrol,dealer,manual,first owner
tata safari storme ex,2019,1250000,24000,diesel,individual,manual,first owner
mahindra scorpio vlx 2wd bsiv,2014,782000,58000,diesel,dealer,manual,second owner
mahindra scorpio vlx 2.2 mhawk airbag bsiv,2014,780000,58000,diesel,dealer,manual,second owner
maruti alto 800 lxi,2016,245000,68000,petrol,dealer,manual,first owner
hyundai i20 1.4 crdi sportz,2011,321000,81257,diesel,dealer,manual,first owner
hyundai grand i10 1.2 crdi sportz option,2017,509999,44000,diesel,dealer,manual,first owner
tata nano cx se,2015,110000,45000,petrol,dealer,manual,first owner
volkswagen polo diesel highline 1.2l,2013,400000,75000,diesel,dealer,manual,first owner
maruti swift vxi,2013,370000,90000,petrol,individual,manual,first owner
hyundai verna crdi abs,2007,175000,80000,diesel,individual,manual,second owner
mercedes-benz e-class 230,1998,1000000,35000,petrol,individual,automatic,second owner
maruti alto 800 lxi,2013,92800,25000,petrol,individual,manual,second owner
tata xenon xt ex 4x2,2014,291000,90000,diesel,individual,manual,first owner
maruti alto 800 lxi,2013,92800,25000,petrol,individual,manual,second owner
hyundai verna 1.6 sx crdi (o),2013,335000,110000,diesel,individual,manual,third owner
maruti omni 8 seater bsiv,2013,170000,35000,petrol,individual,manual,first owner
maruti alto 800 lxi,2019,295000,10000,petrol,individual,manual,first owner
renault kwid rxl,2019,375000,10000,petrol,individual,manual,first owner
hyundai eon era plus,2012,215000,70000,petrol,individual,manual,second owner
ford fiesta 1.4 zxi tdci abs,2009,150000,110000,diesel,individual,manual,second owner
maruti alto lxi,2003,60000,5000,petrol,individual,manual,second owner
maruti alto lx,2006,52000,120000,petrol,individual,manual,third owner
maruti omni lpg cargo bsiii w immobiliser,2009,80000,90000,lpg,individual,manual,second owner
maruti alto lx,2012,140000,70000,petrol,individual,manual,second owner
hyundai verna i (petrol),2008,120000,90000,petrol,individual,manual,second owner
ford fiesta classic 1.4 sxi duratorq,2006,110000,120000,diesel,individual,manual,third owner
tata new safari dicor ex 4x2 bs iv,2012,280000,110000,diesel,individual,manual,fourth & above owner
toyota etios vd,2016,450000,50000,diesel,individual,manual,second owner
mahindra xuv500 w7,2018,1150000,58000,diesel,individual,manual,first owner
maruti baleno delta 1.3,2018,650000,15000,diesel,individual,manual,first owner
tata zest revotron 1.2t xe,2015,300000,60000,petrol,individual,manual,second owner
tata nano twist xt,2015,73000,57000,petrol,individual,manual,first owner
maruti swift vdi bsiv,2015,400000,87000,diesel,individual,manual,third owner
renault kwid 1.0 rxt optional,2017,300000,70000,petrol,individual,manual,first owner
maruti wagon r ax,2012,300000,30000,petrol,individual,automatic,second owner
maruti swift dzire vdi,2012,450000,80000,diesel,individual,manual,first owner
hyundai santro xing gls,2009,200000,100000,petrol,individual,manual,second owner
maruti swift vxi,2019,580000,40000,petrol,individual,manual,first owner
hyundai grand i10 1.2 kappa asta,2017,550000,3917,petrol,individual,manual,first owner
mahindra scorpio slx 2.6 turbo 8 str,2007,190000,160000,diesel,individual,manual,second owner
tata tiago 1.05 revotorq xt option,2017,450000,35000,diesel,individual,manual,first owner
chevrolet spark 1.0 ls,2014,220000,70000,petrol,individual,manual,first owner
maruti sx4 zxi mt bsiv,2012,310000,69069,petrol,dealer,manual,first owner
hyundai elite i20 sportz plus bsiv,2019,650000,13500,petrol,individual,manual,first owner
maruti wagon r stingray vxi,2014,300000,59059,petrol,dealer,manual,first owner
hyundai accent executive,2013,200000,70000,petrol,individual,manual,first owner
honda brio s mt,2012,285000,39039,petrol,dealer,manual,first owner
honda brio exclusive edition,2014,335000,33033,petrol,dealer,manual,first owner
hyundai verna transform sx vtvt,2011,370000,55168,petrol,individual,manual,second owner
hyundai i20 1.2 sportz,2013,375000,41041,petrol,dealer,manual,first owner
hyundai i10 magna,2009,235000,67067,petrol,dealer,manual,first owner
hyundai i10 sportz 1.2 at,2013,345000,66066,petrol,dealer,automatic,first owner
mahindra quanto c8,2013,365000,82082,diesel,dealer,manual,first owner
hyundai grand i10 sportz,2014,400000,48000,petrol,individual,manual,first owner
hyundai eon d lite plus,2015,250000,30000,petrol,individual,manual,first owner
hyundai verna sx crdi at,2012,465000,70070,diesel,dealer,automatic,first owner
renault kwid rxt,2017,300000,10000,petrol,individual,manual,first owner
maruti swift dzire zxi 1.2 bs iv,2018,655000,25000,petrol,individual,manual,first owner
maruti wagon r lxi cng,2016,350000,30000,cng,individual,manual,second owner
hyundai i10 sportz 1.2 at,2015,500000,50000,petrol,dealer,automatic,first owner
hyundai grand i10 at asta,2015,465000,63063,petrol,dealer,automatic,first owner
maruti swift vdi bsiii w/ abs,2008,263000,70000,diesel,individual,manual,first owner
maruti omni mpi std bsiv,2012,250000,90000,petrol,individual,manual,first owner
hyundai accent gle 1,1999,60000,90000,petrol,individual,manual,fourth & above owner
hyundai getz glx,2005,70000,90000,petrol,individual,manual,third owner
chevrolet sail hatchback 1.2 ls,2016,250000,30000,petrol,individual,manual,first owner
hyundai eon magna plus,2016,229999,80000,petrol,individual,manual,first owner
chevrolet optra magnum 2.0 ls,2011,195000,120000,diesel,individual,manual,first owner
datsun redigo s,2016,270000,22000,petrol,individual,manual,first owner
honda wr-v i-dtec vx,2017,650000,140000,diesel,individual,manual,first owner
hyundai i20 asta 1.4 crdi,2014,370000,80000,diesel,individual,manual,second owner
maruti swift vdi optional,2016,509999,40000,diesel,individual,manual,first owner
maruti zen estilo vxi bsiv,2011,280000,33000,petrol,individual,manual,first owner
maruti a-star vxi,2010,180000,40000,petrol,individual,manual,first owner
renault kwid 1.0 rxt optional,2018,300000,10500,petrol,individual,manual,first owner
mahindra bolero 2011-2019 slx,2013,400000,107000,diesel,individual,manual,first owner
hyundai i10 sportz 1.2,2010,210000,60000,petrol,individual,manual,second owner
hyundai santro xing xg erlx euro iii,2006,90000,120000,petrol,individual,manual,second owner
maruti wagon r lxi bs iv,2010,222000,70000,petrol,individual,manual,first owner
maruti alto 800 lxi,2015,240000,50000,petrol,individual,manual,second owner
toyota etios liva gd,2013,450000,70000,diesel,individual,manual,second owner
ford ecosport 1.5 petrol ambiente,2017,650000,6000,petrol,individual,manual,first owner
hyundai verna sx diesel,2010,200000,78000,diesel,dealer,manual,second owner
hyundai verna sx diesel,2011,210000,72000,diesel,dealer,manual,third owner
tata nano cx bsiv,2011,75000,9528,petrol,dealer,manual,first owner
toyota innova 2.5 g (diesel) 8 seater,2011,450000,135200,diesel,dealer,manual,first owner
hyundai i20 1.2 sportz,2011,220000,58000,petrol,dealer,manual,second owner
hyundai i20 magna 1.4 crdi (diesel),2013,325000,78000,diesel,dealer,manual,second owner
tata zest revotron 1.2t xe,2018,450000,45000,petrol,individual,manual,first owner
ford ecosport 1.5 diesel titanium plus bsiv,2017,825000,35000,diesel,individual,manual,first owner
hyundai accent gls,2007,125000,76000,petrol,dealer,manual,third owner
mahindra xylo d2 bs iv,2015,434999,100000,diesel,individual,manual,third owner
mahindra scorpio sle bsiv,2011,484999,99000,diesel,individual,manual,second owner
maruti ritz vdi,2009,175000,80000,diesel,individual,manual,third owner
honda civic 1.8 s mt,2006,220000,120000,petrol,individual,manual,third owner
honda br-v i-vtec vx mt,2020,1250000,1100,petrol,dealer,manual,first owner
maruti omni e mpi std bs iv,2017,215000,34000,petrol,dealer,manual,first owner
mahindra xuv500 w6 2wd,2014,625000,68000,diesel,dealer,manual,first owner
ford ecosport 1.5 diesel titanium bsiv,2018,615000,15000,diesel,individual,manual,first owner
chevrolet beat diesel ps,2012,130000,58000,diesel,dealer,manual,first owner
tata indigo cs elx bs iv,2013,175000,50300,diesel,individual,manual,first owner
tata indigo cr4,2011,150000,70000,diesel,individual,manual,second owner
tata indica vista tdi ls,2011,195000,60000,diesel,individual,manual,third owner
maruti ertiga 1.5 vdi,2020,550000,90000,diesel,individual,manual,first owner
isuzu d-max v-cross standard,2018,1500000,40000,diesel,individual,manual,first owner
skoda superb 1.8 tfsi mt,2010,400000,80000,petrol,individual,manual,second owner
nissan kicks xv premium d bsiv,2019,1350000,15000,diesel,individual,manual,first owner
maruti swift 1.2 dlx,2015,217000,45000,petrol,individual,manual,first owner
maruti swift vdi bsiv,2011,290000,130000,diesel,individual,manual,second owner
mahindra bolero power plus slx,2018,700000,80000,diesel,individual,manual,first owner
maruti alto 800 base,2014,175000,40000,petrol,individual,manual,first owner
volkswagen ameo 1.5 tdi highline 16 alloy,2017,575000,80000,diesel,individual,manual,first owner
maruti ritz ldi,2016,380000,100000,diesel,individual,manual,second owner
mahindra xylo d4 bsiv,2013,350000,151624,diesel,individual,manual,second owner
renault duster 85ps diesel rxl optional,2012,450000,160000,diesel,individual,manual,first owner
hyundai santro at cng,2005,130000,110000,cng,individual,manual,second owner
maruti swift vdi bsiv,2015,320000,74820,diesel,individual,manual,first owner
mahindra xuv500 w6 2wd,2014,550000,82000,diesel,individual,manual,first owner
maruti wagon r vxi bs iv,2015,370000,50000,petrol,individual,manual,second owner
chevrolet beat lt,2010,114999,70000,petrol,individual,manual,second owner
ford ecosport sports petrol,2020,1100000,1000,petrol,individual,manual,first owner
hyundai tucson crdi,2006,170000,170000,diesel,individual,manual,first owner
tata indigo tdi,2008,80000,150000,diesel,individual,manual,third owner
ford ecosport 1.5 diesel titanium bsiv,2019,950000,17000,diesel,individual,manual,first owner
maruti swift dzire vdi,2014,425000,150000,diesel,individual,manual,first owner
hyundai i20 asta option 1.4 crdi,2015,500000,80000,diesel,individual,manual,first owner
hyundai santro xing xg erlx euro iii,2005,70000,170000,petrol,individual,manual,third owner
honda amaze s i-dtech,2013,349000,120000,diesel,individual,manual,first owner
hyundai i20 1.2 sportz,2012,330000,90000,petrol,individual,manual,third owner
hyundai santro xing gls,2010,120000,90000,petrol,individual,manual,third owner
hyundai verna 1.6 sx crdi (o),2013,430000,100000,diesel,individual,manual,second owner
maruti swift vdi bsiv,2014,390000,90000,diesel,individual,manual,first owner
nissan micra diesel xv primo,2012,225000,129000,diesel,individual,manual,first owner
mahindra scorpio vls at 2.2 mhawk,2010,350000,186000,diesel,individual,automatic,second owner
tata sumo lx,2009,100000,66778,diesel,individual,manual,first owner
hyundai eon era plus,2014,190000,50000,petrol,individual,manual,first owner
hyundai i20 sportz 1.4 crdi,2014,315000,110000,diesel,individual,manual,second owner
hyundai grand i10 crdi magna,2015,300000,60000,diesel,individual,manual,second owner
renault kwid rxt,2016,280000,40000,petrol,individual,manual,first owner
hyundai tucson 2.0 e-vgt 2wd mt,2017,1650000,55000,diesel,dealer,manual,first owner
hyundai eon era plus,2015,295000,21000,petrol,dealer,manual,second owner
jaguar xf 5.0 litre v8 petrol,2012,2050000,66363,petrol,dealer,automatic,second owner
hyundai creta 1.6 vtvt at sx plus,2018,1475000,11700,petrol,dealer,automatic,first owner
hyundai verna vtvt 1.6 at sx option,2017,1100000,10000,petrol,individual,automatic,first owner
mercedes-benz gl-class 350 cdi blue efficiency,2014,4400000,100000,diesel,individual,automatic,second owner
maruti swift zxi bsiv,2016,670000,7104,petrol,trustmark dealer,manual,first owner
maruti s-cross zeta ddis 200 sh,2015,750000,45974,diesel,trustmark dealer,manual,first owner
hyundai verna 1.6 vtvt sx,2015,760000,55340,petrol,trustmark dealer,manual,first owner
volkswagen polo gti,2017,850000,20000,petrol,dealer,automatic,second owner
renault pulse rxl,2015,390000,61585,diesel,trustmark dealer,manual,first owner
maruti celerio vxi amt bsiv,2016,450000,39415,petrol,trustmark dealer,automatic,second owner
honda brio v mt,2014,425000,29654,petrol,trustmark dealer,manual,first owner
maruti baleno alpha 1.3,2016,770000,64672,diesel,trustmark dealer,manual,first owner
hyundai creta 1.6 sx automatic diesel,2015,1150000,54634,diesel,trustmark dealer,automatic,second owner
honda city i vtec v,2015,775000,66521,petrol,trustmark dealer,manual,first owner
hyundai elite i20 asta option cvt bsiv,2019,720000,3000,petrol,individual,automatic,first owner
toyota innova crysta 2.4 gx at,2018,1725000,23974,diesel,dealer,automatic,second owner
tata tiago 1.2 revotron xz,2018,539000,10000,petrol,individual,manual,first owner
maruti celerio zxi,2017,420000,50000,petrol,individual,manual,first owner
maruti omni e 8 str std,2001,85000,70000,petrol,individual,manual,third owner
opelcorsa 1.6gls,2004,142000,73000,petrol,individual,manual,fourth & above owner
hyundai eon d lite,2014,180000,76000,petrol,individual,manual,second owner
chevrolet tavera neo 3 max 9 str bsiii,2014,400000,120000,diesel,individual,manual,second owner
mahindra scorpio vlx 2wd abs at bsiii,2009,360000,170000,diesel,individual,automatic,third owner
hyundai santro xing xg,2003,85000,110000,petrol,individual,manual,second owner
honda brio 1.2 s mt,2016,350000,63400,petrol,individual,manual,first owner
datsun go plus t bsiv,2015,380000,25000,petrol,individual,manual,first owner
hyundai i10 era,2009,140000,80000,petrol,individual,manual,third owner
maruti wagon r vxi bs iv,2012,200000,90000,petrol,individual,manual,first owner
hyundai santro xing gl,2011,150000,157000,petrol,individual,manual,first owner
tata indica vista quadrajet ls,2012,150000,80000,diesel,individual,manual,second owner
maruti 800 std bsii,2006,90000,40000,petrol,individual,manual,second owner
mahindra bolero slx 2wd,2007,300000,100000,diesel,individual,manual,second owner
renault kwid rxt,2017,280000,50000,petrol,individual,manual,first owner
maruti alto k10 2010-2014 vxi,2011,200000,40000,petrol,individual,manual,first owner
chevrolet aveo u-va 1.2 lt wo abs airbag,2009,110000,38500,petrol,individual,manual,second owner
hyundai i10 magna,2008,140000,103921,petrol,individual,manual,second owner
hyundai creta 1.4 ex diesel,2020,1050000,10000,diesel,individual,manual,first owner
honda city i-vtec vx,2018,1150000,14825,petrol,dealer,manual,first owner
honda br-v i-dtec vx mt,2016,910000,43377,diesel,dealer,manual,first owner
ford figo diesel titanium,2010,160000,102307,diesel,dealer,manual,first owner
maruti zen lx,2004,105000,79000,petrol,individual,manual,second owner
skoda octavia elegance 2.0 tdi at,2014,1200000,135000,diesel,individual,automatic,third owner
renault kwid 1.0 rxt optional,2018,300000,10500,petrol,individual,manual,first owner
maruti wagon r lxi,2004,70000,90000,petrol,individual,manual,fourth & above owner
chevrolet beat diesel,2012,160000,110000,diesel,individual,manual,first owner
chevrolet beat diesel ls,2012,160000,50000,diesel,individual,manual,first owner
chevrolet sail hatchback lt abs,2013,225000,80000,diesel,individual,manual,first owner
honda jazz 1.5 vx i dtec,2018,790000,19571,diesel,dealer,manual,first owner
honda city 1.3 exi,2002,145000,100000,petrol,individual,manual,first owner
honda city i-vtec zx,2018,1200000,29600,petrol,dealer,manual,first owner
ford ecosport 1.5 diesel titanium plus bsiv,2018,930000,20000,diesel,individual,manual,first owner
hyundai eon d lite,2016,210000,30000,petrol,individual,manual,first owner
hyundai getz 1.5 crdi gvs,2008,110000,154000,diesel,individual,manual,third owner
maruti swift lxi,2011,175000,70000,petrol,individual,manual,first owner
maruti vitara brezza zdi plus amt dual tone,2018,950000,15000,diesel,individual,automatic,first owner
renault lodgy stepway 85ps rxz 8s,2017,650000,40000,diesel,individual,manual,first owner
maruti swift vxi,2019,550000,51000,petrol,individual,manual,first owner
maruti alto lx bsiii,2008,85000,120000,petrol,individual,manual,second owner
maruti celerio lxi mt bsiv,2019,340000,50000,petrol,individual,manual,first owner
renault captur 1.5 diesel rxt,2017,825000,13500,diesel,individual,manual,first owner
toyota etios 1.5 v,2016,509999,35000,petrol,individual,manual,first owner
renault duster 85ps diesel rxl,2013,450000,1000,diesel,dealer,manual,second owner
mercedes-benz c-class progressive c 220d,2018,3800000,10000,diesel,dealer,automatic,first owner
audi a4 3.0 tdi quattro,2013,1580000,86000,diesel,dealer,automatic,first owner
bmw x5 xdrive 30d xline,2019,4950000,30000,diesel,dealer,automatic,first owner
hyundai creta 1.6 crdi sx,2016,535000,52600,diesel,individual,manual,first owner
maruti sx4 vxi bsiv,2012,225000,110000,petrol,individual,manual,second owner
hyundai grand i10 1.2 kappa magna at,2017,550000,19890,petrol,dealer,automatic,first owner
maruti swift zxi bsiv,2016,670000,7104,petrol,trustmark dealer,manual,first owner
maruti ertiga vxi,2015,625000,11918,petrol,trustmark dealer,manual,first owner
hyundai grand i10 magna at,2017,520000,10510,petrol,dealer,automatic,first owner
chevrolet beat lt option,2016,239000,41000,petrol,dealer,manual,first owner
toyota fortuner 4x2 at,2017,2600000,47162,diesel,trustmark dealer,automatic,first owner
maruti s-cross zeta ddis 200 sh,2015,750000,45974,diesel,trustmark dealer,manual,first owner
hyundai i10 magna,2012,229999,49824,petrol,dealer,manual,first owner
audi a6 2.0 tdi premium plus,2013,1300000,58500,diesel,dealer,automatic,first owner
hyundai santro gs,2005,80000,56580,petrol,dealer,manual,first owner
skoda laura ambiente 2.0 tdi cr mt,2012,385000,52000,diesel,dealer,manual,first owner
hyundai verna 1.6 vtvt sx,2015,760000,55340,petrol,trustmark dealer,manual,first owner
maruti swift dzire vdi,2017,600000,46507,diesel,trustmark dealer,manual,first owner
renault duster 85ps diesel rxl,2013,450000,1000,diesel,dealer,manual,second owner
mercedes-benz c-class progressive c 220d,2018,3800000,10000,diesel,dealer,automatic,first owner
audi a4 3.0 tdi quattro,2013,1580000,86000,diesel,dealer,automatic,first owner
bmw x5 xdrive 30d xline,2019,4950000,30000,diesel,dealer,automatic,first owner
hyundai creta 1.6 crdi sx,2016,535000,52600,diesel,individual,manual,first owner
maruti sx4 vxi bsiv,2012,225000,110000,petrol,individual,manual,second owner
hyundai grand i10 1.2 kappa magna at,2017,550000,19890,petrol,dealer,automatic,first owner
maruti swift zxi bsiv,2016,670000,7104,petrol,trustmark dealer,manual,first owner
maruti ertiga vxi,2015,625000,11918,petrol,trustmark dealer,manual,first owner
hyundai grand i10 magna at,2017,520000,10510,petrol,dealer,automatic,first owner
chevrolet beat lt option,2016,239000,41000,petrol,dealer,manual,first owner
toyota fortuner 4x2 at,2017,2600000,47162,diesel,trustmark dealer,automatic,first owner
maruti s-cross zeta ddis 200 sh,2015,750000,45974,diesel,trustmark dealer,manual,first owner
hyundai i10 magna,2012,229999,49824,petrol,dealer,manual,first owner
audi a6 2.0 tdi premium plus,2013,1300000,58500,diesel,dealer,automatic,first owner
hyundai santro gs,2005,80000,56580,petrol,dealer,manual,first owner
skoda laura ambiente 2.0 tdi cr mt,2012,385000,52000,diesel,dealer,manual,first owner
hyundai verna 1.6 vtvt sx,2015,760000,55340,petrol,trustmark dealer,manual,first owner
maruti swift dzire vdi,2017,600000,46507,diesel,trustmark dealer,manual,first owner
maruti baleno alpha 1.3,2017,650000,70000,diesel,individual,manual,first owner
chevrolet spark 1.0 ls,2011,140000,60000,petrol,individual,manual,second owner
maruti alto lxi,2011,150000,70000,petrol,individual,manual,first owner
datsun go plus a option petrol,2018,450000,10000,petrol,individual,manual,second owner
hyundai accent crdi,2006,170000,245244,diesel,individual,manual,fourth & above owner
renault kwid 1.0 rxt optional,2017,400000,60000,petrol,individual,manual,first owner
tata tiago 1.2 revotron xe,2016,300000,30000,petrol,individual,manual,first owner
maruti alto 800 base,2012,250000,8000,petrol,individual,manual,first owner
tata tigor 1.2 revotron xm,2019,500000,10000,petrol,individual,manual,first owner
hyundai accent crdi,2002,85000,100000,diesel,individual,manual,third owner
nissan sunny diesel xl,2012,300000,110000,diesel,individual,manual,first owner
hyundai santro gs,2005,80000,56580,petrol,dealer,manual,first owner
mahindra xuv500 at w8 fwd,2015,740000,45000,diesel,dealer,automatic,first owner
hyundai santro xing xg,2005,70000,68500,petrol,dealer,manual,first owner
hyundai santro sportz amt,2019,484999,5007,petrol,dealer,automatic,first owner
nissan micra active xv s,2013,164000,30000,petrol,individual,manual,first owner
honda city 1.5 v at,2008,140000,70000,petrol,individual,automatic,first owner
mercedes-benz e-class e250 cdi elegance,2011,999000,49600,diesel,dealer,automatic,first owner
maruti alto lxi,2005,56000,23000,petrol,individual,manual,second owner
bmw 7 series 730ld,2006,1050000,30000,diesel,dealer,automatic,first owner
hyundai verna 1.6 vtvt,2010,190000,38000,petrol,dealer,manual,first owner
audi q5 3.0 tdi quattro technology,2018,3899000,22000,diesel,dealer,automatic,first owner
hyundai i10 sportz 1.2,2011,235000,43100,petrol,dealer,manual,first owner
datsun go plus t,2017,350000,10171,petrol,dealer,manual,first owner
renault duster 110ps diesel rxl,2015,465000,41123,diesel,dealer,manual,first owner
toyota camry hybrid 2.5,2017,1900000,20118,petrol,dealer,automatic,first owner
honda city i dtec sv,2014,450000,40000,diesel,dealer,manual,first owner
volkswagen jetta 2.0l tdi highline,2015,790000,52517,diesel,dealer,manual,first owner
mahindra marazzo m2 8str,2019,900000,20000,diesel,individual,manual,first owner
ford ecosport 1.5 dv5 mt titanium optional,2014,450000,99117,diesel,dealer,manual,first owner
chevrolet spark 1.0 ls,2009,135000,90000,petrol,individual,manual,first owner
maruti celerio zxi mt bsiv,2019,425000,3700,petrol,individual,manual,first owner
tata indica vista terra 1.4 tdi,2010,100000,80000,diesel,individual,manual,first owner
ford ecosport 1.5 tdci titanium bsiv,2015,650000,100000,diesel,individual,manual,second owner
tata indica vista aqua 1.4 tdi,2011,90000,54000,diesel,individual,manual,first owner
hyundai eon era plus,2017,250000,19000,petrol,individual,manual,first owner
maruti swift dzire vdi,2014,300000,120000,diesel,individual,manual,first owner
maruti wagon r vxi bs iv,2014,275000,30000,petrol,individual,manual,first owner
honda brv i-vtec v mt,2017,600000,43500,petrol,individual,manual,first owner
renault kwid rxt,2016,270000,60000,petrol,individual,manual,second owner
renault kwid rxt optional,2016,240000,70000,petrol,individual,manual,second owner
skoda octavia elegance 2.0 tdi at,2014,1200000,135000,diesel,individual,automatic,third owner
chevrolet beat diesel ls,2012,160000,50000,diesel,individual,manual,first owner
honda jazz 1.5 vx i dtec,2018,790000,19571,diesel,dealer,manual,first owner
honda city i-vtec zx,2018,1200000,29600,petrol,dealer,manual,first owner
maruti swift lxi,2011,175000,70000,petrol,individual,manual,first owner
maruti vitara brezza zdi plus amt dual tone,2018,950000,15000,diesel,individual,automatic,first owner
maruti celerio lxi mt bsiv,2019,340000,50000,petrol,individual,manual,first owner
renault captur 1.5 diesel rxt,2017,825000,13500,diesel,individual,manual,first owner
audi a4 30 tfsi technology,2018,3100000,22000,petrol,individual,automatic,first owner
honda amaze vx diesel bsiv,2018,780000,25000,diesel,dealer,manual,first owner
toyota corolla altis 1.8 vl at,2010,350000,80000,petrol,individual,automatic,third owner
honda amaze vx petrol bsiv,2018,690000,39000,petrol,dealer,manual,first owner
maruti alto 800 vxi,2016,245000,60000,petrol,individual,manual,first owner
honda amaze vx diesel bsiv,2018,790000,49000,diesel,dealer,manual,first owner
honda amaze vx i-vtec,2018,680000,48600,petrol,dealer,manual,first owner
hyundai grand i10 asta option,2017,540000,20000,petrol,individual,manual,second owner
mahindra kuv 100 mfalcon g80 k2,2016,425000,25000,petrol,individual,manual,first owner
maruti zen estilo sports,2008,140000,120000,petrol,individual,manual,first owner
maruti ertiga zdi plus,2019,1100000,30000,diesel,individual,manual,first owner
renault lodgy 85ps rxl,2015,715000,35000,diesel,individual,manual,first owner
maruti swift vxi,2013,370000,90000,petrol,individual,manual,first owner
hyundai verna crdi abs,2007,175000,80000,diesel,individual,manual,second owner
mercedes-benz e-class 230,1998,1000000,35000,petrol,individual,automatic,second owner
maruti alto 800 lxi,2013,92800,25000,petrol,individual,manual,second owner
tata xenon xt ex 4x2,2014,291000,90000,diesel,individual,manual,first owner
maruti alto 800 lxi,2013,92800,25000,petrol,individual,manual,second owner
renault kwid 1.0 rxt optional,2016,350000,20000,petrol,individual,manual,first owner
maruti omni 5 str std,1998,65000,60000,petrol,dealer,manual,third owner
maruti swift dzire vdi,2015,650000,58000,diesel,individual,manual,first owner
maruti wagon r lx bs iv,2014,350000,40000,petrol,dealer,manual,first owner
maruti wagon r lxi,2005,75000,70000,petrol,individual,manual,second owner
hyundai i20 asta (o) 1.4 crdi (diesel),2012,440000,70000,diesel,dealer,manual,first owner
hyundai santro xing gls,2013,270000,60000,petrol,individual,manual,first owner
toyota innova 2.5 v diesel 7-seater,2014,1150000,135000,diesel,dealer,manual,first owner
maruti omni 8 seater bsii,2015,238000,70000,petrol,dealer,manual,first owner
mercedes-benz b class b180 sports,2013,1100000,40000,petrol,individual,automatic,second owner
mahindra xuv500 w10 2wd,2015,1200000,75000,diesel,dealer,manual,second owner
skoda fabia 1.2l diesel ambiente,2010,260000,150000,diesel,individual,manual,first owner
toyota etios vd,2012,350000,140000,diesel,individual,manual,third owner
toyota etios liva vd,2015,480000,70000,diesel,individual,manual,first owner
toyota etios liva gd,2012,345000,137250,diesel,individual,manual,second owner
mahindra scorpio m2di,2013,500000,110000,diesel,individual,manual,second owner
hyundai grand i10 asta option,2017,595000,27000,petrol,dealer,manual,first owner
hyundai verna crdi 1.6 sx option,2019,1295000,9000,diesel,dealer,manual,first owner
volkswagen vento 1.5 tdi highline bsiv,2019,1350000,5400,diesel,dealer,manual,test drive car
renault kwid climber 1.0 mt opt bsiv,2020,541000,1000,petrol,dealer,manual,test drive car
hyundai santro asta,2018,515000,16000,petrol,dealer,manual,first owner
ford figo aspire titanium plus diesel,2019,894999,13000,diesel,dealer,manual,test drive car
renault pulse rxz optional,2012,325000,47000,diesel,dealer,manual,first owner
maruti ciaz 1.4 alpha,2018,925000,22000,petrol,individual,manual,first owner
nissan terrano xl p,2017,844999,30000,petrol,individual,manual,first owner
maruti ciaz 1.4 alpha,2018,925000,20000,petrol,individual,manual,first owner
tata manza club class quadrajet90 lx,2013,300000,60000,diesel,individual,manual,first owner
toyota camry m/t,2008,650000,75000,petrol,individual,manual,second owner
maruti alto k10 lxi,2010,175000,64000,petrol,dealer,manual,first owner
maruti sx4 s cross ddis 320 delta,2015,325000,80000,diesel,individual,manual,first owner
renault duster 85ps diesel rxz,2017,600000,90000,diesel,individual,manual,first owner
maruti swift zxi plus,2018,700000,30000,petrol,individual,manual,first owner
toyota corolla h3,2003,95000,120000,petrol,individual,automatic,second owner
maruti celerio zxi,2019,490000,20000,petrol,dealer,manual,first owner
tata safari dicor 2.2 ex 4x2,2013,380000,100000,diesel,individual,manual,first owner
hyundai grand i10 1.2 kappa sportz dual tone,2018,550000,31000,petrol,dealer,manual,first owner
maruti alto 800 lxi,2013,225000,47000,petrol,dealer,manual,first owner
tata nexon 1.2 revotron xm,2018,570000,11200,petrol,individual,manual,first owner
maruti alto 800 lxi,2018,305000,35000,petrol,dealer,manual,first owner
maruti wagon r duo lxi,2010,240000,50000,lpg,dealer,manual,first owner
maruti ertiga shvs vdi,2015,700000,55000,diesel,dealer,manual,first owner
maruti omni e mpi std bs iv,2018,288000,20000,petrol,dealer,manual,first owner
mahindra bolero b4,2017,800000,75000,diesel,dealer,manual,first owner
maruti celerio vxi,2017,430000,93000,petrol,dealer,manual,first owner
chevrolet beat diesel lt option,2009,195000,57000,diesel,dealer,manual,second owner
maruti eeco smiles 5 seater ac,2014,325000,30000,petrol,dealer,manual,first owner
renault duster 85ps diesel rxe,2013,450000,73000,diesel,dealer,manual,first owner
maruti swift dzire vdi,2016,630000,65000,diesel,dealer,manual,first owner
maruti swift 1.3 vxi,2009,250000,62000,petrol,dealer,manual,second owner
hyundai santro gls i - euro ii,2007,135000,85000,petrol,dealer,manual,first owner
chevrolet spark 1.0 ps,2010,110000,73000,petrol,individual,manual,first owner
maruti swift zdi,2012,350000,55000,diesel,dealer,manual,first owner
maruti omni e mpi std bs iv,2016,240000,5800,petrol,individual,manual,second owner
toyota innova 2.5 v diesel 8-seater,2009,350000,350000,diesel,individual,manual,first owner
maruti swift zxi plus,2018,600000,30000,petrol,individual,manual,first owner
maruti swift dzire vdi,2018,750000,20000,diesel,individual,manual,first owner
hyundai eon era plus,2018,270000,20000,petrol,individual,manual,first owner
maruti alto lxi,2007,90000,100000,petrol,individual,manual,second owner
maruti wagon r stingray vxi,2013,350000,65000,petrol,individual,manual,first owner
ford figo diesel celebration edition,2013,285000,90000,diesel,individual,manual,second owner
toyota innova 2.5 e diesel ms 7-seater,2011,665000,267000,diesel,individual,manual,second owner
mahindra scorpio 2.6 crde,2005,175000,250000,diesel,individual,manual,second owner
mahindra xylo d2,2011,350000,140000,diesel,individual,manual,second owner
honda city i-vtec cvt zx,2018,1225000,22000,petrol,dealer,automatic,first owner
honda jazz select edition active,2010,285000,60000,petrol,dealer,manual,second owner
honda city i-vtec vx,2018,1000000,28635,petrol,dealer,manual,first owner
honda amaze vx diesel bsiv,2018,780000,32114,diesel,dealer,manual,first owner
maruti celerio vxi,2014,300000,82000,petrol,dealer,manual,second owner
maruti swift vxi bsiii,2006,160000,95149,petrol,dealer,manual,second owner
honda amaze vx i-vtec,2018,625000,68458,petrol,dealer,manual,first owner
maruti ritz vxi,2010,265000,42000,petrol,individual,manual,first owner
honda city i dtec v,2014,515000,90000,diesel,individual,manual,second owner
hyundai eon d lite,2016,210000,30000,petrol,individual,manual,first owner
maruti alto lxi,2009,140000,80000,petrol,individual,manual,second owner
toyota innova 2.5 gx (diesel) 7 seater,2015,940000,128000,diesel,individual,manual,first owner
nissan terrano xv premium 110 ps,2013,750000,80000,diesel,individual,manual,first owner
maruti baleno alpha 1.3,2016,610000,100000,diesel,individual,manual,first owner
nissan sunny xv d premium leather,2015,450000,50000,diesel,individual,manual,first owner
toyota etios liva gd,2012,409999,56000,diesel,individual,manual,first owner
hyundai eon 1.0 era plus,2018,100000,21302,petrol,individual,manual,first owner
hyundai i20 active 1.4 sx,2016,650000,100000,diesel,individual,manual,first owner
mahindra tuv 300 t8,2017,650000,80000,diesel,individual,manual,first owner
hyundai getz 1.3 gls,2010,150000,105546,petrol,individual,manual,first owner
toyota etios liva 1.2 v,2018,500000,10000,petrol,individual,manual,first owner
toyota innova 2.5 gx 7 str bsiv,2012,1000000,80000,diesel,individual,manual,second owner
hyundai i20 magna optional 1.2,2013,340000,35000,petrol,individual,manual,first owner
hyundai elite i20 asta option bsiv,2019,800000,11240,petrol,individual,manual,first owner
toyota innova 2.5 g (diesel) 8 seater,2013,1010000,120000,diesel,individual,manual,first owner
toyota etios gd,2011,350000,120000,diesel,individual,manual,third owner
maruti swift vdi bsiv,2016,595000,70000,diesel,individual,manual,first owner
mahindra scorpio vlx 2wd bsiv,2014,700000,130000,diesel,individual,manual,third owner
renault kwid rxl,2019,265000,40000,petrol,individual,manual,first owner
maruti alto k10 vxi,2015,320000,60000,petrol,individual,manual,second owner
honda city 1.5 s mt,2011,310000,110000,petrol,individual,manual,first owner
honda city i dtec vx,2014,700000,130000,diesel,individual,manual,first owner
maruti alto lxi bsiii,2009,130000,80000,petrol,individual,manual,second owner
maruti swift dzire vdi,2009,150000,120000,diesel,individual,manual,second owner
honda amaze e i-dtech,2015,300000,104000,diesel,individual,manual,second owner
maruti swift dzire lxi,2011,150000,100000,petrol,individual,manual,second owner
honda city 1.3 exi,2003,120000,132343,petrol,individual,manual,second owner
hyundai creta 1.4 crdi s plus,2016,950000,90000,diesel,individual,manual,second owner
maruti wagon r vxi bs iv,2007,100000,60000,petrol,individual,manual,second owner
honda jazz 1.5 sv i dtec,2015,450000,76000,diesel,individual,manual,first owner
maruti 800 ex,2004,30000,60000,petrol,individual,manual,third owner
mahindra renault logan 1.6 petrol glsx,2009,200000,30000,petrol,individual,manual,second owner
tata indigo ls,2010,250000,96000,diesel,individual,manual,second owner
mahindra marazzo m8 8str,2018,1300000,10000,diesel,individual,manual,first owner
toyota etios liva 1.4 vd,2017,425000,36000,diesel,dealer,manual,first owner
honda amaze vx o idtec,2017,550000,12997,diesel,dealer,manual,first owner
maruti ciaz 1.4 at zeta,2017,500000,40000,petrol,individual,automatic,first owner
hyundai verna crdi 1.6 sx option,2018,1150000,26430,diesel,dealer,manual,first owner
maruti swift 1.3 vxi abs,2015,475000,24600,petrol,dealer,manual,first owner
maruti wagon r lxi,2011,260000,28481,petrol,dealer,manual,first owner
ford ecosport 1.0 ecoboost titanium optional,2013,350000,100000,petrol,individual,manual,first owner
mahindra xuv500 w8 2wd,2013,750000,41988,diesel,dealer,manual,first owner
maruti wagon r lxi,2009,180000,30375,petrol,dealer,manual,first owner
renault kwid climber 1.0 amt bsiv,2017,350000,7658,petrol,dealer,automatic,first owner
maruti swift dzire vdi,2017,611000,34400,diesel,dealer,manual,first owner
renault kwid rxl bsiv,2017,325000,18500,petrol,dealer,manual,first owner
maruti alto vxi,2015,280000,26134,petrol,dealer,manual,first owner
maruti wagon r amt vxi,2014,300000,28942,petrol,dealer,automatic,first owner
mahindra xuv500 w8 2wd,2012,711000,53600,diesel,dealer,manual,first owner
toyota innova 2.5 g (diesel) 8 seater,2015,851000,53652,diesel,dealer,manual,first owner
maruti ritz vdi,2011,260000,52895,diesel,dealer,manual,first owner
hyundai verna sx diesel,2013,550000,42324,diesel,dealer,manual,second owner
mahindra xuv500 w10 1.99 mhawk,2016,1044999,65000,diesel,dealer,manual,first owner
mahindra scorpio ex,2012,550000,60236,diesel,dealer,manual,first owner
maruti wagon r vxi bs iv,2014,210000,70000,petrol,individual,manual,second owner
maruti wagon r vxi bs iv,2014,210000,70000,petrol,individual,manual,third owner
mahindra xylo e8,2009,290000,100000,diesel,individual,manual,second owner
fiat 500 lounge,2008,250999,110000,diesel,individual,manual,first owner
renault triber rxt bsiv,2019,600000,10300,petrol,individual,manual,first owner
fiat grande punto evo 1.3 active,2014,270000,120000,diesel,individual,manual,second owner
tata new safari 4x4 ex,2012,550000,142000,diesel,individual,manual,first owner
mahindra tuv 300 mhawk100 t8,2017,800000,25000,diesel,individual,manual,first owner
tata altroz xe,2020,500000,5000,petrol,individual,manual,first owner
hyundai creta 1.6 crdi sx,2016,535000,52600,diesel,individual,manual,first owner
hyundai grand i10 1.2 kappa sportz bsiv,2016,396000,28643,petrol,dealer,manual,first owner
honda city i dtec vx,2014,600000,50000,diesel,individual,manual,first owner
maruti wagon r zxi 1.2,2019,575000,30000,petrol,dealer,manual,first owner
hyundai santro sportz bsiv,2020,520000,5000,petrol,individual,manual,first owner
mahindra xuv500 at w10 fwd,2018,1400000,30000,diesel,individual,automatic,first owner
maruti baleno delta automatic,2018,600000,7600,petrol,individual,automatic,first owner
chevrolet beat diesel ls,2013,195000,47253,diesel,dealer,manual,first owner
maruti alto k10 vxi ags,2015,281000,4432,petrol,dealer,automatic,second owner
tata indica gls bs iv,2010,75000,110000,petrol,individual,manual,second owner
hyundai grand i10 sportz,2014,400000,25000,petrol,individual,manual,first owner
tata indica vista terra 1.4 tdi,2009,93000,70000,diesel,individual,manual,second owner
hyundai i20 active s petrol,2016,560000,68523,petrol,dealer,manual,first owner
hyundai eon 1.0 era plus,2019,400000,5000,petrol,individual,manual,first owner
tata tigor 1.2 revotron xt,2018,459999,40000,petrol,individual,manual,first owner
hyundai xcent 1.2 crdi e,2017,450000,43000,diesel,individual,manual,first owner
maruti alto green lxi (cng),2010,88000,80251,cng,dealer,manual,second owner
hyundai i20 1.2 era,2010,250000,34500,petrol,individual,manual,second owner
ford ikon 1.4 zxi,2000,22000,42743,petrol,dealer,manual,third owner
chevrolet beat diesel ls,2013,130000,93900,diesel,individual,manual,second owner
maruti zen vxi - bs iii,2004,79000,80000,petrol,individual,manual,first owner
chevrolet beat diesel ls,2012,120000,110000,diesel,individual,manual,first owner
bmw 7 series 730ld,2011,1700000,100000,diesel,individual,automatic,second owner
chevrolet optra magnum 2.0 lt,2012,300000,25000,diesel,individual,manual,first owner
chevrolet optra magnum 2.0 lt,2012,300000,25000,diesel,individual,manual,first owner
maruti a-star lxi,2009,145000,25000,petrol,individual,manual,first owner
ford endeavour 3.2 titanium at 4x4,2019,3200000,20000,diesel,individual,automatic,first owner
chevrolet spark 1.0 lt,2013,240000,10000,petrol,individual,manual,first owner
honda wr-v i-dtec vx,2018,700000,30000,diesel,individual,manual,first owner
hyundai accent glx,2010,145000,110000,petrol,individual,manual,second owner
maruti ertiga vdi limited edition,2014,535000,80000,diesel,individual,manual,second owner
mahindra kuv 100 mfalcon g80 k2 plus,2016,420000,21000,petrol,individual,manual,first owner
maruti alto k10 vxi,2016,350000,20000,petrol,individual,manual,first owner
maruti swift vdi bsiv,2015,550000,32000,diesel,individual,manual,first owner
mitsubishi montero 3.2 mt,2007,750000,180000,diesel,individual,manual,first owner
tata indica vista aqua 1.3 quadrajet abs bsiv,2012,198000,70000,diesel,individual,manual,second owner
hyundai i20 magna optional 1.4 crdi,2013,420000,50000,diesel,individual,manual,first owner
hyundai i20 magna optional 1.4 crdi,2013,420000,50000,diesel,individual,manual,first owner
ford endeavour 4x2 xlt,2004,195000,120000,diesel,individual,manual,first owner
hyundai eon sportz,2012,150000,55766,petrol,individual,manual,second owner
nissan micra xl,2011,275000,40000,petrol,individual,manual,second owner
maruti 800 std,2001,65000,60000,petrol,individual,manual,third owner
maruti swift lxi bsiv,2008,200000,50000,petrol,individual,manual,first owner
maruti swift dzire vdi,2010,250000,110000,diesel,individual,manual,second owner
renault duster 85ps diesel rxl,2013,450000,1000,diesel,dealer,manual,second owner
maruti ignis 1.3 delta,2018,590000,26350,diesel,dealer,manual,first owner
maruti sx4 vxi bsiv,2012,225000,110000,petrol,individual,manual,second owner
tata indigo cs lx (tdi) bs-iii,2015,225000,68745,diesel,dealer,manual,first owner
maruti alto 800 lxi,2006,165000,132000,petrol,individual,manual,first owner
mahindra bolero power plus slx,2019,860000,35000,diesel,individual,manual,first owner
mahindra xuv500 w6 2wd,2016,900000,47000,diesel,individual,manual,first owner
tata indigo tdi,2013,182000,100000,diesel,individual,manual,first owner
tata indica vista terra 1.4 tdi,2010,100000,80000,diesel,individual,manual,first owner
hyundai santro xing xl erlx euro iii,2006,100000,40000,petrol,individual,manual,second owner
maruti alto k10 vxi ags,2017,375000,27289,petrol,dealer,automatic,first owner
tata tiago xza amt,2018,525000,10980,petrol,dealer,automatic,first owner
hyundai eon era plus,2016,320000,24662,petrol,dealer,manual,first owner
maruti swift dzire vdi,2013,525000,37000,diesel,dealer,manual,first owner
nissan evalia xv,2014,650000,28245,diesel,dealer,manual,first owner
hyundai grand i10 1.2 crdi sportz option,2017,575000,27005,diesel,dealer,manual,first owner
hyundai i10 magna,2014,355000,39227,petrol,dealer,manual,first owner
mahindra kuv 100 d75 k4 plus 5str,2016,470000,31367,diesel,dealer,manual,first owner
maruti wagon r lxi,2008,221000,35008,petrol,dealer,manual,first owner
hyundai santro xing gls,2009,195000,27005,petrol,dealer,manual,first owner
maruti zen vx,2001,85000,86000,petrol,individual,manual,second owner
maruti swift vdi,2013,400000,50000,diesel,individual,manual,first owner
maruti baleno delta 1.3,2017,650000,20000,diesel,individual,manual,first owner
hyundai i10 magna 1.2,2010,400000,50000,petrol,individual,manual,first owner
tata manza aura (abs) quadrajet bs iv,2012,295000,80000,diesel,individual,manual,second owner
maruti omni lpg std bsiv,2006,60000,135000,lpg,individual,manual,fourth & above owner
maruti zen d ps,2003,110000,120000,diesel,individual,manual,third owner
fiat linea 1.3 multijet emotion,2015,550000,113600,diesel,individual,manual,first owner
hyundai santro xing gls,2008,190000,70000,petrol,individual,manual,third owner
ford aspire titanium plus diesel bsiv,2018,861999,20000,diesel,dealer,manual,first owner
ford aspire titanium plus bsiv,2018,782000,14000,petrol,dealer,manual,first owner
ford freestyle titanium plus diesel bsiv,2018,836000,26000,diesel,dealer,manual,first owner
honda city i vtec v,2016,696000,138925,petrol,dealer,manual,first owner
honda jazz 1.5 vx i dtec,2016,596000,121764,diesel,dealer,manual,first owner
honda jazz 1.2 vx i vtec,2016,612000,105429,petrol,dealer,manual,first owner
maruti alto 800 lxi,2015,114999,35000,petrol,individual,manual,first owner
tata bolt quadrajet xe,2017,340000,60000,diesel,individual,manual,first owner
maruti swift zxi plus,2020,550000,5000,petrol,individual,manual,first owner
chevrolet aveo u-va 1.2 lt,2008,114999,70000,petrol,individual,manual,third owner
maruti wagon r vxi,2000,105000,80000,petrol,individual,manual,first owner
maruti vitara brezza zdi,2019,890000,20000,diesel,individual,manual,first owner
tata nexon 1.2 revotron xz plus,2019,715000,8000,petrol,individual,manual,first owner
hyundai i20 asta (o),2014,525000,54000,petrol,dealer,manual,second owner
volkswagen jetta 2.0l tdi highline at,2012,735000,55300,diesel,dealer,automatic,first owner
honda amaze s i-vtec,2016,495000,11958,petrol,dealer,manual,first owner
hyundai creta 1.6 sx option,2017,1025000,9000,petrol,dealer,manual,first owner
mahindra xuv500 w8 2wd,2015,750000,70000,diesel,individual,manual,first owner
renault duster 85ps diesel rxl optional,2013,600000,120000,diesel,individual,manual,first owner
hyundai i20 asta 1.2,2014,475000,23122,petrol,dealer,manual,second owner
hyundai santro xing xo,2007,80000,58000,petrol,dealer,manual,second owner
mahindra bolero 2011-2019 sle,2013,325000,62200,diesel,dealer,manual,first owner
audi a6 2.0 tdi premium plus,2014,1470000,34000,diesel,dealer,automatic,second owner
fiat avventura multijet emotion,2015,350000,53000,diesel,individual,manual,second owner
audi a8 4.2 tdi,2013,2800000,49000,diesel,dealer,automatic,first owner
datsun redigo 1.0 s,2017,210000,15000,petrol,dealer,manual,second owner
chevrolet cruze lt,2012,349000,44500,diesel,dealer,manual,second owner
volkswagen jetta 1.4 tsi comfortline,2013,450000,50000,petrol,individual,manual,first owner
audi a4 2.0 tdi 177 bhp premium plus,2013,1150000,53000,diesel,dealer,automatic,first owner
honda civic 1.8 v at,2009,210000,63500,petrol,dealer,automatic,first owner
mercedes-benz e-class exclusive e 200 bsiv,2018,4500000,9800,petrol,dealer,automatic,first owner
volkswagen polo gti,2017,825000,13599,petrol,dealer,automatic,first owner
bmw x1 sdrive 20d xline,2017,2750000,13000,diesel,individual,automatic,first owner
chevrolet beat diesel,2012,160000,110000,diesel,individual,manual,first owner
mahindra scorpio sle bsiv,2014,550000,100000,diesel,individual,manual,second owner
maruti swift 1.3 vxi abs,2006,95000,110000,petrol,individual,manual,third owner
toyota innova 2.5 g (diesel) 7 seater,2014,725000,90000,diesel,individual,manual,second owner
tata tigor 1.2 revotron xz option,2019,670000,17000,petrol,individual,manual,first owner
maruti alto lx,2008,65000,140000,petrol,individual,manual,first owner
mahindra xylo d4,2015,500000,50000,diesel,individual,manual,second owner
mahindra kuv 100 mfalcon g80 k8 5str,2017,600000,53000,petrol,individual,manual,first owner
maruti wagon r vxi optional,2017,350000,70000,petrol,individual,manual,second owner
chevrolet beat diesel lt,2012,200000,70000,diesel,individual,manual,second owner
hyundai getz 1.5 crdi gvs,2008,110000,154000,diesel,individual,manual,third owner
hyundai eon sportz,2012,150000,80000,petrol,individual,manual,first owner
maruti zen d ps,2003,75000,110000,diesel,individual,manual,second owner
honda amaze ex i-dtech,2013,350000,90000,diesel,individual,manual,second owner
toyota innova crysta 2.4 vx mt 8s bsiv,2018,1700000,15000,diesel,individual,manual,first owner
bmw x1 sdrive20d,2011,890000,86000,diesel,individual,automatic,second owner
mahindra scorpio m2di,2014,500000,120000,diesel,individual,manual,first owner
hyundai elite i20 sportz plus dual tone bsiv,2019,600000,5200,petrol,individual,manual,first owner
chevrolet beat ls,2010,99000,60000,petrol,individual,manual,second owner
hyundai i10 era 1.1 itech se,2011,235000,46000,petrol,individual,manual,first owner
tata indigo glx,2006,75000,40000,petrol,individual,manual,second owner
honda city i dtec vx,2014,600000,90000,diesel,individual,manual,second owner
hyundai verna crdi 1.6 sx,2019,1000000,25000,diesel,individual,manual,second owner
hyundai verna 1.6 sx,2012,390000,90000,diesel,individual,manual,first owner
volkswagen polo 1.5 tdi highline,2015,600000,70000,diesel,individual,manual,first owner
hyundai i20 1.2 spotz,2017,600000,70000,petrol,individual,manual,second owner
hyundai elite i20 magna plus diesel,2019,730000,35000,diesel,individual,manual,second owner
hyundai grand i10 1.2 kappa magna at,2017,450000,12700,petrol,individual,automatic,first owner
maruti ritz ldi,2011,250000,80000,diesel,individual,manual,first owner
mahindra xuv500 w10 2wd,2018,1400000,20000,diesel,individual,manual,first owner
renault kwid 1.0 rxt optional,2018,300000,20000,petrol,individual,manual,first owner
ford ecosport 1.5 petrol titanium bsiv,2017,800000,19000,petrol,individual,manual,first owner
fiat grande punto active (diesel),2009,125000,95000,diesel,individual,manual,second owner
bmw x1 sdrive 20d xline,2019,2600000,9500,diesel,individual,automatic,first owner
skoda fabia 1.2 mpi ambition plus,2012,300000,50000,petrol,individual,manual,first owner
volkswagen polo diesel trendline 1.2l,2012,295000,90000,diesel,individual,manual,first owner
ford ecosport 1.0 ecoboost platinum edition bsiv,2013,650000,45839,petrol,dealer,manual,first owner
chevrolet aveo 1.4 ls,2010,200000,74510,petrol,dealer,manual,first owner
chevrolet aveo u-va 1.2 ls,2009,130000,87293,petrol,dealer,manual,first owner
ford figo diesel exi,2012,250000,156040,diesel,dealer,manual,first owner
ford endeavour 2.5l 4x2 mt,2004,400000,93415,diesel,dealer,manual,first owner
ford aspire titanium bsiv,2017,430000,101159,petrol,dealer,manual,first owner
hyundai eon 1.0 kappa magna plus,2015,170000,80000,petrol,individual,manual,second owner
tata tiago 2019-2020 xz,2019,450000,12000,petrol,individual,manual,first owner
maruti swift zxi,2013,350000,90000,petrol,individual,manual,first owner
chevrolet spark 1.0 lt,2011,130000,68519,petrol,dealer,manual,first owner
chevrolet beat diesel ls,2012,180000,55130,diesel,dealer,manual,first owner
ford ecosport 1.0 ecoboost titanium optional,2014,475000,65239,petrol,dealer,manual,first owner
volkswagen polo 1.2 mpi comfortline,2015,470000,58182,petrol,dealer,manual,first owner
ford fiesta diesel trend,2012,200000,91245,diesel,dealer,manual,first owner
mahindra xuv500 w8 2wd,2013,650000,102989,diesel,dealer,manual,first owner
honda city 1.5 e mt,2010,400000,50000,petrol,individual,manual,first owner
maruti zen vxi,2000,100000,120000,petrol,individual,manual,first owner
maruti swift dzire vdi,2014,409999,90000,diesel,individual,manual,first owner
maruti swift vdi bsiv,2018,640000,25000,diesel,individual,manual,first owner
maruti wagon r lxi minor,2007,160000,80000,petrol,individual,manual,second owner
tata indigo tdi,2013,182000,100000,diesel,individual,manual,first owner
maruti baleno zeta 1.3,2018,750000,70000,diesel,individual,manual,first owner
mahindra jeep mm 550 xdb,2002,150000,50000,diesel,individual,manual,third owner
maruti alto std,2008,80000,100000,petrol,individual,manual,second owner
maruti celerio vdi,2016,240000,90000,diesel,individual,manual,third owner
maruti esteem lxi,2005,60000,60000,petrol,individual,manual,third owner
maruti alto lx,2007,70000,120000,petrol,individual,manual,third owner
volkswagen jetta 1.9 highline tdi,2008,285000,90000,diesel,individual,automatic,second owner
maruti swift vdi bsiv,2015,350000,60000,diesel,individual,manual,second owner
hyundai i20 active 1.4 sx with avn,2015,699000,30000,diesel,individual,manual,second owner
ford figo diesel zxi,2011,275000,108000,diesel,individual,manual,second owner
hyundai i20 1.4 crdi magna,2012,350000,160000,diesel,individual,manual,second owner
maruti alto lxi bsiii,2006,135000,90000,petrol,individual,manual,third owner
mahindra xylo e4 8s,2010,325000,120000,diesel,individual,manual,third owner
mahindra xuv500 w8 2wd,2012,650000,102000,diesel,individual,manual,second owner
mahindra bolero sle,2009,300000,178000,diesel,individual,manual,second owner
toyota innova 2.5 vx (diesel) 8 seater,2014,1200000,200000,diesel,individual,manual,second owner
ford fiesta petrol trend,2012,450000,60000,petrol,dealer,manual,first owner
tata tiago 1.2 revotron xe,2019,425000,3000,petrol,individual,manual,first owner
maruti alto lxi,2006,150000,75118,petrol,individual,manual,second owner
maruti ritz ldi,2013,290000,140000,diesel,individual,manual,second owner
hyundai xcent 1.2 kappa base,2014,335000,60000,petrol,individual,manual,second owner
chevrolet optra 1.6,2006,120000,79000,petrol,dealer,manual,fourth & above owner
ford ikon 1.6 zxi nxt,2005,20000,25000,petrol,individual,manual,second owner
hyundai getz gls,2005,250000,70000,petrol,individual,manual,first owner
hyundai santro xing gl plus,2008,120000,41723,petrol,individual,manual,second owner
maruti sx4 vxi bsiv,2010,250000,70000,petrol,individual,manual,first owner
tata indigo ls,2012,220000,70000,diesel,individual,manual,second owner
ford ikon 1.3 flair,2005,61000,4637,petrol,individual,manual,second owner
maruti swift vdi bsiv,2016,620000,70000,diesel,individual,manual,first owner
maruti swift dzire ldix limited edition,2014,425000,100000,diesel,individual,manual,second owner
tata indica vista aqua 1.3 quadrajet,2009,85000,120000,diesel,individual,manual,second owner
maruti swift 1.3 dlx,2015,270000,40000,diesel,individual,manual,second owner
maruti swift vdi bsiii,2009,180000,220000,diesel,individual,manual,first owner
renault kwid 1.0 rxt optional,2018,300000,20000,petrol,individual,manual,first owner
ford ecosport 1.5 petrol titanium bsiv,2017,800000,19000,petrol,individual,manual,first owner
fiat grande punto active (diesel),2009,125000,95000,diesel,individual,manual,second owner
mahindra kuv 100 mfalcon g80 k2,2017,450000,30000,petrol,individual,manual,first owner
tata new safari dicor 2.2 vx 4x4,2012,450000,42655,diesel,individual,manual,first owner
renault kwid 1.0 rxl,2017,250000,43000,petrol,individual,manual,second owner
toyota innova 2.5 vx 8 str bsiv,2012,725000,70000,diesel,individual,manual,first owner
hyundai i20 magna,2010,250000,55000,petrol,individual,manual,first owner
fiat punto 1.3 active,2010,99000,80000,diesel,individual,manual,second owner
renault kwid 1.0,2017,350000,55000,petrol,individual,manual,first owner
hyundai xcent 1.2 vtvt e plus,2018,511000,70000,petrol,individual,manual,first owner
maruti ritz vdi,2012,300000,80000,diesel,individual,manual,first owner
audi q5 2.0 tfsi quattro,2010,1100000,110000,petrol,individual,automatic,first owner
hyundai i10 sportz 1.2,2010,125000,60000,petrol,individual,manual,third owner
tata tiago 1.2 revotron xz,2018,500000,30000,petrol,individual,manual,first owner
renault duster 85ps diesel rxl,2013,385000,80000,diesel,individual,manual,second owner
skoda rapid 1.6 mpi elegance,2012,350000,90000,petrol,individual,manual,first owner
maruti 800 std bsiii,2003,60000,50000,petrol,individual,manual,first owner
hyundai santro xing gls,2012,300000,50000,petrol,individual,manual,first owner
hyundai i20 1.4 crdi asta,2012,400000,70000,diesel,individual,manual,first owner
ford ecosport 1.5 dv5 mt titanium,2014,550000,110000,diesel,individual,manual,first owner
nissan sunny xl,2012,300000,80000,petrol,individual,manual,second owner
maruti swift vdi,2012,250000,156000,diesel,individual,manual,first owner
toyota innova 2.5 gx 7 str,2012,800000,180000,diesel,individual,manual,first owner
maruti eeco 5 seater ac bsiv,2018,300000,25000,petrol,individual,manual,first owner
maruti alto lx,2004,80000,120000,petrol,individual,manual,first owner
mahindra scorpio s5 bsiv,2020,1200000,11000,diesel,individual,manual,first owner
renault kwid amt,2017,355000,40000,petrol,individual,automatic,first owner
maruti swift dzire vdi,2015,520000,50000,diesel,individual,manual,first owner
hyundai verna 1.6 crdi,2012,500000,26000,diesel,individual,manual,first owner
maruti alto lxi,2008,114999,30000,petrol,individual,manual,first owner
toyota fortuner 4x2 manual,2014,1800000,50000,diesel,individual,manual,first owner
mahindra tuv 300 t6 plus,2018,800000,20000,diesel,individual,manual,first owner
maruti alto lxi bsiii,2008,105000,30000,petrol,individual,manual,second owner
maruti alto lxi,2011,135000,78000,petrol,individual,manual,first owner
maruti wagon r vxi bs iv,2011,170000,40000,petrol,individual,manual,second owner
hyundai verna 1.6 sx vtvt,2014,550000,100000,petrol,individual,manual,first owner
honda city 1.5 v mt,2009,250000,70000,petrol,individual,manual,third owner
hyundai elantra crdi sx,2014,650000,30000,diesel,individual,manual,second owner
honda city 1.5 v at exclusive,2008,210000,77000,petrol,individual,automatic,third owner
volkswagen vento diesel highline,2011,260000,150000,diesel,individual,manual,first owner
maruti swift dzire zdi,2016,750000,69000,diesel,individual,manual,first owner
toyota innova crysta 2.8 gx at bsiv,2016,1350000,120000,diesel,individual,automatic,first owner
maruti ritz vdi,2012,220000,120000,diesel,individual,manual,second owner
hyundai getz 1.3 gls,2008,110000,110000,petrol,individual,manual,second owner
mahindra xuv500 at w8 fwd,2017,1230000,70000,diesel,individual,automatic,first owner
mahindra quanto c6,2013,220000,110000,diesel,individual,manual,first owner
tata indigo lx dicor,2009,130000,50000,diesel,individual,manual,first owner
hyundai i20 1.2 magna,2012,330000,44000,petrol,individual,manual,first owner
honda city 1.5 s mt,2010,254999,90000,petrol,individual,manual,second owner
hyundai verna 1.6 sx vtvt (o),2014,600000,50000,petrol,individual,manual,second owner
hyundai i10 magna,2012,210000,50000,petrol,individual,manual,first owner
chevrolet enjoy tcdi lt 7 seater,2014,300000,146000,diesel,individual,manual,first owner
tata tiago 1.2 revotron xta,2018,426000,15000,petrol,individual,automatic,first owner
maruti alto k10 vxi,2015,265000,60000,petrol,individual,manual,first owner
hyundai xcent 1.2 kappa sx,2016,450000,35000,petrol,individual,manual,second owner
hyundai verna 1.6 sx,2012,480000,80000,diesel,individual,manual,first owner
tata nano lx,2010,40000,90000,petrol,individual,manual,first owner
honda city 1.5 s mt,2011,395000,70000,petrol,individual,manual,second owner
maruti wagon r vxi bs iv,2013,229999,62000,petrol,individual,manual,second owner
ford ecosport 1.5 petrol titanium plus at,2018,875000,10000,petrol,individual,automatic,first owner
maruti eeco 5 str with ac plus htr cng,2010,170000,80000,cng,individual,manual,fourth & above owner
hyundai i20 sportz 1.2,2015,500000,35000,petrol,individual,manual,second owner
renault duster 85ps diesel rxl,2013,450000,1000,diesel,dealer,manual,second owner
mercedes-benz c-class progressive c 220d,2018,3800000,10000,diesel,dealer,automatic,first owner
audi a4 3.0 tdi quattro,2013,1580000,86000,diesel,dealer,automatic,first owner
bmw x5 xdrive 30d xline,2019,4950000,30000,diesel,dealer,automatic,first owner
hyundai creta 1.6 crdi sx,2016,535000,52600,diesel,individual,manual,first owner
maruti sx4 vxi bsiv,2012,225000,110000,petrol,individual,manual,second owner
hyundai grand i10 1.2 kappa magna at,2017,550000,19890,petrol,dealer,automatic,first owner
maruti swift zxi bsiv,2016,670000,7104,petrol,trustmark dealer,manual,first owner
maruti ertiga vxi,2015,625000,11918,petrol,trustmark dealer,manual,first owner
hyundai grand i10 magna at,2017,520000,10510,petrol,dealer,automatic,first owner
chevrolet beat lt option,2016,239000,41000,petrol,dealer,manual,first owner
toyota fortuner 4x2 at,2017,2600000,47162,diesel,trustmark dealer,automatic,first owner
maruti s-cross zeta ddis 200 sh,2015,750000,45974,diesel,trustmark dealer,manual,first owner
hyundai i10 magna,2012,229999,49824,petrol,dealer,manual,first owner
audi a6 2.0 tdi premium plus,2013,1300000,58500,diesel,dealer,automatic,first owner
hyundai santro gs,2005,80000,56580,petrol,dealer,manual,first owner
skoda laura ambiente 2.0 tdi cr mt,2012,385000,52000,diesel,dealer,manual,first owner
hyundai verna 1.6 vtvt sx,2015,760000,55340,petrol,trustmark dealer,manual,first owner
maruti swift dzire vdi,2017,600000,46507,diesel,trustmark dealer,manual,first owner
maruti ignis 1.2 sigma bsiv,2019,450000,40000,petrol,individual,manual,first owner
maruti ignis 1.2 sigma bsiv,2019,450000,40000,petrol,individual,manual,first owner
maruti ertiga vdi,2012,550000,120000,diesel,individual,manual,third owner
tata manza aura safire bs iv,2013,200000,60000,petrol,individual,manual,first owner
tata indica gls bs iv,2008,80000,90000,petrol,individual,manual,second owner
tata new safari dicor 2.2 ex 4x2,2010,300000,250000,diesel,individual,manual,second owner
ford aspire titanium plus diesel bsiv,2019,675000,15000,diesel,individual,manual,first owner
maruti eeco 7 seater standard bsiv,2017,260000,30000,petrol,individual,manual,first owner
hyundai grand i10 1.2 kappa asta,2019,500000,15000,petrol,individual,manual,first owner
hyundai eon sportz,2012,150000,55766,petrol,individual,manual,second owner
maruti alto lxi,2006,100000,80000,petrol,individual,manual,first owner
maruti wagon r lxi,2001,70000,117000,petrol,individual,manual,second owner
maruti alto lx,2004,100000,70000,petrol,individual,manual,first owner
toyota innova 2.5 vx (diesel) 7 seater,2012,730000,110000,diesel,individual,manual,second owner
nissan terrano xl 85 ps,2016,525000,100000,diesel,individual,manual,second owner
nissan terrano xl 85 ps,2016,525000,105000,diesel,individual,manual,second owner
toyota innova 2.5 v diesel 7-seater,2009,550000,182000,diesel,individual,manual,third owner
toyota corolla altis diesel d4dj,2012,420000,95000,diesel,individual,manual,second owner
honda amaze sx i-vtec,2015,500000,70000,petrol,individual,manual,first owner
maruti wagon r lxi minor,2009,165000,76000,petrol,individual,manual,second owner
hyundai verna 1.6 sx,2014,650000,70000,diesel,individual,manual,second owner
chevrolet beat diesel lt,2013,195000,46000,diesel,individual,manual,first owner
maruti zen lx,1999,75000,70000,petrol,individual,manual,first owner
hyundai accent crdi,2005,100000,120000,diesel,individual,manual,second owner
toyota innova crysta 2.4 vx mt bsiv,2017,1770000,25000,diesel,individual,manual,first owner
maruti esteem lxi - bsiii,2006,90000,90000,petrol,individual,manual,first owner
hyundai xcent 1.1 crdi base,2016,515000,50000,diesel,individual,manual,first owner
honda jazz 1.5 vx i dtec,2017,700000,24585,diesel,dealer,manual,test drive car
maruti zen lx,2001,62000,70000,petrol,individual,manual,first owner
toyota etios gd sp,2011,220000,110000,diesel,individual,manual,third owner
hyundai santro magna cng bsiv,2019,520000,10000,cng,individual,manual,first owner
fiat linea emotion,2010,170000,100000,petrol,individual,manual,first owner
ford figo diesel titanium,2011,190000,110000,diesel,individual,manual,second owner
ford figo diesel titanium,2011,150000,100000,diesel,individual,manual,second owner
maruti zen estilo lxi bs iv,2009,125000,65000,petrol,individual,manual,first owner
honda amaze ex i-dtech,2015,290000,40000,diesel,individual,manual,third owner
maruti celerio x zxi bsiv,2019,490000,13900,petrol,individual,manual,first owner
tata tigor 1.2 revotron xz option,2017,434999,17563,petrol,individual,manual,first owner
tata zest revotron 1.2t xe,2016,380000,15000,petrol,individual,manual,first owner
volkswagen polo diesel trendline 1.2l,2012,200000,82000,diesel,individual,manual,second owner
ford figo 1.5d trend mt,2016,495000,40000,diesel,individual,manual,first owner
toyota innova 2.5 z diesel 7 seater bs iv,2014,894999,173000,diesel,individual,manual,third owner
mahindra xuv500 w6 2wd,2014,600000,151000,diesel,individual,manual,second owner
honda brio s mt,2015,300000,50000,petrol,individual,manual,first owner
honda amaze e i-vtec,2017,430000,15000,petrol,individual,manual,first owner
honda amaze e i-dtec,2017,370000,80000,diesel,individual,manual,first owner
maruti baleno zeta 1.2,2019,750000,11000,petrol,individual,manual,first owner
maruti alto k10 lxi cng optional,2016,300000,50000,cng,individual,manual,first owner
bmw x1 sdrive20d,2012,700000,120000,diesel,individual,automatic,second owner
maruti wagon r lxi duo bsiii,2007,100000,70000,lpg,individual,manual,third owner
hyundai grand i10 sportz,2015,300000,90000,petrol,individual,manual,first owner
tata indica vista quadrajet vx,2012,130000,185000,diesel,individual,manual,second owner
hyundai i20 asta option 1.4 crdi,2016,650000,40000,diesel,individual,manual,first owner
maruti swift vdi bsiv,2017,509999,25000,diesel,individual,manual,first owner
toyota innova 2.5 vx (diesel) 7 seater,2013,1000000,117780,diesel,individual,manual,second owner
hyundai verna crdi sx,2010,280000,120000,diesel,individual,manual,second owner
maruti swift ddis vdi,2017,600000,120000,diesel,individual,manual,first owner
skoda rapid 1.6 tdi ambition,2013,210000,120000,diesel,individual,manual,third owner
audi q3 2.0 tdi quattro premium plus,2014,1150000,110000,diesel,individual,automatic,second owner
hyundai eon magna plus,2018,229999,30000,petrol,individual,manual,first owner
hyundai eon magna plus,2018,245000,30000,petrol,individual,manual,first owner
mahindra scorpio s4 4wd,2015,600000,60000,diesel,individual,manual,first owner
hyundai grand i10 sportz,2016,375000,25000,petrol,individual,manual,first owner
mahindra scorpio 1.99 s10,2015,150000,55000,diesel,individual,manual,second owner
mahindra xuv500 w10 2wd,2018,1450000,20000,diesel,individual,manual,first owner
maruti ertiga vdi,2014,500000,100000,diesel,individual,manual,second owner
maruti alto lxi,2007,75000,40000,petrol,individual,manual,second owner
hyundai sonata at leather,2006,225000,80000,petrol,individual,automatic,third owner
hyundai sonata 2.4l at,2006,275000,80000,petrol,individual,automatic,fourth & above owner
mahindra bolero power plus slx,2018,620000,35000,diesel,individual,manual,first owner
nissan x-trail slx mt,2010,600000,110000,diesel,individual,manual,second owner
mahindra xylo e8 abs airbag bsiv,2011,275000,160000,diesel,individual,manual,first owner
tata indigo tdi,2013,125000,125000,diesel,individual,manual,first owner
tata indigo gls,2011,80000,62000,petrol,individual,manual,second owner
nissan micra diesel xv,2011,199000,120000,diesel,individual,manual,second owner
nissan micra xl,2016,440000,33000,petrol,individual,manual,second owner
maruti swift dzire ldi,2013,250000,80000,diesel,individual,manual,fourth & above owner
hyundai i20 1.4 sportz,2017,700000,35000,diesel,individual,manual,first owner
hyundai grand i10 crdi asta option,2015,450000,50000,diesel,individual,manual,first owner
maruti alto 800 std optional,2019,240000,5000,petrol,individual,manual,first owner
hyundai xcent 1.2 kappa sx,2016,350000,12000,petrol,individual,manual,first owner
ford ecosport 1.5 tdci titanium bsiv,2016,650000,81595,diesel,dealer,manual,first owner
hyundai getz gls abs,2005,71000,22000,petrol,individual,manual,first owner
maruti swift vxi optional,2015,400000,40000,petrol,individual,manual,first owner
maruti alto lxi bsiii,2008,130000,40000,petrol,individual,manual,second owner
mahindra scorpio 2.6 crde sle,2013,300000,70000,diesel,individual,manual,second owner
nissan kicks xl d bsiv,2019,1100000,4000,diesel,individual,manual,first owner
bmw 3 series 320d luxury line,2015,2200000,24000,diesel,individual,automatic,first owner
honda amaze vx i-vtec,2018,800000,13500,petrol,dealer,manual,first owner
maruti ritz vdi (abs) bs iv,2013,490000,40000,diesel,individual,manual,first owner
honda jazz 1.2 vx i vtec,2018,836000,9700,petrol,dealer,manual,first owner
volkswagen polo petrol comfortline 1.2l,2012,375000,62000,petrol,individual,manual,second owner
honda br-v i-dtec vx mt,2016,1249000,24000,diesel,dealer,manual,first owner
honda wr-v i-dtec vx,2019,1240000,13000,diesel,dealer,manual,first owner
tata nano std bsii,2009,35000,50000,petrol,individual,manual,third owner
honda br-v i-vtec vx mt,2017,1068000,36000,petrol,dealer,manual,first owner
honda br-v i-dtec vx mt,2017,1189000,40000,diesel,dealer,manual,first owner
hyundai elite i20 petrol asta option,2018,700000,27000,petrol,individual,manual,first owner
maruti alto k10 vxi,2016,350000,40000,petrol,individual,manual,first owner
hyundai i10 magna 1.2,2009,254999,80000,petrol,individual,manual,second owner
mahindra scorpio 2.6 crde,2005,229999,221000,diesel,individual,manual,third owner
hyundai i20 asta option 1.4 crdi,2016,750000,80000,diesel,individual,manual,first owner
maruti ritz vdi,2012,325000,119000,diesel,individual,manual,second owner
toyota innova 2.5 g4 diesel 7-seater,2009,760000,190000,diesel,individual,manual,second owner
maruti celerio zxi at,2017,509999,25000,petrol,individual,automatic,first owner
nissan micra xl,2013,363000,28740,petrol,individual,manual,first owner
maruti alto k10 lxi,2010,229999,48500,petrol,individual,manual,first owner
nissan sunny xl,2012,290000,110000,petrol,individual,manual,second owner
maruti swift vxi,2018,550000,30000,petrol,individual,manual,first owner
tata indica vista tdi lx,2011,125000,120000,diesel,individual,manual,second owner
volvo xc60 d5 inscription,2014,2000000,130000,diesel,individual,automatic,first owner
toyota innova 2.5 g4 diesel 7-seater,2008,350000,140000,diesel,individual,manual,second owner
hyundai verna 1.6 sx crdi (o),2011,390000,90000,diesel,individual,manual,first owner
maruti wagon r vxi minor abs,2010,260000,50000,petrol,individual,manual,first owner
maruti omni bsiii 8-str w/ immobiliser,2008,150000,50000,petrol,individual,manual,second owner
maruti esteem vxi - bsiii,2006,85000,60000,petrol,individual,manual,second owner
maruti alto 800 lxi,2015,280000,15000,petrol,individual,manual,second owner
maruti celerio vxi,2015,220000,45000,petrol,individual,manual,first owner
hyundai santro xing xg,2005,140000,80000,petrol,individual,manual,third owner
maruti wagon r amt vxi option,2018,370000,15000,petrol,individual,automatic,first owner
maruti swift dzire vdi,2019,650000,20000,diesel,individual,manual,first owner
maruti alto 800 lx,2017,280000,37000,petrol,individual,manual,first owner
maruti swift dzire vdi,2016,540000,80000,diesel,individual,manual,first owner
ambassador classic 2000 dsz,2002,50000,120000,diesel,individual,manual,fourth & above owner
maruti ciaz sigma bsiv,2018,800000,20000,petrol,individual,manual,first owner
ford figo 1.5d titanium mt,2016,515000,25000,diesel,individual,manual,first owner
hyundai i20 1.2 magna,2010,220000,96000,petrol,individual,manual,third owner
hyundai i20 asta (o),2014,525000,54000,petrol,dealer,manual,second owner
chevrolet spark 1.0 lt option pack w/ airbag,2013,165000,53000,petrol,dealer,manual,first owner
fiat linea 1.3 emotion,2010,221000,65000,diesel,dealer,manual,first owner
chevrolet beat lt,2015,245000,43000,petrol,dealer,manual,first owner
ford figo 1.2p titanium plus mt,2012,260000,42000,petrol,dealer,manual,first owner
skoda superb elegance 2.0 tdi cr at,2011,550000,73000,diesel,dealer,automatic,first owner
hyundai grand i10 1.2 kappa era,2015,434999,29000,petrol,dealer,manual,first owner
tata safari storme ex,2013,450000,95000,diesel,dealer,manual,first owner
chevrolet sail 1.2 base,2014,290000,25000,petrol,individual,manual,first owner
volkswagen vento 1.0 tsi highline plus,2011,305000,53000,petrol,dealer,manual,second owner
ford classic 1.6 duratec lxi,2011,265000,20000,petrol,dealer,manual,first owner
honda brio 1.2 s mt,2014,325000,57000,petrol,dealer,manual,first owner
chevrolet cruze ltz,2014,550000,52000,diesel,dealer,manual,first owner
maruti zen estilo lxi bsiii,2008,105000,40000,petrol,individual,manual,first owner
honda brio 1.2 s mt,2012,275000,47000,petrol,dealer,manual,first owner
honda city 1.5 v mt,2012,434999,47000,petrol,dealer,manual,second owner
hyundai verna 1.6 crdi sx,2016,690000,73000,diesel,dealer,manual,first owner
honda brio v mt,2012,249000,42000,petrol,dealer,manual,second owner
hyundai eon d lite plus,2012,204999,60000,petrol,dealer,manual,third owner
chevrolet beat diesel lt,2012,200000,50000,diesel,individual,manual,first owner
maruti wagon r vxi optional,2015,190000,120000,petrol,individual,manual,first owner
maruti alto lxi,2012,150000,50000,petrol,individual,manual,first owner
maruti zen lx,1999,70000,70000,petrol,individual,manual,fourth & above owner
mahindra bolero power plus slx,2018,900000,25000,diesel,individual,manual,first owner
maruti ertiga zxi at petrol,2019,950000,11000,petrol,individual,automatic,first owner
maruti swift dzire vxi,2013,475000,80000,petrol,individual,manual,first owner
maruti 800 std,1998,55000,80000,petrol,individual,manual,fourth & above owner
ford fiesta titanium 1.5 tdci,2013,450000,75000,diesel,individual,manual,second owner
bmw 5 series 525d sedan,2009,1200000,45000,diesel,individual,automatic,third owner
mahindra bolero slx,2007,300000,100000,diesel,individual,manual,second owner
honda city i dtec e,2014,350000,60000,diesel,individual,manual,second owner
tata indica vista quadrajet ls,2011,229999,160000,diesel,individual,manual,second owner
hyundai creta 1.6 gamma sx plus,2015,821000,50000,petrol,individual,manual,first owner
maruti alto k10 vxi,2014,200000,80000,petrol,individual,manual,second owner
mahindra scorpio 1.99 s10,2017,1000000,60000,diesel,individual,manual,second owner
maruti alto 800 vxi,2016,220000,60000,petrol,individual,manual,second owner
ford figo aspire 1.5 tdci trend,2015,459999,148620,diesel,dealer,manual,first owner
maruti sx4 zdi,2012,310000,70000,diesel,individual,manual,second owner
hyundai elite i20 diesel asta option,2018,815000,42000,diesel,individual,manual,first owner
hyundai verna 1.6 crdi sx option,2017,1200000,40000,diesel,individual,manual,first owner
chevrolet optra magnum 2.0 lt,2011,170000,150000,diesel,individual,manual,second owner
maruti s-cross alpha ddis 200 sh,2017,1000000,30000,diesel,individual,manual,first owner
hyundai santro xing gls,2010,155000,90000,petrol,individual,manual,fourth & above owner
mahindra tuv 300 t6 plus,2017,400000,120000,diesel,individual,manual,first owner
mahindra quanto c4,2016,400000,80000,diesel,individual,manual,second owner
tata indica vista aura 1.3 quadrajet bsiv,2010,250000,80000,diesel,individual,manual,second owner
tata indigo glx,2008,150000,50000,petrol,individual,manual,third owner
hyundai santro lp zipplus,2002,80000,70000,petrol,individual,manual,second owner
maruti sx4 zxi at,2009,130000,120000,petrol,individual,automatic,second owner
volkswagen vento 1.5 tdi comfortline at,2014,325000,70000,diesel,individual,automatic,first owner
volkswagen jetta 2.0l tdi highline at,2012,735000,55300,diesel,dealer,automatic,first owner
tata indica vista quadrajet 90 vx,2012,285000,74300,diesel,dealer,manual,first owner
honda city vx mt,2010,350000,48781,petrol,dealer,manual,first owner
volkswagen jetta 1.9 highline tdi,2010,290000,87620,diesel,dealer,automatic,first owner
volkswagen vento 1.5 tdi highline plus at,2017,890000,40219,diesel,dealer,automatic,first owner
honda jazz vx,2011,385000,11473,petrol,dealer,manual,first owner
maruti eeco 5 seater ac bsiv,2017,425000,8352,petrol,dealer,manual,first owner
maruti wagon r vxi amt1.2bsiv,2017,525000,9745,petrol,dealer,automatic,first owner
hyundai grand i10 asta,2017,550000,9748,petrol,dealer,manual,first owner
volkswagen polo 1.0 mpi trendline,2012,271000,49000,petrol,dealer,manual,first owner
hyundai creta 1.6 crdi sx option,2018,1490000,20694,diesel,dealer,manual,first owner
hyundai grand i10 asta option,2015,490000,31080,petrol,dealer,manual,first owner
hyundai eon era plus,2014,260000,37605,petrol,dealer,manual,first owner
hyundai xcent 1.1 crdi sx option,2014,455000,55850,diesel,dealer,manual,first owner
tata nano lx bsiv,2010,75000,58850,petrol,dealer,manual,first owner
toyota etios cross 1.2l g,2015,421000,23839,petrol,dealer,manual,first owner
maruti swift ddis ldi,2016,550000,54000,diesel,dealer,manual,first owner
hyundai i10 sportz 1.2 at,2013,330000,38000,petrol,dealer,automatic,first owner
volkswagen vento 1.5 tdi comfortline,2012,390000,45454,diesel,dealer,manual,first owner
skoda rapid 1.5 tdi at ambition,2015,599000,46957,diesel,dealer,automatic,first owner
hyundai elite i20 sportz plus cvt bsiv,2019,738000,8000,petrol,individual,automatic,first owner
maruti alto k10 vxi,2016,300000,30000,petrol,individual,manual,first owner
tata indica vista quadrajet lx,2012,150000,110000,diesel,individual,manual,first owner
toyota innova 2.5 g4 diesel 7-seater,2007,440000,223000,diesel,individual,manual,fourth & above owner
volkswagen vento ipl ii diesel trendline,2011,280000,110000,diesel,individual,manual,first owner
hyundai santro gs,2006,100000,120000,petrol,individual,manual,second owner
maruti swift vxi bsiv,2008,150000,100000,petrol,individual,manual,second owner
maruti swift dzire vdi,2014,380000,100000,diesel,individual,manual,second owner
maruti alto lx,2006,90000,60000,petrol,individual,manual,second owner
mahindra scorpio vls 2.2 mhawk,2008,300000,270000,diesel,individual,manual,third owner
skoda fabia 1.2 tdi active,2011,275000,60000,diesel,individual,manual,second owner
maruti zen estilo sports,2009,180000,41090,petrol,individual,manual,first owner
maruti swift vdi,2012,225000,296823,diesel,individual,manual,first owner
maruti alto 800 lxi,2014,200000,40000,petrol,individual,manual,first owner
toyota corolla altis g,2011,500000,40000,petrol,individual,manual,second owner
ford fiesta 1.6 duratec s,2010,300000,70000,petrol,individual,manual,second owner
hyundai verna 1.6 crdi sx,2015,765000,80000,diesel,individual,manual,second owner
maruti swift dzire vdi,2017,650000,90000,diesel,individual,manual,first owner
maruti wagon r vxi plus optional,2017,380000,19000,petrol,individual,manual,first owner
maruti swift dzire vdi,2014,480000,110000,diesel,individual,manual,second owner
mahindra jeep mm 540,1996,200000,60000,diesel,individual,manual,first owner
maruti wagon r vxi plus optional,2017,380000,19000,petrol,individual,manual,first owner
maruti zen estilo lxi green (cng),2010,145000,68000,cng,individual,manual,second owner
maruti ritz vdi,2011,280000,120000,diesel,individual,manual,second owner
maruti swift dzire vdi,2014,254999,30000,diesel,individual,manual,first owner
tata bolt revotron xe,2016,300000,90000,petrol,individual,manual,second owner
maruti swift vdi bsiv,2015,480000,140000,diesel,individual,manual,third owner
skoda rapid monte carlo 1.6 mpi at bsiv,2017,850000,44500,petrol,individual,automatic,first owner
hyundai i20 asta 1.4 crdi,2014,350000,52000,diesel,individual,manual,second owner
hyundai i20 active 1.2 sx,2016,650000,26000,petrol,individual,manual,first owner
hyundai i20 active 1.2 sx,2016,650000,26000,petrol,individual,manual,first owner
tata new safari 4x2,2007,550000,80000,petrol,individual,manual,second owner
maruti celerio vxi,2015,300000,35000,petrol,individual,manual,first owner
maruti swift 1.3 vxi,2008,150000,60000,petrol,individual,manual,second owner
hyundai grand i10 sportz,2014,300000,120000,petrol,individual,manual,first owner
hyundai santro xing xg,2004,80000,58000,petrol,individual,manual,first owner
tata manza club class quadrajet90 ls,2014,200000,100000,diesel,individual,manual,first owner
hyundai eon magna plus,2016,220000,43700,petrol,individual,manual,first owner
tata indica gls bs iv,2009,68000,120000,petrol,individual,manual,second owner
tata manza elan quadrajet bs iv,2011,180000,80000,diesel,individual,manual,third owner
hyundai eon era plus,2017,290000,20000,petrol,individual,manual,first owner
maruti eeco 5 seater ac bsiv,2018,300000,25000,petrol,individual,manual,first owner
honda city i dtec sv,2014,600000,27483,diesel,dealer,manual,first owner
maruti swift lxi,2019,470000,8000,petrol,individual,manual,first owner
hyundai i10 sportz 1.2,2008,150000,30000,petrol,individual,manual,first owner
maruti swift vvt vxi,2017,400000,30000,petrol,individual,manual,first owner
ford fiesta 1.4 zxi tdci abs,2009,110000,100000,diesel,individual,manual,fourth & above owner
maruti alto 800 lxi,2014,180000,56207,petrol,dealer,manual,second owner
hyundai i20 sportz petrol,2010,250000,40000,petrol,individual,manual,first owner
maruti zen lxi,2006,80000,70000,petrol,individual,manual,first owner
honda wr-v i-vtec vx,2018,875000,1440,petrol,individual,manual,first owner
hyundai grand i10 sportz,2015,425000,12000,petrol,individual,manual,first owner
maruti alto 800 lxi,2019,300000,50000,petrol,individual,manual,first owner
honda amaze vx i-dtec,2016,700000,35000,diesel,individual,manual,first owner
maruti zen estilo vxi bsiv,2010,130000,50000,petrol,individual,manual,second owner
maruti ertiga shvs zdi plus,2017,1000000,60000,diesel,individual,manual,second owner
maruti swift dzire zdi,2017,650000,67000,diesel,individual,manual,first owner
renault duster petrol rxl,2013,400000,100000,petrol,individual,manual,second owner
mahindra tuv 300 mhawk100 t8,2017,800000,60000,diesel,individual,manual,first owner
mahindra bolero power plus slx,2017,675000,70000,diesel,individual,manual,first owner
maruti omni e mpi std bs iv,2017,210000,50000,petrol,individual,manual,fourth & above owner
tata new safari dicor 2.2 ex 4x2,2009,150000,120000,diesel,individual,manual,third owner
maruti omni cng,2007,45000,100000,cng,individual,manual,fourth & above owner
hyundai i20 sportz 1.2,2015,516000,90000,petrol,individual,manual,first owner
hyundai i20 sportz 1.2,2014,450000,80000,petrol,individual,manual,first owner
chevrolet spark 1.0 ls,2012,134000,90000,petrol,individual,manual,second owner
toyota etios vd,2014,509999,157000,diesel,individual,manual,second owner
volkswagen polo 1.2 mpi comfortline,2016,500000,20000,petrol,individual,manual,first owner
maruti zen estilo 1.1 lxi bsiii,2008,130000,80000,petrol,individual,manual,fourth & above owner
maruti swift zdi bsiv,2015,575000,60000,diesel,individual,manual,first owner
hyundai elite i20 sportz plus bsiv,2015,550000,49000,petrol,individual,manual,first owner
tata indica vista terra tdi bsiii,2009,145000,89255,diesel,individual,manual,first owner
maruti alto 800 lxi,2020,347000,5000,petrol,individual,manual,first owner
tata indica vista quadrajet vx,2013,275000,110000,diesel,individual,manual,first owner
toyota innova 2.5 v diesel 8-seater,2010,630000,200000,diesel,individual,manual,third owner
chevrolet beat diesel,2012,160000,90000,diesel,individual,manual,second owner
fiat grande punto 1.3 dynamic (diesel),2010,150000,63000,diesel,individual,manual,third owner
honda mobilio s i vtec,2015,550000,23000,petrol,individual,manual,first owner
mahindra quanto c6,2013,349000,100000,diesel,individual,manual,first owner
mahindra bolero di dx 8 seater,2004,229999,168000,diesel,individual,manual,fourth & above owner
tata indica vista aqua 1.4 tdi,2008,110000,90000,diesel,individual,manual,third owner
maruti wagon r lxi minor,2008,110000,70000,petrol,individual,manual,third owner
renault kwid rxe,2018,245000,5550,petrol,individual,manual,second owner
maruti alto k10 vxi,2014,180000,100000,petrol,individual,manual,second owner
maruti wagon r vxi bs iv,2014,290000,80000,petrol,individual,manual,second owner
hyundai i20 magna,2010,250000,40000,petrol,individual,manual,first owner
tata indigo tdi,2010,150000,100000,diesel,individual,manual,first owner
maruti 800 ac bsii,2004,55000,35000,petrol,individual,manual,third owner
skoda laura l n k 1.9 pd,2006,500000,75000,diesel,individual,manual,second owner
mahindra quanto c4,2013,290000,150000,diesel,individual,manual,fourth & above owner
hyundai santro magna amt bsiv,2019,400000,16000,petrol,individual,automatic,first owner
maruti alto std,2009,72000,70000,petrol,individual,manual,first owner
maruti ritz vdi,2014,250000,115000,diesel,individual,manual,first owner
maruti swift amt vxi,2019,575000,25000,petrol,individual,automatic,first owner
kia seltos htk plus at d,2019,1300000,10000,diesel,individual,automatic,first owner
hyundai santro magna bsiv,2019,425000,15000,petrol,individual,manual,first owner
maruti eeco cng 5 seater ac bsiv,2019,470000,10000,cng,individual,manual,first owner
toyota etios vx,2012,220000,80000,petrol,individual,manual,third owner
maruti alto 800 lxi,2020,310000,1700,petrol,individual,manual,first owner
ford figo 1.5d trend mt,2016,400000,45217,diesel,dealer,manual,first owner
volkswagen vento diesel comfortline,2012,215000,97000,diesel,individual,manual,first owner
hyundai eon magna plus,2018,310000,20000,petrol,individual,manual,first owner
maruti ciaz zdi plus shvs,2017,750000,50000,diesel,individual,manual,first owner
tata new safari dicor 2.2 ex 4x2,2009,204999,120000,diesel,individual,manual,second owner
maruti swift 1.3 vxi,2010,260000,50000,petrol,individual,manual,first owner
maruti alto lxi,2012,180000,40000,petrol,individual,manual,second owner
mahindra renault logan 1.5 dle diesel,2007,125000,110000,diesel,individual,manual,second owner
maruti swift vdi bsiv,2014,420000,155000,diesel,individual,manual,first owner
maruti alto k10 lxi,2011,220000,70000,petrol,individual,manual,second owner
maruti alto k10 2010-2014 vxi,2010,200000,70000,petrol,individual,manual,third owner
ford ikon 1.4 tdci duratorq,2009,130000,100000,diesel,individual,manual,third owner
tata tiago xt,2016,335000,41000,petrol,dealer,manual,first owner
ford endeavour titanium plus 4x4,2017,2650000,60000,diesel,dealer,automatic,first owner
ford endeavour 3.2 titanium at 4x4,2018,2675000,56000,diesel,dealer,automatic,first owner
ford endeavour titanium plus 4x4,2017,2675000,60000,diesel,dealer,automatic,first owner
honda city v at,2011,434999,97000,petrol,dealer,automatic,second owner
honda city i vtec s,2014,500000,60000,petrol,individual,manual,first owner
maruti alto k10 vxi airbag,2017,290000,60000,petrol,individual,manual,first owner
ford ecosport 1.5 ti vct at titanium,2014,475000,48000,petrol,dealer,automatic,second owner
maruti swift dzire vdi,2009,270000,190000,diesel,individual,manual,third owner
hyundai xcent 1.2 vtvt s,2019,600000,80000,petrol,individual,manual,first owner
hyundai i20 asta 1.4 crdi,2013,300000,70000,diesel,individual,manual,second owner
volkswagen jetta 2.0l tdi comfortline,2012,415000,80000,diesel,individual,manual,second owner
maruti vitara brezza zdi plus amt,2018,800000,30000,diesel,individual,automatic,second owner
hyundai grand i10 sportz,2016,420000,44440,petrol,individual,manual,second owner
hyundai creta 1.6 crdi sx plus,2018,1250000,30000,diesel,individual,manual,first owner
maruti swift vdi bsiv,2011,270000,120000,diesel,individual,manual,first owner
hyundai grand i10 crdi sportz,2015,390000,80000,diesel,individual,manual,second owner
skoda laura ambiente 2.0 tdi cr mt,2012,400000,110000,diesel,individual,manual,first owner
ford fiesta 1.4 zxi leather,2007,100000,170000,petrol,individual,manual,first owner
audi a6 2.7 tdi,2010,850000,46000,diesel,individual,automatic,first owner
chevrolet cruze ltz at,2012,359000,120000,diesel,individual,automatic,third owner
maruti swift dzire zdi,2015,470000,91365,diesel,dealer,manual,first owner
maruti swift dzire vdi,2013,360000,90010,diesel,dealer,manual,second owner
maruti ertiga vdi,2013,250999,80000,diesel,individual,manual,first owner
tata nano lx bsiv,2012,45000,35000,petrol,individual,manual,second owner
maruti wagon r vxi bsii,2006,75000,80000,petrol,individual,manual,second owner
maruti swift dzire vdi,2013,495000,31800,diesel,dealer,manual,first owner
maruti wagon r cng lxi,2013,310000,59100,cng,dealer,manual,first owner
honda jazz 1.2 v i vtec,2016,540000,31200,petrol,dealer,manual,first owner
maruti ciaz vdi plus shvs,2016,665000,51000,diesel,dealer,manual,first owner
hyundai i20 magna 1.4 crdi (diesel),2013,425000,22700,diesel,dealer,manual,second owner
audi a4 2.0 tdi,2011,1295000,58000,diesel,dealer,automatic,first owner
maruti ciaz vdi shvs,2016,675000,50900,diesel,dealer,manual,first owner
maruti vitara brezza zdi plus dual tone,2018,980000,10000,diesel,individual,manual,first owner
chevrolet beat diesel ls,2014,320000,60000,diesel,individual,manual,first owner
maruti ritz vxi,2011,250000,80000,petrol,individual,manual,second owner
maruti baleno zeta 1.3,2016,600000,72000,diesel,individual,manual,first owner
hyundai xcent 1.2 kappa s,2016,300000,96000,petrol,individual,manual,first owner
chevrolet beat diesel ls,2014,305000,66000,diesel,individual,manual,first owner
tata new safari dicor 2.2 gx 4x2 bs iv,2012,270000,80000,diesel,individual,manual,second owner
renault fluence 1.5,2012,300000,90000,diesel,individual,manual,first owner
maruti wagon r lxi minor,2009,106000,70000,petrol,individual,manual,first owner
hyundai accent gls 1.6 abs,2006,90000,75000,petrol,individual,manual,third owner
tata tiago 1.2 revotron xz,2019,539000,2417,petrol,individual,manual,first owner
ford fiesta 1.4 zxi tdci abs,2009,110000,100000,diesel,individual,manual,fourth & above owner
hyundai eon era plus option,2016,250000,30000,petrol,individual,manual,second owner
hyundai i20 asta (o),2009,300000,50000,petrol,individual,manual,first owner
mahindra scorpio bsiv,2018,707000,60000,diesel,individual,manual,first owner
hyundai getz gls,2007,95000,120000,petrol,individual,manual,fourth & above owner
maruti eeco cng 5 seater ac bsiv,2020,495000,7000,cng,individual,manual,first owner
tata indigo tdi,2012,200000,35000,diesel,individual,manual,first owner
maruti a-star vxi,2009,110000,110000,petrol,individual,manual,fourth & above owner
maruti alto lxi,2008,100000,130000,petrol,individual,manual,fourth & above owner
maruti alto 800 lx,2016,150000,25000,petrol,individual,manual,second owner
toyota etios 1.5 v,2016,509999,35000,petrol,individual,manual,first owner
ford ikon 1.3 flair,2005,50000,80000,petrol,individual,manual,third owner
chevrolet aveo 1.4,2007,85000,70000,petrol,individual,manual,second owner
hyundai grand i10 1.2 kappa magna bsiv,2018,475000,23000,petrol,individual,manual,first owner
volkswagen polo 1.2 mpi highline,2014,425000,40000,petrol,individual,manual,first owner
bmw 5 series 530i,2006,480000,110000,petrol,individual,automatic,second owner
maruti s-cross delta ddis 200 sh,2019,950000,10000,diesel,individual,manual,first owner
maruti swift dzire vdi,2015,535000,80000,diesel,individual,manual,first owner
hyundai verna crdi sx abs,2009,325000,25000,diesel,individual,manual,third owner
maruti wagon r stingray vxi,2013,270000,74000,petrol,individual,manual,third owner
maruti celerio vxi,2015,300000,60000,petrol,individual,manual,third owner
volkswagen vento diesel trendline,2011,325000,70000,diesel,individual,manual,first owner
tata new safari dicor 2.2 ex 4x2,2010,350000,100000,diesel,individual,manual,first owner
hyundai verna crdi sx,2008,229999,146000,diesel,individual,manual,third owner
maruti swift dzire ldi,2012,325000,120000,diesel,individual,manual,second owner
maruti wagon r lxi,2005,70000,70000,petrol,individual,manual,second owner
skoda laura ambiente,2008,190000,120000,diesel,individual,manual,third owner
chevrolet cruze ltz,2011,345000,65500,diesel,individual,manual,first owner
mahindra scorpio 1.99 s10,2016,1025000,70000,diesel,individual,manual,first owner
maruti alto 800 lxi,2012,120000,50000,petrol,individual,manual,first owner
maruti alto lxi bsiii,2009,114999,90000,petrol,individual,manual,second owner
honda city 1.5 s mt,2009,300000,120000,petrol,individual,manual,second owner
maruti celerio vxi,2016,340000,56000,petrol,dealer,manual,first owner
maruti wagon r lxi,2005,90000,70000,petrol,individual,manual,second owner
maruti alto lx,2006,150000,140300,petrol,individual,manual,first owner
maruti alto k10 2010-2014 vxi,2010,115999,70000,petrol,individual,manual,first owner
toyota etios liva 1.4 vd,2017,425000,36000,diesel,dealer,manual,first owner
honda amaze vx o idtec,2017,550000,12997,diesel,dealer,manual,first owner
maruti ciaz 1.4 at zeta,2017,500000,40000,petrol,individual,automatic,first owner
mahindra quanto c8,2013,300000,25000,diesel,individual,manual,second owner
hyundai verna crdi 1.6 sx option,2018,1150000,26430,diesel,dealer,manual,first owner
maruti swift 1.3 vxi abs,2015,475000,24600,petrol,dealer,manual,first owner
maruti wagon r lxi,2011,260000,28481,petrol,dealer,manual,first owner
ford ecosport 1.0 ecoboost titanium optional,2013,350000,100000,petrol,individual,manual,first owner
mahindra xuv500 w8 2wd,2013,750000,41988,diesel,dealer,manual,first owner
renault kwid climber 1.0 amt bsiv,2017,350000,7658,petrol,dealer,automatic,first owner
maruti wagon r lxi,2009,180000,30375,petrol,dealer,manual,first owner
maruti swift dzire vdi,2017,611000,34400,diesel,dealer,manual,first owner
renault kwid rxl bsiv,2017,325000,18500,petrol,dealer,manual,first owner
hyundai eon 1.0 era plus,2012,225000,48000,petrol,dealer,manual,first owner
maruti wagon r amt vxi,2014,300000,28942,petrol,dealer,automatic,first owner
mahindra bolero power plus slx,2017,400000,50000,diesel,individual,manual,second owner
mahindra xuv500 w8 2wd,2012,711000,53600,diesel,dealer,manual,first owner
toyota innova 2.5 g (diesel) 8 seater,2015,851000,53652,diesel,dealer,manual,first owner
maruti wagon r vxi,2016,375000,23000,petrol,dealer,manual,second owner
maruti zen estilo lxi bsiii,2007,275000,10211,petrol,individual,manual,first owner
mahindra scorpio 2.6 slx turbo 7 seater,2005,120000,120000,diesel,individual,manual,third owner
maruti celerio zdi,2015,350000,120000,diesel,individual,manual,first owner
maruti celerio zxi,2017,409999,35000,petrol,individual,manual,first owner
hyundai verna 1.6 sx,2012,500000,130000,diesel,individual,manual,first owner
nissan sunny diesel xl,2013,220000,90000,diesel,individual,manual,second owner
ford fiesta 1.6 duratec exi ltd,2008,120000,80000,petrol,individual,manual,second owner
hyundai santro xing xk,2007,70000,55000,petrol,individual,manual,second owner
maruti swift dzire zxi plus,2017,800000,15000,petrol,individual,manual,first owner
maruti swift dzire vdi,2014,450000,260000,diesel,individual,manual,second owner
mahindra scorpio sle bsiv,2012,525000,145000,diesel,individual,manual,first owner
datsun go plus remix limited edition,2016,300000,35000,petrol,individual,manual,first owner
hyundai i10 magna,2008,195000,56000,petrol,individual,manual,second owner
ford fiesta classic 1.4 sxi duratorq,2007,130000,98000,diesel,individual,manual,second owner
toyota etios vd,2011,300000,135000,diesel,individual,manual,second owner
maruti alto vxi,2002,120000,60000,petrol,individual,manual,third owner
toyota innova 2.5 g3,2010,450000,120000,diesel,individual,manual,third owner
tata indigo ls,2010,160000,102000,diesel,individual,manual,second owner
mahindra bolero power plus plus ac bsiv ps,2018,800000,35000,diesel,individual,manual,first owner
maruti 800 ac,2013,100000,80000,petrol,individual,manual,first owner
volkswagen polo gti,2017,825000,13599,petrol,dealer,automatic,first owner
maruti alto 800 lxi,2015,265000,32933,petrol,dealer,manual,first owner
maruti wagon r lxi,2008,175000,54551,petrol,dealer,manual,first owner
maruti omni 8 seater bsiv,2014,250999,57112,petrol,dealer,manual,first owner
hyundai xcent 1.2 vtvt s at,2015,471000,41025,petrol,dealer,automatic,first owner
maruti swift dzire ldi,2019,650000,5000,diesel,individual,manual,first owner
maruti swift dzire ldi,2019,650000,5000,diesel,individual,manual,first owner
hyundai eon magna,2012,225000,53122,petrol,dealer,manual,second owner
maruti alto 800 lxi cng,2013,245000,64111,cng,dealer,manual,first owner
maruti ritz lxi,2011,221000,78892,petrol,dealer,manual,first owner
hyundai i20 1.2 asta,2011,271000,74113,petrol,dealer,manual,first owner
maruti wagon r vxi,2012,290000,80000,petrol,dealer,manual,first owner
maruti swift vxi bsiv,2017,525000,39000,petrol,dealer,manual,first owner
volkswagen vento 1.6 highline,2012,377000,84775,petrol,dealer,manual,first owner
tata nano lx se,2012,95000,20778,petrol,dealer,manual,first owner
maruti ertiga vdi,2015,763000,64441,diesel,dealer,manual,first owner
honda amaze s i-vtech,2015,450000,43192,petrol,dealer,manual,first owner
tata nano twist xe,2014,140000,44416,petrol,dealer,manual,first owner
maruti ciaz vdi plus shvs,2016,701000,79991,diesel,dealer,manual,first owner
nissan micra diesel xv,2011,277000,62601,diesel,dealer,manual,second owner
maruti baleno delta automatic,2018,520000,50000,petrol,individual,automatic,first owner
ford figo aspire 1.5 tdci ambiente abs,2017,550000,100000,diesel,individual,manual,first owner
volkswagen vento diesel highline,2011,260000,97000,diesel,individual,manual,third owner
renault pulse rxz,2015,420000,100000,diesel,individual,manual,first owner
opelcorsa 1.4 gl,2002,35000,100000,petrol,individual,manual,third owner
mahindra xuv500 w7 bsiv,2018,1150000,20000,diesel,individual,manual,first owner
maruti ciaz 1.4 zeta,2017,680000,46000,petrol,individual,manual,first owner
maruti swift vdi,2012,425000,40000,diesel,individual,manual,first owner
maruti swift dzire ldi,2014,450000,70000,diesel,individual,manual,second owner
toyota innova 2.5 gx (diesel) 8 seater bs iv,2008,590000,89600,diesel,individual,manual,third owner
volkswagen jetta 1.4 tsi comfortline,2017,936999,60800,petrol,individual,manual,first owner
honda mobilio s i dtec,2015,420000,104000,diesel,individual,manual,second owner
volkswagen polo 1.5 tdi highline,2014,450000,80000,diesel,individual,manual,second owner
maruti 800 ac,2004,40000,69111,petrol,individual,manual,third owner
toyota innova 2.5 g (diesel) 8 seater,2014,520000,70000,diesel,individual,manual,second owner
maruti 800 ac,2007,80000,120000,petrol,individual,manual,first owner
tata nano cx,2014,55000,40000,petrol,individual,manual,first owner
mahindra bolero di dx 7 seater,2001,80000,100000,diesel,individual,manual,third owner
maruti alto 800 lxi,2019,210000,20000,petrol,individual,manual,first owner
ford figo petrol titanium,2015,300000,50000,petrol,individual,manual,second owner
tata tiago 1.05 revotorq xm,2017,260000,50000,diesel,individual,manual,first owner
tata zest quadrajet 1.3,2016,250000,70000,diesel,individual,manual,first owner
tata indica vista aqua tdi bsiii,2008,80000,90000,diesel,individual,manual,first owner
toyota innova 2.5 gx (diesel) 7 seater bs iv,2010,450000,150000,diesel,individual,manual,second owner
toyota innova 2.5 g (diesel) 8 seater bs iv,2005,310000,120000,diesel,individual,manual,second owner
toyota innova 2.5 gx (diesel) 8 seater,2012,500000,100000,diesel,individual,manual,first owner
maruti ertiga shvs vdi,2016,800000,70000,diesel,individual,manual,second owner
hyundai creta 1.6 crdi sx,2016,840000,70000,diesel,individual,manual,second owner
honda amaze s i-vtech,2016,490000,50000,petrol,individual,manual,first owner
tata indica vista aqua 1.4 tdi,2010,125000,81000,diesel,individual,manual,second owner
chevrolet tavera neo 2 ls b4 7 str bsiii,2012,400000,120000,diesel,individual,manual,third owner
chevrolet cruze ltz,2015,1000000,3600,diesel,dealer,manual,first owner
ford figo aspire 1.2 ti-vct titanium plus,2015,530000,14272,petrol,dealer,manual,first owner
ford ecosport 1.5 diesel titanium plus bsiv,2017,840000,49213,diesel,dealer,manual,first owner
hyundai i10 sportz 1.1l,2015,229999,40000,petrol,individual,manual,first owner
maruti 800 std,1998,40000,40000,petrol,individual,manual,fourth & above owner
chevrolet spark 1.0 ls,2012,130000,80000,petrol,individual,manual,first owner
hyundai eon era plus,2015,200000,70000,petrol,individual,manual,first owner
tata indica vista aqua tdi bsiii,2011,120000,70000,diesel,individual,manual,first owner
hyundai santro lp zipplus,2003,75000,57000,petrol,individual,manual,first owner
tata bolt quadrajet xe,2016,250000,120000,diesel,individual,manual,first owner
maruti 800 ac bsiii,2005,100000,30000,petrol,individual,manual,first owner
hyundai eon era plus,2013,280000,3240,petrol,individual,manual,second owner
hyundai i20 magna 1.2,2015,540000,5000,petrol,individual,manual,first owner
hyundai i20 1.2 asta,2018,700000,10000,petrol,individual,manual,first owner
ford figo petrol exi,2014,350000,90000,petrol,individual,manual,second owner
maruti sx4 vdi,2011,320000,100000,diesel,individual,manual,first owner
honda amaze s i-dtec,2016,475000,90000,diesel,individual,manual,first owner
tata manza aura (abs) quadrajet bs iv,2011,220000,140000,diesel,individual,manual,second owner
nissan micra diesel xv premium,2013,210000,13770,diesel,individual,manual,first owner
ford ikon 1.3 flair,2005,61000,4637,petrol,individual,manual,second owner
skoda superb elegance 2.0 tdi cr at,2009,355000,100000,diesel,individual,automatic,second owner
chevrolet beat diesel lt,2012,150000,60000,diesel,individual,manual,first owner
tata indica vista quadrajet lx,2011,133000,80000,diesel,individual,manual,first owner
chevrolet cruze ltz at,2015,650000,50000,diesel,individual,automatic,first owner
nissan micra xl,2014,210000,40000,petrol,individual,manual,second owner
chevrolet beat diesel ls,2013,130000,93900,diesel,individual,manual,second owner
maruti 800 ac,2007,60000,70000,petrol,individual,manual,first owner
mahindra scorpio 2.6 slx turbo 7 seater,2005,120000,120000,diesel,individual,manual,third owner
bmw 5 series 520d luxury line,2017,2900000,40000,diesel,individual,automatic,first owner
hyundai accent crdi,2005,100000,120000,diesel,individual,manual,second owner
maruti zen vxi - bs iii,2004,79000,80000,petrol,individual,manual,first owner
chevrolet beat diesel ls,2012,120000,110000,diesel,individual,manual,first owner
maruti zen lxi - bs iii,2005,125000,34000,petrol,dealer,manual,first owner
chevrolet enjoy 1.3 tcdi ls 8,2013,425000,20000,diesel,dealer,manual,first owner
maruti wagon r lxi,2001,70000,117000,petrol,individual,manual,second owner
maruti swift vxi,2020,619000,1500,petrol,individual,manual,first owner
nissan micra xl,2017,415000,48965,petrol,dealer,manual,first owner
hyundai eon era plus option,2014,265000,55000,petrol,dealer,manual,first owner
tata indica gls bs iv,2008,70000,60000,petrol,individual,manual,first owner
chevrolet sail hatchback 1.3 tcdi,2015,281000,40000,diesel,individual,manual,first owner
tata indigo grand dicor,2013,211000,80000,diesel,individual,manual,first owner
hyundai elite i20 petrol magna exective,2018,550000,11000,petrol,individual,manual,first owner
chevrolet enjoy tcdi lt 8 seater,2014,350000,110000,diesel,individual,manual,first owner
maruti wagon r vxi amt,2017,420000,19890,petrol,dealer,automatic,first owner
renault kwid rxt,2015,270000,20969,petrol,dealer,manual,first owner
maruti celerio vxi,2016,399000,20194,petrol,dealer,manual,first owner
ford figo trend,2016,440000,34982,petrol,dealer,manual,first owner
hyundai eon magna,2012,250000,44588,petrol,dealer,manual,first owner
ford ecosport 1.5 diesel titanium,2016,650000,57904,diesel,dealer,manual,first owner
maruti alto k10 vxi,2015,270000,59258,petrol,dealer,manual,first owner
ford figo trend,2016,390000,60826,petrol,dealer,manual,first owner
mahindra xuv500 w10 2wd,2018,1500000,50000,diesel,individual,manual,first owner
maruti 800 ac,2014,225000,35000,petrol,individual,manual,first owner
mahindra xuv500 w8 2wd,2015,900000,110000,diesel,individual,manual,second owner
hyundai tucson 2.0 e-vgt 2wd at gl,2018,1600000,40000,diesel,individual,automatic,first owner
tata nexon 1.2 revotron xz plus dual tone,2019,800000,10000,petrol,individual,manual,first owner
honda amaze e i-dtech,2013,320000,50000,diesel,individual,manual,first owner
maruti alto 800 lxi,2016,300000,25000,petrol,individual,manual,first owner
hyundai i20 1.2 asta dual tone,2018,740000,25000,petrol,individual,manual,first owner
datsun redigo sv 1.0,2019,350000,1300,petrol,individual,manual,first owner
datsun go t bsiv,2014,280000,40000,petrol,individual,manual,first owner
maruti swift dzire amt vdi,2018,675000,50000,diesel,individual,automatic,first owner
hyundai i10 era 1.1 itech se,2011,300000,20000,petrol,individual,manual,first owner
chevrolet captiva 2.0l vcdi,2011,400000,76000,diesel,individual,manual,third owner
mahindra scorpio vlx 2wd bsiv,2010,420000,100000,diesel,individual,manual,third owner
tata new safari 3l dicor lx 4x2,2008,300000,120000,diesel,individual,manual,first owner
maruti wagon r vxi minor,2010,170000,70000,petrol,individual,manual,first owner
hyundai eon era plus,2014,210000,70000,petrol,individual,manual,third owner
maruti ertiga vdi,2015,600000,60000,diesel,individual,manual,second owner
maruti wagon r vxi bs iv,2014,260000,38000,petrol,individual,manual,second owner
tata nano twist xt,2015,82000,19000,petrol,individual,manual,first owner
mahindra tuv 300 t8,2016,690000,75000,diesel,individual,manual,first owner
hyundai grand i10 crdi asta,2015,300000,70000,diesel,individual,manual,first owner
honda brv i-dtec v mt,2017,1250000,30000,diesel,individual,manual,first owner
hyundai verna crdi 1.6 ex,2017,799000,31707,diesel,individual,manual,first owner
toyota fortuner 3.0 diesel,2010,1000000,180000,diesel,individual,manual,first owner
maruti alto 800 lxi,2014,190000,90000,petrol,individual,manual,second owner
mahindra verito 1.5 d2 bsiii,2014,250000,30000,diesel,individual,manual,first owner
hyundai verna 1.6 i abs,2009,200000,60000,petrol,individual,manual,first owner
mahindra bolero di,2005,300000,90000,diesel,individual,manual,second owner
tata zest revotron 1.2t xms,2015,250000,120000,petrol,individual,manual,second owner
maruti 800 ac,2008,90000,70000,petrol,individual,manual,third owner
hyundai santro le zipplus,2001,68000,70000,petrol,individual,manual,first owner
hyundai grand i10 1.2 kappa asta,2017,500000,26500,petrol,individual,manual,first owner
hyundai verna crdi 1.6 sx,2017,900000,50000,diesel,individual,manual,first owner
maruti alto lx,2007,100000,52000,petrol,individual,manual,second owner
renault duster 85ps diesel rxl,2016,700000,160000,diesel,individual,manual,first owner
volvo xc60 d3 kinetic,2012,1750000,115992,diesel,dealer,automatic,third owner
maruti wagon r vxi optional,2017,290000,110000,petrol,individual,manual,second owner
toyota innova 2.5 z diesel 7 seater bs iv,2014,1050000,97000,diesel,individual,manual,second owner
tata indigo lx dicor,2008,70000,100000,diesel,individual,manual,third owner
maruti swift zdi bsiv,2016,520000,41000,diesel,individual,manual,first owner
tata indigo ls,2012,150000,90000,diesel,individual,manual,first owner
hyundai i10 magna 1.1,2008,120000,90000,petrol,individual,manual,first owner
hyundai i20 asta option 1.2,2016,600000,25000,petrol,individual,manual,first owner
tata xenon xt ex 4x4,2010,150000,70000,diesel,individual,manual,second owner
volkswagen vento petrol highline,2011,400000,60000,petrol,individual,manual,first owner
maruti alto 800 lxi,2015,310000,30000,petrol,individual,manual,second owner
maruti baleno alpha 1.2,2015,550000,30000,petrol,individual,manual,first owner
hyundai i20 asta option 1.4 crdi,2016,550000,60000,diesel,individual,manual,first owner
hyundai grand i10 crdi magna,2013,320000,73000,diesel,individual,manual,first owner
maruti 800 ac bsii,1992,50000,100000,petrol,individual,manual,fourth & above owner
hyundai grand i10 1.2 kappa asta,2018,500000,32000,petrol,individual,manual,first owner
renault kwid rxt,2018,360000,26500,petrol,individual,manual,first owner
maruti vitara brezza vdi option,2017,700000,50000,diesel,individual,manual,second owner
maruti ertiga vdi,2012,700000,110000,diesel,individual,manual,second owner
hyundai i20 1.4 sportz,2017,655000,84000,diesel,dealer,manual,first owner
maruti vitara brezza vdi option,2017,700000,50000,diesel,individual,manual,second owner
chevrolet beat lt lpg,2011,200000,110000,lpg,individual,manual,first owner
renault duster 85ps diesel rxl optional,2012,375000,150000,diesel,individual,manual,first owner
hyundai verna 1.6 sx,2012,470000,109052,diesel,dealer,manual,first owner
maruti ciaz vdi,2015,550000,90658,diesel,dealer,manual,first owner
honda amaze vx i-dtec,2014,500000,110000,diesel,individual,manual,second owner
datsun go t option bsiv,2015,210000,25000,petrol,individual,manual,first owner
maruti eeco 7 seater standard bsiv,2018,270000,20000,petrol,individual,manual,first owner
skoda superb 1.8 tfsi mt,2010,300000,80000,petrol,individual,manual,first owner
maruti wagon r vxi minor,2007,80000,60000,petrol,individual,manual,third owner
mercedes-benz e-class e250 edition e,2013,1451000,81000,diesel,dealer,automatic,first owner
tata safari storme vx varicor 400,2018,1085000,15000,diesel,individual,manual,first owner
hyundai verna sx at diesel,2009,245000,75000,diesel,dealer,automatic,first owner
honda wr-v i-vtec vx,2017,700000,25552,petrol,dealer,manual,second owner
hyundai eon magna plus,2018,300000,20000,petrol,individual,manual,first owner
hyundai xcent 1.2 crdi e,2017,350000,80000,diesel,individual,manual,first owner
hyundai elite i20 asta option cvt bsiv,2017,635000,25000,petrol,dealer,automatic,first owner
honda city s,2012,325000,40700,petrol,individual,manual,first owner
mahindra xuv500 at w10 1.99 mhawk,2017,1150000,65500,diesel,dealer,automatic,first owner
tata indigo gle bsiii,2008,110000,42000,petrol,dealer,manual,first owner
honda city 1.5 v mt,2018,890000,8000,petrol,dealer,manual,first owner
maruti swift 1.3 lxi,2007,73000,80000,petrol,individual,manual,second owner
chevrolet beat ps,2014,170000,77000,petrol,individual,manual,first owner
maruti ciaz zxi plus,2016,750000,6000,petrol,dealer,manual,first owner
hyundai eon 1.0 era plus,2017,280000,28838,petrol,individual,manual,first owner
maruti baleno alpha 1.2,2018,690000,11174,petrol,dealer,manual,first owner
tata indigo gls,2008,130000,120000,petrol,individual,manual,first owner
maruti swift 1.3 lxi,2007,73000,80000,petrol,individual,manual,second owner
hyundai santro xing gls,2007,85000,85000,petrol,individual,manual,second owner
hyundai elantra 2.0 sx at,2018,1575000,10000,petrol,individual,automatic,first owner
nissan sunny diesel xv,2013,325000,105000,diesel,individual,manual,first owner
honda city 1.3 exi,1998,85000,120000,petrol,individual,manual,second owner
hyundai verna 1.6 crdi sx option,2018,860000,30000,diesel,dealer,manual,second owner
maruti s-cross sigma ddis 200 sh,2017,690000,41000,diesel,individual,manual,first owner
hyundai elantra crdi s,2013,650000,54000,diesel,dealer,manual,first owner
chevrolet sail ls abs,2014,375000,40000,diesel,individual,manual,first owner
hyundai verna 1.6 sx crdi (o),2013,525000,71000,diesel,dealer,manual,first owner
maruti eeco smiles 5 seater ac,2016,330000,72500,petrol,dealer,manual,first owner
maruti eeco smiles 5 seater ac,2013,280000,76600,petrol,dealer,manual,first owner
maruti swift zxi,2014,470000,40000,petrol,individual,manual,first owner
volkswagen polo diesel trendline 1.2l,2011,350000,110000,diesel,individual,manual,first owner
honda city 1.5 v elegance,2012,480000,63000,petrol,dealer,manual,first owner
hyundai verna 1.6 crdi sx,2016,620000,60000,diesel,individual,manual,first owner
datsun go t bsiv,2014,250000,58000,petrol,individual,manual,first owner
chevrolet spark 1.0,2010,78692,80000,petrol,individual,manual,second owner
hyundai i20 magna optional 1.4 crdi,2012,350000,80000,diesel,individual,manual,first owner
maruti wagon r lx minor,2013,250000,70000,petrol,individual,manual,second owner
hyundai i20 1.2 sportz,2011,260000,97700,petrol,individual,manual,fourth & above owner
honda mobilio s i dtec,2016,640000,36000,diesel,individual,manual,second owner
tata new safari dicor 2.2 ex 4x2,2008,220000,90000,diesel,individual,manual,second owner
volkswagen vento 1.5 tdi highline,2015,465000,130000,diesel,individual,manual,first owner
maruti swift vdi bsiii,2010,229999,120000,diesel,individual,manual,second owner
maruti wagon r vxi bs iv,2018,425000,15000,petrol,individual,manual,first owner
tata indica gls bs iv,2008,95000,120000,petrol,individual,manual,third owner
hyundai eon lpg magna plus,2012,170000,170000,lpg,individual,manual,third owner
datsun redigo t option,2016,229999,37500,petrol,individual,manual,second owner
maruti 800 std,1999,45000,50000,petrol,individual,manual,third owner
maruti grand vitara mt,2007,479000,145000,petrol,individual,manual,third owner
mahindra kuv 100 mfalcon g80 k8 5str,2016,370000,60000,petrol,individual,manual,first owner
hyundai eon sportz,2016,340000,30000,petrol,individual,manual,first owner
maruti swift dzire zxi,2016,620000,35000,petrol,individual,manual,first owner
tata manza club class quadrajet90 ex,2012,270000,60000,diesel,individual,manual,first owner
tata tiago 1.05 revotorq xz plus,2018,400000,35000,diesel,individual,manual,first owner
maruti wagon r vxi optional,2015,260000,40000,petrol,individual,manual,first owner
hyundai santro le zipplus,2003,48000,50000,petrol,individual,manual,fourth & above owner
tata nano twist xe,2015,100000,23800,petrol,individual,manual,second owner
nissan terrano xl plus 85 ps,2015,490000,70000,diesel,individual,manual,first owner
maruti wagon r duo lxi,2010,120000,90000,lpg,individual,manual,second owner
hyundai i10 era,2008,125000,102000,petrol,individual,manual,second owner
hyundai eon era plus,2013,160000,80000,petrol,individual,manual,first owner
maruti alto 800 lxi,2019,190000,5000,petrol,individual,manual,first owner
tata harrier xz bsiv,2019,1700000,10000,diesel,individual,manual,first owner
hyundai i10 sportz,2011,250000,50000,petrol,individual,manual,first owner
maruti ignis 1.2 delta bsiv,2019,500000,15000,petrol,individual,manual,first owner
toyota corolla altis 1.8 j,2008,400000,35000,petrol,individual,manual,second owner
fiat linea t jet plus,2011,500000,20000,petrol,individual,manual,first owner
toyota fortuner 4x2 at,2014,1800000,99000,diesel,individual,automatic,first owner
honda civic 1.8 v mt,2008,320000,90000,petrol,individual,manual,first owner
honda civic 1.8 s at,2007,250000,47000,petrol,dealer,automatic,first owner
ford figo diesel titanium,2010,105000,90000,diesel,individual,manual,third owner
hyundai i20 active 1.2 sx,2018,550000,20000,petrol,individual,manual,first owner
hyundai grand i10 1.2 kappa sportz at,2019,600000,1100,petrol,individual,automatic,first owner
maruti alto 800 vxi,2020,210000,40000,petrol,individual,manual,first owner
maruti alto 800 lxi airbag,2012,210000,15000,petrol,individual,manual,first owner
maruti alto lxi,2009,150000,40000,petrol,individual,manual,first owner
hyundai i10 era 1.1,2008,125000,60000,petrol,individual,manual,first owner
maruti celerio vxi,2016,380000,20000,petrol,individual,manual,first owner
maruti baleno delta 1.2,2019,600000,5000,petrol,individual,manual,first owner
maruti swift vxi deca,2016,490000,27000,petrol,individual,manual,first owner
maruti swift dzire ldi,2018,545000,38000,diesel,individual,manual,second owner
maruti wagon r vxi bs iv,2015,250000,25000,petrol,individual,manual,first owner
hyundai venue sx opt turbo bsiv,2020,1050000,1100,petrol,individual,manual,first owner
maruti wagon r lx minor,2007,100000,100000,petrol,individual,manual,first owner
ford figo diesel zxi,2014,250000,100000,diesel,individual,manual,second owner
maruti wagon r lx bsiii,2007,100000,110000,petrol,individual,manual,first owner
ford figo 1.5d ambiente abs mt,2016,350000,60000,diesel,individual,manual,second owner
renault duster 110ps diesel rxz plus,2012,370000,70000,diesel,individual,manual,second owner
maruti zen vxi - bs iii,2004,121000,110000,petrol,individual,manual,second owner
ford figo aspire 1.5 ti-vct titanium,2017,570000,44077,petrol,dealer,automatic,first owner
maruti ertiga shvs vdi,2017,785000,24000,diesel,individual,manual,first owner
maruti ciaz s 1.3,2018,850000,30000,diesel,individual,manual,first owner
maruti wagon r vxi bs iv,2016,375000,30000,petrol,individual,manual,second owner
maruti baleno alpha 1.2,2017,619000,40000,petrol,individual,manual,first owner
chevrolet cruze ltz,2011,335000,90000,diesel,individual,manual,second owner
toyota innova 2.5 g (diesel) 8 seater bs iv,2006,500000,50000,diesel,individual,manual,first owner
maruti wagon r lx,2003,60000,100000,petrol,individual,manual,second owner
maruti zen estilo vxi bsiv,2010,130000,50000,petrol,individual,manual,second owner
mahindra ingenio crde,2015,210000,210000,diesel,individual,manual,first owner
toyota innova crysta 2.4 vx mt 8s bsiv,2019,1900000,20000,diesel,individual,manual,first owner
tata indigo tdi,2013,270000,70000,diesel,individual,manual,second owner
maruti wagon r lxi minor,2010,225000,100000,petrol,individual,manual,second owner
maruti sx4 zxi mt bsiv,2011,150000,160000,petrol,individual,manual,second owner
chevrolet beat diesel lt,2013,173000,70000,diesel,individual,manual,first owner
bmw 5 series 520d luxury line,2018,4800000,9422,diesel,individual,automatic,first owner
volkswagen vento 1.5 highline plus at 16 alloy,2017,710000,110000,diesel,individual,automatic,first owner
toyota corolla altis 1.8 gl,2019,1500000,20000,petrol,individual,manual,first owner
maruti baleno zeta 1.2,2017,550000,20000,petrol,individual,manual,first owner
maruti 800 ac bsiii,2008,58000,70000,petrol,individual,manual,second owner
audi a4 1.8 tfsi,2012,1200000,60000,petrol,individual,automatic,third owner
mahindra scorpio m2di,2013,500000,150000,diesel,individual,manual,first owner
maruti swift lxi bsiv,2009,120000,83000,petrol,individual,manual,second owner
toyota innova 2.5 ev diesel ps 7 seater bsiii,2012,300000,250000,diesel,individual,manual,first owner
hyundai eon era plus,2018,300000,30000,petrol,individual,manual,first owner
datsun go plus t option bsiv,2015,295000,21000,petrol,individual,manual,first owner
maruti ertiga vxi cng,2018,587000,80000,cng,individual,manual,first owner
ambassador grand 1800 isz mpfi pw cl,2012,430000,50000,petrol,individual,manual,second owner
hyundai verna i (petrol),2007,123000,50000,petrol,individual,manual,second owner
skoda laura ambiente 2.0 tdi cr at,2012,450000,48500,diesel,individual,automatic,second owner
maruti wagon r lxi minor,2007,130000,60000,petrol,individual,manual,third owner
tata indica vista aqua 1.4 tdi,2010,110000,90000,diesel,individual,manual,second owner
mahindra xylo celebration edition bsiv,2010,200000,240000,diesel,individual,manual,third owner
hyundai grand i10 magna,2015,320000,70000,petrol,individual,manual,second owner
maruti wagon r lxi bs iv,2014,300000,50000,petrol,individual,manual,first owner
volkswagen crosspolo 1.2 mpi,2016,350000,110000,petrol,individual,manual,first owner
maruti ertiga vxi petrol,2018,800000,50000,petrol,individual,manual,first owner
hyundai xcent 1.1 crdi s,2016,270000,175000,diesel,individual,manual,first owner
hyundai i20 1.2 magna executive,2017,540000,60000,petrol,individual,manual,first owner
maruti wagon r lxi cng,2011,160000,60000,cng,individual,manual,second owner
maruti sx4 vdi,2013,340000,100000,diesel,individual,manual,second owner
maruti eeco 5 seater ac bsiv,2017,350000,40000,petrol,individual,manual,second owner
volkswagen vento diesel style limited edition,2011,300000,100000,diesel,individual,manual,first owner
maruti ritz vdi,2013,330000,63000,diesel,individual,manual,first owner
maruti wagon r lxi cng,2016,325000,80000,cng,individual,manual,second owner
maruti swift dzire vdi,2013,250000,55000,diesel,individual,manual,first owner
maruti swift star vdi,2013,250000,55000,diesel,individual,manual,first owner
chevrolet beat lt option,2015,240000,60000,petrol,individual,manual,first owner
hyundai grand i10 1.2 kappa magna bsiv,2020,545000,5000,petrol,individual,manual,first owner
hyundai i10 magna 1.1 itech se,2015,300000,48000,petrol,dealer,manual,first owner
chevrolet beat lt,2010,130000,80000,petrol,individual,manual,second owner
renault kwid rxt,2017,240000,50000,petrol,individual,manual,first owner
renault kwid 1.0 rxt optional,2018,360000,15000,petrol,individual,manual,first owner
hyundai i20 1.4 crdi magna,2012,250000,70000,diesel,individual,manual,first owner
skoda laura elegance 2.0 tdi cr at,2019,475000,105000,diesel,dealer,automatic,first owner
hyundai i20 asta option 1.4 crdi,2016,600000,50000,diesel,individual,manual,second owner
tata indigo cr4,2010,150000,80000,diesel,individual,manual,second owner
ford ecosport 1.5 diesel trend bsiv,2017,700000,50000,diesel,individual,manual,first owner
mahindra xuv500 w6 2wd,2016,1290000,5000,diesel,individual,manual,first owner
hyundai santro xing xg,2004,80000,58000,petrol,individual,manual,first owner
hyundai grand i10 sportz,2015,425000,12000,petrol,individual,manual,first owner
maruti celerio zxi amt bsiv,2018,500000,10000,petrol,individual,automatic,first owner
hyundai santro xing gls,2012,193000,45000,petrol,individual,manual,second owner
honda city i vtec v,2015,800000,10000,petrol,individual,manual,first owner
maruti wagon r lxi minor,2008,150000,50000,petrol,individual,manual,first owner
maruti 800 ac,2002,80000,40000,petrol,individual,manual,fourth & above owner
ford figo diesel exi,2010,130000,100000,diesel,individual,manual,third owner
ford figo diesel exi,2012,280000,80000,diesel,individual,manual,second owner
mahindra xylo d2 bs iv,2011,229999,110000,diesel,individual,manual,second owner
maruti zen estilo vxi bsiii,2008,80000,120000,petrol,individual,manual,first owner
tata nano cx bsiii,2010,70000,10000,petrol,individual,manual,first owner
maruti ritz vdi,2013,240000,60000,diesel,individual,manual,second owner
mahindra xylo e8,2010,380000,72000,diesel,individual,manual,second owner
maruti ritz vdi,2013,240000,60000,diesel,individual,manual,second owner
hyundai santro xing xo,2006,80000,110000,petrol,individual,manual,first owner
hyundai i10 era,2013,265000,50000,petrol,individual,manual,first owner
hyundai eon magna plus option,2018,320000,25000,petrol,individual,manual,first owner
nissan terrano xl 110 ps,2014,500000,120000,diesel,individual,manual,third owner
hyundai creta 1.6 crdi sx option,2016,1300000,55000,diesel,individual,manual,first owner
mahindra scorpio s11 bsiv,2018,1500000,35000,diesel,individual,manual,first owner
toyota innova crysta 2.8 zx at bsiv,2016,1800000,110000,diesel,individual,automatic,first owner
mahindra xuv500 w6 2wd,2014,600000,80000,diesel,individual,manual,second owner
tata tiago 1.2 revotron xt,2018,420000,80000,petrol,individual,manual,first owner
maruti zen estilo lxi bs iv,2009,140000,120000,petrol,individual,manual,first owner
skoda laura ambiente 2.0 tdi cr mt,2010,300000,100000,diesel,individual,manual,second owner
hyundai santro xing xl erlx euro iii,2006,100000,60000,petrol,dealer,manual,second owner
maruti alto k10 vxi,2017,350000,25000,petrol,dealer,manual,first owner
ford ecosport 1.5 ti vct mt titanium be bsiv,2018,850000,19000,petrol,dealer,manual,first owner
maruti alto lx,2008,140000,54000,petrol,dealer,manual,first owner
ford aspire titanium plus bsiv,2015,550000,17100,petrol,dealer,manual,second owner
hyundai grand i10 asta option at,2017,525000,19000,petrol,dealer,automatic,first owner
ford ecosport 1.5 dv5 mt titanium,2015,470000,146000,diesel,dealer,manual,first owner
ford endeavour 3.0l 4x4 at,2013,900000,98000,diesel,dealer,automatic,first owner
ford endeavour 2.5l 4x2,2011,500000,224642,diesel,dealer,manual,second owner
maruti zen lxi,1998,80000,120000,petrol,individual,manual,second owner
mahindra verito 1.5 d2 bsiii,2011,175000,175000,diesel,individual,manual,first owner
mahindra xuv500 at w10 awd,2017,1350000,15000,diesel,individual,automatic,second owner
renault duster 110ps diesel rxz,2017,800000,50000,diesel,individual,manual,first owner
datsun redigo 1.0 s,2017,250000,15000,petrol,individual,manual,first owner
maruti ignis 1.2 amt alpha bsiv,2018,700000,25000,petrol,individual,automatic,first owner
tata nexon 1.5 revotorq xm,2019,800000,25000,diesel,individual,manual,first owner
mahindra xuv500 w6 2wd,2013,660000,69000,diesel,individual,manual,first owner
maruti swift vdi bsiv,2015,465000,60000,diesel,individual,manual,third owner
mahindra scorpio 2.6 crde,2006,180000,222435,diesel,individual,manual,second owner
maruti swift dzire vdi,2017,600000,66000,diesel,individual,manual,third owner
ford fiesta 1.4 zxi duratec,2010,150000,110000,petrol,individual,manual,first owner
hyundai verna 1.6 sx,2014,450000,78000,diesel,individual,manual,second owner
hyundai elite i20 sportz plus bsiv,2019,721000,10000,petrol,individual,manual,first owner
maruti swift 1.2 dlx,2018,300000,35000,petrol,individual,manual,first owner
mahindra scorpio bsiv,2019,1000000,10000,diesel,individual,manual,first owner
renault kwid rxt,2016,300000,40000,petrol,individual,manual,first owner
mahindra scorpio lx,2013,450000,120000,diesel,individual,manual,first owner
maruti esteem ax,1997,79000,70000,petrol,individual,automatic,first owner
ford figo 1.5d trend mt,2017,545000,40000,diesel,individual,manual,first owner
honda amaze v diesel bsiv,2018,844999,20000,diesel,individual,manual,first owner
skoda rapid 1.5 tdi ambition,2016,700000,93000,diesel,individual,manual,first owner
toyota etios vd,2016,650000,159000,diesel,individual,manual,first owner
ford ecosport 1.5 dv5 mt titanium,2014,525000,75000,diesel,individual,manual,second owner
ford fiesta classic 1.4 sxi duratorq,2006,110000,101100,diesel,individual,manual,third owner
tata indica vista aqua 1.3 quadrajet bsiv,2011,180000,66000,diesel,individual,manual,first owner
hyundai i10 era,2012,280000,30000,petrol,individual,manual,second owner
renault kwid 1.0 rxt optional,2019,400000,10000,petrol,individual,manual,first owner
mahindra xuv500 w8 4wd,2012,625000,126000,diesel,individual,manual,second owner
volkswagen vento 1.5 tdi highline,2015,535000,70000,diesel,individual,manual,first owner
maruti swift vdi optional,2017,459999,50000,diesel,individual,manual,first owner
mahindra bolero di,2010,300000,100000,diesel,individual,manual,first owner
honda civic 1.8 v at,2007,280000,60000,petrol,individual,automatic,first owner
honda mobilio v i vtec,2014,500000,70000,petrol,individual,manual,first owner
hyundai creta 1.6 sx,2019,1200000,1200,petrol,individual,manual,first owner
renault kwid rxt,2016,300000,40000,petrol,individual,manual,first owner
tata manza elan quadrajet bs iv,2011,180000,80000,diesel,individual,manual,third owner
hyundai i10 sportz at,2011,180000,134444,petrol,individual,automatic,second owner
maruti alto lxi,2009,78000,120000,petrol,individual,manual,second owner
nissan micra diesel xv premium,2011,160000,120000,diesel,individual,manual,first owner
mahindra scorpio vlx 2wd airbag bsiv,2014,600000,238000,diesel,individual,manual,first owner
maruti wagon r lxi minor,2008,110000,100000,petrol,individual,manual,second owner
mahindra bolero slx 4wd bsiii,2011,450000,110000,diesel,individual,manual,second owner
mahindra scorpio s9 bsiv,2019,1350000,35000,diesel,individual,manual,first owner
honda city 1.3 dx,2003,120000,165000,petrol,individual,manual,second owner
honda br-v i-dtec vx mt,2018,1040000,42000,diesel,individual,manual,first owner
hyundai grand i10 crdi sportz,2014,390000,70000,diesel,individual,manual,second owner
tata nano lx bsiii,2011,65000,60000,petrol,individual,manual,second owner
volkswagen polo diesel highline 1.2l,2013,320000,115000,diesel,individual,manual,third owner
volkswagen ameo 1.5 tdi highline,2017,720000,70000,diesel,individual,manual,first owner
maruti swift zxi abs,2007,220000,80000,petrol,individual,manual,second owner
maruti wagon r lxi bs iv,2011,225000,65000,petrol,dealer,manual,first owner
tata manza aura (abs) quadrajet bs iv,2010,200000,150000,diesel,individual,manual,second owner
toyota etios gd,2015,434999,75000,diesel,dealer,manual,second owner
ford figo diesel titanium,2012,300000,63700,diesel,individual,manual,first owner
honda amaze vx i-dtec,2018,700000,74800,diesel,individual,manual,first owner
ford endeavour 2.5l 4x2 mt,2009,500000,105000,diesel,individual,manual,second owner
renault duster 85ps diesel rxe,2016,500000,40000,diesel,individual,manual,first owner
maruti ritz ldi,2016,400000,90000,diesel,individual,manual,second owner
toyota corolla altis d-4d j,2015,825000,75000,diesel,dealer,manual,second owner
maruti swift dzire vdi,2018,720000,15000,diesel,individual,manual,first owner
maruti 800 ac uniq,2009,110000,30000,petrol,individual,manual,second owner
mahindra scorpio vlx 2wd airbag bsiv,2014,600000,100000,diesel,individual,manual,second owner
mahindra scorpio vlx 2wd at bsiv,2009,275000,155000,diesel,individual,automatic,third owner
land rover range rover evoque 2.2l dynamic,2012,2349000,149000,diesel,individual,automatic,second owner
hyundai i20 1.4 sportz,2017,740000,60000,diesel,individual,manual,first owner
maruti baleno alpha 1.3,2017,800000,90000,diesel,individual,manual,first owner
hyundai verna crdi 1.6 sx option,2019,1100000,100000,diesel,individual,manual,first owner
bmw x1 sdrive20d,2012,750000,100000,diesel,individual,automatic,second owner
maruti alto k10 2010-2014 vxi,2012,200000,90000,petrol,individual,manual,second owner
tata spacio sa 6 seater,2009,210000,75000,diesel,individual,manual,first owner
maruti swift vdi bsiv,2009,270000,120000,diesel,individual,manual,second owner
toyota etios 1.4 vxd,2016,630000,90000,diesel,individual,manual,second owner
hyundai xcent 1.2 kappa s,2015,375000,55000,petrol,individual,manual,first owner
mahindra xylo d2,2010,300000,70000,diesel,individual,manual,first owner
mahindra bolero power plus slx,2016,580000,95000,diesel,individual,manual,second owner
hyundai verna 1.4 crdi,2014,550000,50000,diesel,individual,manual,first owner
maruti ciaz zdi plus shvs,2016,750000,50000,diesel,individual,manual,first owner
maruti omni e mpi std bs iv,2014,250000,60516,petrol,individual,manual,first owner
hyundai verna 1.6 sx,2012,434999,235000,diesel,individual,manual,second owner
mercedes-benz e-class 280 cdi,2007,900000,76731,diesel,dealer,automatic,first owner
maruti swift zdi,2016,685000,64000,diesel,dealer,manual,first owner
maruti swift vdi bsiv,2014,540000,65000,diesel,dealer,manual,first owner
honda city i-vtec cvt zx,2018,1165000,13000,petrol,dealer,automatic,test drive car
ford ecosport 1.5 dv5 mt titanium optional,2014,610000,77000,diesel,dealer,manual,first owner
hyundai eon era,2011,254999,24000,petrol,dealer,manual,first owner
nissan micra active xv,2014,280000,63840,petrol,dealer,manual,first owner
tata tiago 1.2 revotron xt,2017,370000,25000,petrol,individual,manual,first owner
tata new safari dicor 2.2 ex 4x2,2011,459999,76400,diesel,individual,manual,second owner
maruti zen lx,1998,42000,70000,petrol,individual,manual,third owner
maruti zen lx,1998,42000,70000,petrol,individual,manual,third owner
fiat linea active (diesel),2011,190000,80000,diesel,individual,manual,third owner
fiat punto 1.4 emotion,2010,165000,100000,petrol,individual,manual,fourth & above owner
ford ecosport 1.5 diesel trend plus bsiv,2017,710000,40000,diesel,individual,manual,first owner
hyundai creta 1.6 sx option,2018,1200000,15000,petrol,individual,manual,first owner
maruti zen estilo lxi bs iv,2011,229999,70000,petrol,individual,manual,first owner
renault kwid rxt,2018,310000,15000,petrol,individual,manual,first owner
maruti wagon r vxi bs iv,2015,320000,40000,petrol,individual,manual,first owner
maruti 800 ac,2006,100000,54000,petrol,individual,manual,first owner
hyundai verna crdi,2009,160000,90000,diesel,individual,manual,first owner
maruti 800 ac bsiii,2007,60000,52000,petrol,individual,manual,first owner
tata indigo ls,2012,100000,200000,diesel,individual,manual,third owner
chevrolet beat diesel lt,2016,350000,35000,diesel,individual,manual,second owner
renault duster 110ps diesel rxz awd,2017,700000,60000,diesel,individual,manual,first owner
maruti alto k10 vxi,2017,300000,31489,petrol,individual,manual,first owner
hyundai i20 1.4 asta option,2018,830000,40000,diesel,individual,manual,first owner
mahindra quanto c6,2013,220000,110000,diesel,individual,manual,first owner
tata indigo lx dicor,2009,130000,50000,diesel,individual,manual,first owner
hyundai i20 1.2 magna,2012,330000,44000,petrol,individual,manual,first owner
honda city 1.5 s mt,2010,254999,90000,petrol,individual,manual,second owner
hyundai verna 1.6 sx vtvt (o),2014,600000,50000,petrol,individual,manual,second owner
hyundai i10 magna,2012,210000,50000,petrol,individual,manual,first owner
maruti zen estilo 1.1 lxi bsiii,2007,120000,81366,petrol,individual,manual,first owner
maruti esteem vxi - bsiii,2006,95000,110000,petrol,individual,manual,first owner
toyota innova 2.5 g (diesel) 8 seater bs iv,2006,229999,300000,diesel,individual,manual,first owner
hyundai verna transform vtvt,2010,229999,70000,petrol,individual,manual,first owner
hyundai i20 magna optional 1.4 crdi,2013,400000,100000,diesel,individual,manual,first owner
maruti gypsy king hard top ambulance bsiv,2005,300000,70000,petrol,individual,manual,second owner
ford figo diesel celebration edition,2013,300000,50000,diesel,individual,manual,first owner
ford fiesta 1.4 sxi tdci,2009,80000,180000,diesel,individual,manual,second owner
maruti 800 ac,2008,80000,50000,petrol,individual,manual,second owner
maruti esteem vxi,2007,100000,90000,petrol,individual,manual,second owner
tata indica vista quadrajet ls,2012,300000,110000,diesel,individual,manual,first owner
maruti baleno zeta automatic,2018,700000,26000,petrol,individual,automatic,first owner
maruti vitara brezza zdi plus,2016,975000,65000,diesel,individual,manual,first owner
chevrolet captiva lt,2009,500000,130000,diesel,individual,manual,first owner
renault duster 85ps diesel rxl optional,2013,550000,75000,diesel,individual,manual,second owner
nissan terrano xv premium 110 ps,2014,550000,110000,diesel,individual,manual,second owner
maruti alto k10 2010-2014 vxi,2014,240000,50000,petrol,individual,manual,first owner
maruti 800 std,1997,50000,80000,petrol,individual,manual,second owner
tata indica vista aura 1.2 safire,2009,120000,80000,petrol,individual,manual,second owner
maruti alto 800 lxi,2013,900000,60000,petrol,individual,manual,second owner
honda city 1.5 v mt,2009,250000,90000,petrol,individual,manual,second owner
renault kwid 1.0 rxt optional,2017,280000,36000,petrol,individual,manual,first owner
tata indica vista terra quadrajet 1.3l bs iv,2010,85000,87000,diesel,individual,manual,first owner
tata indica vista terra 1.4 tdi,2011,90000,80000,diesel,individual,manual,first owner
chevrolet enjoy tcdi lt 8 seater,2015,500000,50000,diesel,individual,manual,first owner
maruti 800 std,2013,200000,60000,petrol,individual,manual,first owner
renault kwid rxt,2015,250000,50000,petrol,individual,manual,first owner
maruti swift dzire vdi,2014,185000,40000,diesel,individual,manual,third owner
hyundai i10 magna 1.1,2008,100000,60000,petrol,individual,manual,second owner
toyota etios vxd,2015,610000,55000,diesel,individual,manual,first owner
mahindra quanto c8,2012,290000,80000,diesel,individual,manual,first owner
mahindra xylo e9,2012,300000,295000,diesel,individual,manual,first owner
hyundai eon era plus,2015,225000,80000,petrol,individual,manual,first owner
maruti alto k10 vxi,2017,320000,50000,petrol,individual,manual,second owner
tata indigo cr4,2012,135000,158000,diesel,individual,manual,third owner
toyota innova 2.5 g (diesel) 7 seater bs iv,2006,400000,400000,diesel,individual,manual,third owner
maruti wagon r vxi bs iv,2016,400000,25000,petrol,individual,manual,first owner
hyundai i20 active 1.2 s,2017,570000,35000,petrol,individual,manual,first owner
maruti ignis 1.2 zeta bsiv,2018,500000,12000,petrol,individual,manual,first owner
maruti omni mpi std bsiv,2015,130000,70000,petrol,individual,manual,first owner
tata tiago 1.2 revotron xz,2018,360000,4000,petrol,individual,manual,first owner
ford figo aspire 1.2 ti-vct trend,2017,530000,10832,petrol,dealer,manual,first owner
hyundai i10 era,2009,250000,50000,petrol,individual,manual,first owner
nissan sunny xl,2016,600000,19495,petrol,dealer,manual,first owner
renault duster 85ps diesel rxl plus,2013,570000,62668,diesel,dealer,manual,first owner
mahindra xuv500 w6 2wd,2013,850000,85710,diesel,dealer,manual,first owner
ford figo diesel exi,2011,250000,55130,diesel,dealer,manual,second owner
ford ecosport 1.5 dv5 mt titanium,2014,580000,63356,diesel,dealer,manual,second owner
toyota fortuner 3.0 diesel,2012,1680000,129627,diesel,dealer,manual,first owner
chevrolet spark 1.0 lt,2010,180000,15000,petrol,individual,manual,first owner
tata tiago 1.2 revotron xe,2017,300000,50000,petrol,individual,manual,first owner
toyota etios liva vx,2012,269000,70000,petrol,individual,manual,second owner
maruti alto k10 vxi,2018,231999,20000,petrol,individual,manual,first owner
chevrolet beat ls,2011,150000,60000,petrol,individual,manual,third owner
hyundai grand i10 asta option,2017,495000,5000,petrol,individual,manual,first owner
maruti ciaz vxi,2014,700000,15000,petrol,individual,manual,first owner
datsun go plus t bsiv,2018,400000,4400,petrol,individual,manual,second owner
mahindra xylo h4,2019,599000,15000,diesel,individual,manual,third owner
renault duster 85ps diesel rxl optional,2013,421000,45000,diesel,individual,manual,first owner
ford ecosport 1.5 diesel trend bsiv,2018,841000,1000,diesel,individual,manual,first owner
hyundai i10 magna 1.1l,2014,295000,38500,petrol,individual,manual,first owner
hyundai i10 sportz,2011,220000,25000,petrol,individual,manual,first owner
ford classic 1.4 duratorq lxi,2013,250000,35000,diesel,individual,manual,first owner
toyota fortuner 3.0 diesel,2009,1100000,110000,diesel,individual,manual,second owner
hyundai verna 1.6 vtvt,2012,300000,40000,petrol,individual,manual,first owner
chevrolet aveo u-va 1.2,2007,80000,110000,petrol,individual,manual,second owner
chevrolet beat diesel lt,2013,215000,20000,diesel,individual,manual,third owner
hyundai eon magna plus,2012,245000,14987,petrol,dealer,manual,first owner
ford ecosport 1.5 tdci titanium bsiv,2016,650000,25061,diesel,dealer,manual,first owner
ford ecosport 1.5 diesel titanium,2017,760000,42494,diesel,dealer,manual,first owner
honda amaze s i-dtech,2014,395000,44875,diesel,dealer,manual,first owner
ford figo diesel exi,2014,280000,89741,diesel,dealer,manual,second owner
honda jazz 1.5 s i dtec,2016,495000,65000,diesel,dealer,manual,first owner
honda jazz 1.5 vx i dtec,2016,525000,35000,diesel,dealer,manual,first owner
toyota innova 2.5 gx 8 str bsiv,2009,420000,347089,diesel,dealer,manual,first owner
tata new safari dicor 2.2 vx 4x2,2010,210000,34500,diesel,individual,manual,first owner
hyundai i20 active 1.2 s,2018,650000,30000,petrol,individual,manual,first owner
bmw 3 series 320d luxury line,2018,2300000,39000,diesel,individual,automatic,first owner
ford freestyle titanium plus diesel bsiv,2019,525000,16000,diesel,individual,manual,first owner
maruti wagon r lxi cng,2010,195000,80000,cng,individual,manual,second owner
maruti ertiga shvs vdi,2016,650000,60000,diesel,individual,manual,first owner
mahindra tuv 300 t6 plus,2015,540000,110000,diesel,individual,manual,first owner
maruti alto 800 lxi,2014,180000,61000,petrol,individual,manual,first owner
mahindra bolero power plus zlx,2017,750000,29000,diesel,individual,manual,first owner
maruti ertiga shvs zdi plus,2018,980000,50000,diesel,individual,manual,first owner
fiat grande punto evo 90hp 1.3 sport,2014,250000,90000,diesel,individual,manual,first owner
hyundai grand i10 1.2 kappa sportz at,2018,550000,35000,petrol,individual,automatic,first owner
volkswagen vento 1.6 highline,2015,509999,43000,petrol,individual,manual,second owner
maruti alto k10 lxi,2017,320000,50000,petrol,individual,manual,first owner
hyundai eon d lite,2016,275000,25000,petrol,individual,manual,first owner
mahindra xuv500 w8 2wd,2013,550000,222252,diesel,individual,manual,first owner
maruti wagon r vxi minor,2009,145000,50000,petrol,individual,manual,second owner
fiat grande punto emotion 90hp,2013,250000,80000,diesel,individual,manual,first owner
hyundai verna 1.6 sx,2012,520000,35000,diesel,individual,manual,first owner
maruti alto lxi,2007,95000,85000,petrol,individual,manual,second owner
toyota innova 2.5 v diesel 7-seater,2011,725000,110000,diesel,individual,manual,third owner
maruti 800 ac,2006,55000,70000,petrol,individual,manual,second owner
honda city i dtec vx,2014,600000,100000,diesel,individual,manual,first owner
volkswagen vento new diesel highline,2013,330000,120000,diesel,individual,manual,second owner
maruti swift dzire vdi,2015,470000,89000,diesel,individual,manual,first owner
maruti swift zdi,2013,365000,120000,diesel,individual,manual,first owner
hyundai eon magna plus,2013,250000,40000,petrol,individual,manual,second owner
maruti wagon r vxi bs iv,2017,430000,17000,petrol,individual,manual,first owner
maruti swift vdi,2013,400000,125000,diesel,individual,manual,second owner
maruti swift dzire zxi,2015,615000,110000,petrol,individual,manual,second owner
ford figo diesel titanium,2011,150000,120000,diesel,individual,manual,second owner
ford figo diesel zxi,2014,240000,90000,diesel,individual,manual,first owner
mahindra scorpio s10 7 seater,2014,800000,90000,diesel,individual,manual,first owner
hyundai eon lpg magna plus,2015,240000,110000,lpg,individual,manual,first owner
ford ecosport 1.5 dv5 mt titanium,2014,600000,87000,diesel,individual,manual,second owner
mahindra scorpio lx,2014,800000,15000,diesel,individual,manual,first owner
hyundai eon 1.0 kappa magna plus,2015,160000,70000,petrol,individual,manual,first owner
ford fiesta classic 1.6 duratec clxi,2012,350000,38000,petrol,individual,manual,first owner
honda city 1.5 v mt,2011,300000,64000,petrol,individual,manual,second owner
tata sumo gold ex bsiii,2015,399000,55250,diesel,individual,manual,first owner
mahindra bolero di,2011,300000,110000,diesel,individual,manual,first owner
maruti a-star at vxi,2012,150000,70000,petrol,individual,automatic,first owner
chevrolet cruze ltz,2010,320000,60000,diesel,individual,manual,third owner
tata hexa xm,2018,1280000,17000,diesel,individual,manual,first owner
renault kwid 1.0 rxt optional,2017,300000,13000,petrol,individual,manual,second owner
nissan terrano xl plus icc wt20 se,2016,1000000,60000,diesel,individual,manual,first owner
mitsubishi pajero sport 4x4,2012,1090000,120000,diesel,individual,manual,second owner
tata new safari dicor 2.2 gx 4x2 bs iv,2012,450000,97000,diesel,individual,manual,second owner
tata indica gls bs iv,2007,60000,130000,petrol,individual,manual,second owner
maruti swift dzire zxi,2013,500000,50000,petrol,individual,manual,first owner
tata indigo cr4,2012,200000,120000,diesel,individual,manual,second owner
ford ecosport 1.5 dv5 mt titanium,2015,650000,68000,diesel,individual,manual,first owner
maruti alto lxi,2006,60000,100000,petrol,individual,manual,second owner
maruti ertiga vdi,2013,250999,80000,diesel,individual,manual,first owner
hyundai accent executive cng,2012,185000,67000,cng,dealer,manual,second owner
maruti alto k10 vxi,2015,155000,60000,petrol,individual,manual,first owner
maruti swift vxi,2019,600000,5000,petrol,individual,manual,first owner
renault kwid rxe,2016,300000,20000,petrol,individual,manual,first owner
hyundai creta 1.6 e plus,2018,850000,12500,petrol,individual,manual,first owner
maruti eeco cng 5 seater ac bsiv,2019,470000,4000,cng,individual,manual,first owner
ford figo 1.2p titanium mt,2019,600000,25000,petrol,individual,manual,first owner
toyota innova 2.5 g (diesel) 7 seater,2013,700000,70000,diesel,individual,manual,second owner
maruti wagon r lxi duo bsiii,2007,70000,162000,lpg,individual,manual,first owner
toyota fortuner 3.0 diesel,2010,1250000,205000,diesel,individual,manual,second owner
audi a6 2.8 fsi,2008,650000,70000,petrol,individual,automatic,third owner
hyundai xcent 1.2 crdi s,2018,450000,70000,diesel,individual,manual,second owner
mahindra xuv500 w8 2wd,2014,750000,100000,diesel,individual,manual,second owner
toyota innova 2.5 g (diesel) 7 seater,2013,775000,70000,diesel,individual,manual,second owner
hyundai santa fe 4x4,2011,800000,220000,diesel,individual,manual,first owner
honda amaze e i-vtech,2015,360000,80000,petrol,individual,manual,second owner
toyota corolla altis diesel d4dg,2010,250000,120000,diesel,individual,manual,first owner
jeep compass 2.0 longitude option bsiv,2017,1490000,22038,diesel,individual,manual,first owner
nissan terrano xl 110 ps,2013,600000,80000,diesel,individual,manual,first owner
maruti alto lx,2010,120000,90000,petrol,individual,manual,first owner
tata new safari dicor 2.2 ex 4x2,2012,320000,140000,diesel,individual,manual,second owner
mahindra thar 4x2,2011,400000,120000,diesel,individual,manual,second owner
maruti swift dzire zdi,2015,302000,60000,diesel,individual,manual,first owner
chevrolet beat diesel lt,2011,130000,80000,diesel,individual,manual,second owner
maruti swift dzire lxi option,2014,150000,60000,petrol,individual,manual,second owner
tata indica vista aura plus 1.3 quadrajet,2012,200000,90000,diesel,individual,manual,second owner
toyota innova 2.5 g1 bsiv,2012,950000,80000,diesel,individual,manual,first owner
maruti swift vdi bsiii,2008,120000,175000,diesel,individual,manual,second owner
mahindra xuv500 w7 bsiv,2019,1400000,10000,diesel,individual,manual,first owner
hyundai i20 1.2 asta option,2017,620000,65000,petrol,individual,manual,first owner
toyota innova 2.5 gx 8 str bsiv,2012,449000,90000,diesel,individual,manual,first owner
maruti alto lxi,2007,100000,70000,petrol,individual,manual,first owner
hyundai grand i10 1.2 kappa sportz bsiv,2018,600000,2500,petrol,individual,manual,first owner
honda amaze vx i-dtec,2016,700000,35000,diesel,individual,manual,first owner
chevrolet beat diesel lt,2012,250000,40000,diesel,individual,manual,first owner
maruti baleno rs 1.0 petrol,2018,550000,63000,petrol,individual,manual,first owner
skoda superb ambition 2.0 tdi cr at,2013,675000,88000,diesel,dealer,automatic,first owner
nissan terrano xl plus 85 ps,2015,530000,55000,diesel,dealer,manual,first owner
chevrolet enjoy tcdi lt 7 seater,2014,325000,71014,diesel,dealer,manual,first owner
renault scala diesel rxl,2015,370000,60000,diesel,dealer,manual,first owner
skoda rapid 1.5 tdi ambition,2014,360000,70000,diesel,individual,manual,first owner
skoda superb lk 1.8 tsi at,2012,650000,60000,petrol,dealer,automatic,first owner
ford fiesta 1.5 tdci titanium,2012,199000,92000,diesel,dealer,manual,third owner
mahindra quanto c6,2014,285000,89126,diesel,individual,manual,first owner
volkswagen jetta 1.9 tdi comfortline dsg,2009,260000,134000,diesel,individual,automatic,first owner
maruti ciaz 1.4 at zeta,2019,869999,15000,petrol,dealer,automatic,first owner
hyundai grand i10 1.2 crdi magna,2016,425000,42500,diesel,dealer,manual,first owner
chevrolet cruze ltz at,2012,490000,42000,diesel,dealer,automatic,first owner
mahindra xuv500 at w8 fwd,2015,750000,70000,diesel,individual,automatic,second owner
honda city 1.5 exi,2004,125000,110000,petrol,individual,manual,third owner
fiat linea 1.3 emotion,2014,221000,131365,diesel,individual,manual,first owner
volkswagen vento 1.5 tdi highline at,2016,724000,48980,diesel,dealer,automatic,first owner
honda amaze vx at i-vtech,2014,440000,46000,petrol,dealer,automatic,first owner
chevrolet spark 1.0 ls,2009,70000,60000,petrol,individual,manual,third owner
maruti baleno delta diesel,2015,511000,58000,diesel,dealer,manual,first owner
maruti s-cross alpha ddis 200 sh,2016,790000,22000,diesel,dealer,manual,first owner
hyundai i20 1.2 asta option,2017,640000,37000,petrol,individual,manual,first owner
hyundai santro xing gls,2009,120000,70000,petrol,individual,manual,fourth & above owner
chevrolet beat diesel lt,2012,126000,98900,diesel,individual,manual,third owner
chevrolet beat diesel lt,2012,120000,125000,diesel,individual,manual,first owner
mahindra tuv 300 t4 plus,2017,650000,60000,diesel,individual,manual,first owner
hyundai grand i10 asta,2014,450000,80000,petrol,individual,manual,second owner
maruti zen estilo lxi green (cng),2010,110000,80000,cng,individual,manual,fourth & above owner
mahindra bolero power plus plus ac bsiv ps,2017,600000,40000,diesel,individual,manual,first owner
mahindra xuv500 w8 4wd,2012,620000,80000,diesel,individual,manual,second owner
ford ecosport 1.5 dv5 mt titanium,2014,600000,30000,diesel,individual,manual,first owner
mahindra bolero power plus zlx,2018,795000,35000,diesel,individual,manual,first owner
tata winger deluxe - hi roof (ac),2011,300000,180000,diesel,individual,manual,third owner
renault lodgy 85ps rxl,2015,495000,60000,diesel,individual,manual,first owner
audi a4 3.0 tdi quattro,2013,1580000,86000,diesel,dealer,automatic,first owner
audi q3 2.0 tdi quattro premium plus,2015,1750000,127643,diesel,dealer,automatic,first owner
tata hexa xta,2018,1350000,34000,diesel,individual,automatic,first owner
mahindra xylo d4,2014,350000,145000,diesel,individual,manual,first owner
datsun redigo amt 1.0 s,2018,300000,25000,petrol,individual,automatic,first owner
tata zest revotron 1.2t xms,2018,400000,54000,petrol,dealer,manual,second owner
audi a6 2.0 tdi  design edition,2014,1750000,102354,diesel,dealer,automatic,first owner
maruti zen lx,1999,70000,70000,petrol,individual,manual,fourth & above owner
nissan sunny xl d,2018,500000,70000,diesel,individual,manual,first owner
audi q3 35 tdi quattro technology,2017,2575000,36000,diesel,dealer,automatic,first owner
honda brio vx,2014,345000,58000,petrol,dealer,manual,first owner
tata indigo cr4,2013,220000,100000,diesel,individual,manual,first owner
audi q5 2.0 tfsi quattro premium plus,2014,1850000,62237,petrol,dealer,automatic,first owner
hyundai santro xing xl erlx euro iii,2005,114999,90000,petrol,dealer,manual,second owner
maruti 800 ac,1999,50000,100000,petrol,individual,manual,second owner
honda jazz select edition,2017,585000,14000,petrol,dealer,manual,first owner
ford ecosport 1.5 tdci titanium bsiv,2018,950000,21394,diesel,dealer,manual,first owner
maruti swift dzire amt vxi,2018,625000,13800,petrol,individual,automatic,first owner
hyundai creta 1.6 sx automatic,2017,1035000,23000,petrol,dealer,automatic,first owner
datsun go t petrol,2015,310000,32686,petrol,dealer,manual,first owner
mahindra xylo d4,2017,600000,99700,diesel,individual,manual,first owner
toyota fortuner 2.8 4wd at bsiv,2019,3100000,5000,diesel,individual,automatic,first owner
honda city i-dtec sv,2014,650000,49654,diesel,dealer,manual,first owner
hyundai grand i10 asta,2016,550000,45457,petrol,dealer,manual,first owner
hyundai creta 1.6 crdi sx,2017,1260000,39221,diesel,dealer,manual,first owner
hyundai i20 sportz 1.2,2016,660000,48220,petrol,dealer,manual,first owner
hyundai i20 sportz 1.2,2017,700000,11114,petrol,dealer,manual,first owner
hyundai getz 1.5 crdi gvs,2008,235000,60208,diesel,dealer,manual,first owner
volkswagen vento 1.5 tdi highline,2013,475000,80000,diesel,dealer,manual,first owner
mercedes-benz e-class 280 cdi elegance,2008,795000,98600,diesel,dealer,automatic,first owner
audi rs7 2015-2019 sportback performance,2016,8900000,13000,petrol,dealer,automatic,first owner
audi q5 3.0 tdi quattro technology,2015,3200000,30000,diesel,dealer,automatic,first owner
mg hector smart at,2019,1860000,18000,petrol,dealer,automatic,first owner
land rover range rover 4.4 diesel lwb vogue se,2010,4200000,100000,diesel,dealer,automatic,first owner
honda city vx cvt,2015,850000,58000,petrol,dealer,automatic,first owner
mahindra xylo d4,2017,585000,85441,diesel,dealer,manual,first owner
mahindra verito 1.5 d4 bsiv,2015,380000,64541,diesel,dealer,manual,first owner
maruti swift dzire vdi,2019,650000,35000,diesel,individual,manual,first owner
maruti swift zxi plus,2018,600000,30000,petrol,individual,manual,first owner
nissan micra active xv,2017,434999,16267,petrol,dealer,manual,first owner
volkswagen vento 1.5 tdi highline,2013,525000,71500,diesel,dealer,manual,first owner
bmw 5 series 520d luxury line,2019,4800000,12999,diesel,dealer,automatic,first owner
chevrolet aveo u-va 1.2 ls,2008,160000,80000,petrol,individual,manual,first owner
maruti zen estilo 1.1 lxi bsiii,2007,160000,90000,petrol,individual,manual,second owner
chevrolet spark 1.0 lt,2012,125000,28000,petrol,individual,manual,first owner
mahindra bolero power plus plus ac bsiv ps,2015,430000,200000,diesel,individual,manual,first owner
hyundai creta 1.6 vtvt s,2017,900000,14700,petrol,individual,manual,first owner
maruti alto lx,2000,61000,90000,petrol,individual,manual,second owner
maruti wagon r lxi bs iv,2017,400000,50000,petrol,individual,manual,first owner
hyundai santro xing xs,2009,150000,100000,petrol,individual,manual,second owner
volkswagen polo gt 1.0 tsi,2019,950000,24000,petrol,individual,automatic,first owner
tata indigo cr4,2013,220000,100000,diesel,individual,manual,first owner
hyundai getz glx,2007,110000,90000,petrol,individual,manual,first owner
tata bolt revotron xm,2015,375000,30000,petrol,individual,manual,first owner
datsun go plus t option,2017,350000,80000,petrol,individual,manual,first owner
hyundai i20 magna 1.4 crdi (diesel),2012,310000,92686,diesel,dealer,manual,second owner
tata indica gls bs iv,2010,90000,300000,petrol,individual,manual,third owner
volkswagen vento petrol highline,2011,350000,90000,petrol,individual,manual,second owner
hyundai santro ls zipplus,2003,100000,60000,petrol,individual,manual,first owner
mahindra xuv500 at w6 2wd,2017,1300000,40000,diesel,individual,automatic,first owner
maruti wagon r lxi,2004,70000,90000,petrol,individual,manual,fourth & above owner
chevrolet sail hatchback lt abs,2013,225000,80000,diesel,individual,manual,first owner
honda city 1.3 exi,2002,145000,100000,petrol,individual,manual,first owner
ford ecosport 1.5 diesel titanium plus bsiv,2018,930000,20000,diesel,individual,manual,first owner
maruti swift vxi,2019,550000,51000,petrol,individual,manual,first owner
maruti alto lx bsiii,2008,85000,120000,petrol,individual,manual,second owner
hyundai eon era plus sports edition,2014,280000,55000,petrol,individual,manual,first owner
hyundai eon magna plus,2018,360000,6000,petrol,individual,manual,first owner
maruti alto lxi,2011,150000,40000,petrol,individual,manual,second owner
skoda rapid 1.6 mpi at ambition bsiv,2017,900000,15000,petrol,individual,automatic,first owner
ambassador classic 1500 dsl ac,2005,120000,50000,diesel,individual,manual,second owner
fiat linea t jet emotion,2010,215000,90000,petrol,individual,manual,second owner
renault scala diesel rxl,2013,550000,38500,diesel,individual,manual,first owner
tata nexon 1.2 revotron xz plus dual tone,2018,775000,35000,petrol,individual,manual,first owner
maruti gypsy king ht bsiv,2001,409999,49359,petrol,individual,manual,third owner
maruti 800 ac uniq,2005,65000,70000,petrol,individual,manual,second owner
maruti wagon r lxi minor,2008,200000,90000,petrol,individual,manual,second owner
maruti wagon r vxi bs iv,2010,240000,50000,petrol,individual,manual,second owner
toyota innova 2.5 vx 8 str,2012,800000,108731,diesel,individual,manual,first owner
toyota innova 2.5 ev diesel ms 7 str bsiii,2010,400000,120000,diesel,individual,manual,first owner
tata sumo gold ex bsiii,2016,500000,60000,diesel,individual,manual,first owner
mahindra renault logan 1.5 dlx diesel,2007,150000,90000,diesel,individual,manual,third owner
toyota etios gd,2014,500000,140000,diesel,individual,manual,second owner
hyundai eon magna plus,2014,320000,80000,petrol,individual,manual,first owner
nissan micra diesel xv,2013,300000,90000,diesel,individual,manual,first owner
renault lodgy stepway 85ps rxz 8s,2017,650000,40000,diesel,individual,manual,first owner
maruti alto 800 lxi,2018,285000,14000,petrol,individual,manual,first owner
tata aria pleasure 4x2,2012,360000,70000,diesel,individual,manual,second owner
honda accord 2.4 mt,2009,450000,55000,petrol,individual,manual,second owner
maruti alto lxi,2011,175000,60000,petrol,individual,manual,third owner
chevrolet cruze lt,2011,350000,74000,diesel,individual,manual,second owner
ford figo aspire 1.5 tdci titanium,2020,530000,45000,diesel,dealer,manual,first owner
honda city i-dtec zx,2017,1025000,38000,diesel,dealer,manual,first owner
honda br-v i-dtec vx mt,2017,950000,24000,diesel,dealer,manual,first owner
honda wr-v i-vtec vx,2017,725000,29976,petrol,dealer,manual,first owner
honda city i vtec vx,2017,919999,41000,petrol,dealer,manual,first owner
honda jazz 1.5 v i dtec,2018,700000,15000,diesel,dealer,manual,first owner
honda jazz 1.5 vx i dtec,2017,725000,36000,diesel,dealer,manual,first owner
honda br-v i-vtec vx mt,2017,840000,30646,petrol,dealer,manual,first owner
maruti wagon r vxi bs iv,2015,365000,23600,petrol,dealer,manual,first owner
honda city i dtec sv,2014,665000,71318,diesel,dealer,manual,first owner
maruti 800 std,2003,50000,78098,petrol,individual,manual,first owner
hyundai eon era plus,2014,225000,30000,petrol,individual,manual,first owner
hyundai i10 era,2012,229999,45000,petrol,individual,manual,second owner
hyundai santro xing gl,2008,145000,67000,petrol,individual,manual,first owner
ford figo aspire facelift,2018,624000,14681,diesel,dealer,manual,first owner
hyundai verna 1.4 vtvt,2015,500000,25000,petrol,individual,manual,first owner
ford ecosport 1.5 ti vct mt titanium bsiv,2017,750000,18054,petrol,dealer,manual,first owner
honda city i dtec vx,2015,785000,40000,diesel,individual,manual,first owner
hyundai i10 sportz,2011,225000,30000,petrol,individual,manual,first owner
hyundai xcent 1.1 crdi base,2017,300000,80000,diesel,individual,manual,first owner
hyundai i20 asta 1.4 crdi,2016,680000,20000,diesel,individual,manual,first owner
mahindra tuv 300 t8,2016,700000,40000,diesel,individual,manual,first owner
tata indigo cs els bs iv,2011,180000,120000,diesel,individual,manual,first owner
ford fiesta 1.4 sxi tdci abs,2008,270000,120000,diesel,individual,manual,second owner
maruti swift dzire vxi,2010,370000,97000,petrol,individual,manual,second owner
mahindra xylo h8 abs with airbags,2018,1100000,70000,diesel,individual,manual,first owner
hyundai accent crdi,2004,120000,120000,diesel,individual,manual,second owner
skoda rapid 1.6 tdi prestige,2013,430000,88000,diesel,individual,manual,second owner
maruti swift zdi,2014,550000,38406,diesel,dealer,manual,first owner
hyundai santro xing gls,2014,320000,54350,petrol,dealer,manual,first owner
maruti wagon r vxi bs iv,2015,390000,32260,petrol,dealer,manual,first owner
renault duster 85ps diesel rxe,2014,550000,58231,diesel,dealer,manual,first owner
maruti swift vxi,2012,370000,59858,petrol,dealer,manual,first owner
maruti alto lxi bsiii,2010,190000,73350,petrol,dealer,manual,first owner
renault duster 110ps diesel rxz,2013,509999,88473,diesel,dealer,manual,first owner
honda city s,2013,450000,96987,petrol,dealer,manual,first owner
mercedes-benz gls 2016-2020 350d 4matic,2016,5500000,77350,diesel,dealer,automatic,first owner
maruti swift dzire vdi,2015,550000,61187,diesel,dealer,manual,first owner
mahindra xylo e6,2009,400000,68350,diesel,dealer,manual,first owner
ford ecosport 1.5 tdci titanium bsiv,2015,585000,81150,diesel,dealer,manual,first owner
hyundai grand i10 1.2 kappa asta,2019,500000,30000,petrol,individual,manual,first owner
maruti ciaz zxi,2015,800000,30000,petrol,individual,manual,first owner
maruti swift vdi bsiii,2009,265000,120000,diesel,individual,manual,second owner
ford figo diesel titanium,2012,175000,180000,diesel,individual,manual,first owner
fiat palio 1.2 sport,2007,125000,50000,petrol,individual,manual,second owner
tata manza aqua quadrajet bs iv,2010,165000,80000,diesel,individual,manual,first owner
mahindra verito 1.5 d2 bsiii,2011,150000,280000,diesel,individual,manual,first owner
hyundai creta 1.6 crdi sx option,2015,1025000,90000,diesel,individual,manual,second owner
toyota innova 2.5 vx (diesel) 8 seater,2014,1030000,250000,diesel,individual,manual,second owner
chevrolet cruze lt,2012,380000,90000,diesel,individual,manual,fourth & above owner
maruti swift dzire ldi,2010,250000,110000,diesel,individual,manual,third owner
maruti zen lx,2000,85000,80000,petrol,individual,manual,second owner
fiat punto evo 1.3 dynamic,2016,500000,35000,diesel,individual,manual,first owner
hyundai eon era plus,2018,350000,15000,petrol,individual,manual,first owner
maruti alto lxi bsiii,2010,190000,52000,petrol,individual,manual,second owner
volkswagen jetta 1.9 tdi trendline,2009,940000,140000,diesel,individual,manual,first owner
maruti swift vxi,2013,475000,60000,petrol,individual,manual,second owner
maruti alto 800 lxi,2018,300000,17000,petrol,individual,manual,first owner
chevrolet beat ls,2016,250000,70000,petrol,individual,manual,third owner
maruti zen lx,2001,93000,97000,petrol,individual,manual,fourth & above owner
ford figo diesel zxi,2012,290000,125000,diesel,individual,manual,second owner
tata indica gls bs iv,2010,75000,300000,petrol,individual,manual,third owner
mahindra xuv500 w8 2wd,2015,1000000,120000,diesel,individual,manual,second owner
hyundai i20 asta 1.4 crdi,2015,550000,87000,diesel,individual,manual,first owner
fiat punto 1.3 emotion,2010,285000,75000,diesel,individual,manual,third owner
tata indigo grand petrol,2014,240000,60000,petrol,individual,manual,second owner
hyundai creta 1.6 vtvt s,2015,850000,25000,petrol,individual,manual,first owner
hyundai i20 active 1.2 sx,2016,650000,26000,petrol,individual,manual,first owner
maruti celerio green vxi,2017,365000,78000,cng,individual,manual,first owner
hyundai i20 active 1.2 sx,2016,650000,26000,petrol,individual,manual,first owner
chevrolet sail 1.2 base,2015,260000,35000,petrol,individual,manual,first owner
tata indigo grand petrol,2014,250000,100000,petrol,individual,manual,first owner
tata new safari 4x2,2007,550000,80000,petrol,individual,manual,second owner
maruti wagon r lxi,2004,70000,90000,petrol,individual,manual,fourth & above owner
chevrolet sail hatchback lt abs,2013,225000,80000,diesel,individual,manual,first owner
honda city 1.3 exi,2002,145000,100000,petrol,individual,manual,first owner
ford ecosport 1.5 diesel titanium plus bsiv,2018,930000,20000,diesel,individual,manual,first owner
maruti swift vxi,2019,550000,51000,petrol,individual,manual,first owner
maruti alto lx bsiii,2008,85000,120000,petrol,individual,manual,second owner
hyundai eon era plus sports edition,2014,280000,55000,petrol,individual,manual,first owner
hyundai eon magna plus,2018,360000,6000,petrol,individual,manual,first owner
maruti alto lxi,2011,150000,40000,petrol,individual,manual,second owner
skoda rapid 1.6 mpi at ambition bsiv,2017,900000,15000,petrol,individual,automatic,first owner
ambassador classic 1500 dsl ac,2005,120000,50000,diesel,individual,manual,second owner
fiat linea t jet emotion,2010,215000,90000,petrol,individual,manual,second owner
renault scala diesel rxl,2013,550000,38500,diesel,individual,manual,first owner
tata nexon 1.2 revotron xz plus dual tone,2018,775000,35000,petrol,individual,manual,first owner
maruti gypsy king ht bsiv,2001,409999,49359,petrol,individual,manual,third owner
maruti 800 ac uniq,2005,65000,70000,petrol,individual,manual,second owner
maruti wagon r lxi minor,2008,200000,90000,petrol,individual,manual,second owner
maruti wagon r vxi bs iv,2010,240000,50000,petrol,individual,manual,second owner
toyota innova 2.5 vx 8 str,2012,800000,108731,diesel,individual,manual,first owner
toyota innova 2.5 ev diesel ms 7 str bsiii,2010,400000,120000,diesel,individual,manual,first owner
maruti wagon r vxi bsiii,2012,229999,40000,petrol,individual,manual,second owner
ford ecosport 1.5 dv5 mt titanium,2014,580000,120000,diesel,individual,manual,first owner
toyota corolla h2,2005,175000,100000,petrol,individual,manual,fourth & above owner
maruti ritz vdi,2012,250000,110000,diesel,individual,manual,fourth & above owner
hyundai eon magna plus,2014,320000,80000,petrol,individual,manual,first owner
nissan micra diesel xv,2013,300000,90000,diesel,individual,manual,first owner
mahindra tuv 300 mhawk100 t8,2017,800000,60000,diesel,individual,manual,first owner
hyundai verna sx at diesel,2009,245000,75000,diesel,dealer,automatic,first owner
hyundai eon magna plus,2018,300000,20000,petrol,individual,manual,first owner
hyundai xcent 1.2 crdi e,2017,350000,80000,diesel,individual,manual,first owner
maruti zen lx - bs iii,2006,70000,105700,petrol,individual,manual,first owner
maruti celerio vxi optional,2017,430999,14000,petrol,dealer,manual,first owner
chevrolet spark 1.0,2010,80000,70000,petrol,individual,manual,first owner
maruti alto 800 lxi optional,2019,335000,28000,petrol,dealer,manual,first owner
maruti eeco 7 seater standard bsiv,2017,350000,51000,petrol,dealer,manual,first owner
maruti alto 800 lxi opt bsiv,2018,315000,56000,petrol,dealer,manual,first owner
volkswagen vento 1.5 tdi highline plus at bsiv,2019,1100000,35000,diesel,individual,automatic,first owner
maruti esteem lxi - bsiii,2005,80000,24000,petrol,individual,manual,first owner
maruti alto k10 vxi optional,2014,285000,64000,petrol,dealer,manual,second owner
tata indigo tdi,2009,100000,120000,diesel,individual,manual,third owner
maruti alto lxi,2011,225000,37091,petrol,individual,manual,first owner
volvo xc 90 d5 inscription bsiv,2017,4500000,80000,diesel,individual,automatic,first owner
maruti alto k10 vxi,2018,320000,38900,petrol,individual,manual,third owner
hyundai creta 1.6 crdi sx plus,2016,1249000,60000,diesel,individual,manual,third owner
maruti wagon r lxi minor,2008,120000,110000,petrol,individual,manual,third owner
volkswagen vento diesel trendline,2011,200000,100000,diesel,individual,manual,second owner
hyundai creta 1.6 crdi sx,2016,1151000,85000,diesel,individual,manual,first owner
tata indica vista quadrajet ls,2012,120000,140000,diesel,individual,manual,first owner
renault kwid rxt,2017,220000,20000,petrol,individual,manual,first owner
tata nexon 1.2 revotron xz plus dual tone,2017,750000,15000,petrol,individual,manual,first owner
mahindra tuv 300 t10 dual tone,2018,784000,40000,diesel,individual,manual,first owner
honda jazz 1.2 s i vtec,2017,500000,50000,petrol,individual,manual,first owner
hyundai eon era plus,2018,350000,20000,petrol,individual,manual,first owner
mahindra xuv500 w7 at bsiv,2018,1400000,50000,diesel,individual,automatic,first owner
mahindra thar crde ac,2014,600000,100000,diesel,individual,manual,second owner
hyundai grand i10 1.2 kappa magna bsiv,2019,525000,9400,petrol,individual,manual,first owner
ford ecosport 1.5 diesel titanium plus bsiv,2017,930000,12000,diesel,individual,manual,first owner
maruti eeco 5 str with ac plus htr cng,2017,440000,14100,cng,dealer,manual,first owner
maruti celerio zxi,2016,434999,21000,petrol,dealer,manual,first owner
hyundai i10 magna,2011,250000,28000,petrol,dealer,manual,first owner
maruti ertiga shvs zdi plus,2017,940000,35000,diesel,dealer,manual,first owner
hyundai verna 1.6 crdi at sx,2017,1050000,31000,diesel,dealer,automatic,first owner
maruti ertiga shvs zdi,2016,825000,58000,diesel,dealer,manual,first owner
maruti wagon r vxi minor,2012,229999,25000,petrol,individual,manual,first owner
hyundai i20 1.2 asta,2011,375000,72000,petrol,dealer,manual,first owner
maruti ertiga zdi,2013,640000,89000,diesel,dealer,manual,first owner
toyota innova 2.5 v diesel 8-seater,2012,800000,160000,diesel,dealer,manual,first owner
ford figo petrol zxi,2012,130000,30000,petrol,individual,manual,third owner
hyundai i10 sportz 1.1l,2014,300000,37555,petrol,dealer,manual,first owner
maruti wagon r vxi bs iv,2018,440000,14000,petrol,dealer,manual,first owner
maruti ertiga vxi cng,2014,595000,56600,cng,dealer,manual,first owner
mahindra scorpio ex,2013,450000,110000,diesel,individual,manual,first owner
maruti vitara brezza vdi option,2017,690000,50000,diesel,individual,manual,first owner
maruti alto 800 vxi,2019,300000,5000,petrol,individual,manual,first owner
chevrolet sail 1.2 base,2014,170000,100000,petrol,individual,manual,second owner
toyota etios liva gd sp,2012,280000,120000,diesel,individual,manual,first owner
maruti swift vxi bsiii,2009,220000,67580,petrol,individual,manual,second owner
hyundai santro xing gls,2009,140000,100000,petrol,individual,manual,third owner
maruti esteem lxi,2004,45000,60000,petrol,individual,manual,first owner
ford figo diesel titanium,2014,200000,125000,diesel,individual,manual,second owner
mahindra scorpio 2.6 turbo 7 str,2008,325000,120000,diesel,individual,manual,second owner
hyundai verna crdi sx,2010,300000,130000,diesel,individual,manual,second owner
maruti 800 ac,2009,120000,250000,petrol,individual,manual,second owner
hyundai creta 1.6 crdi sx,2016,535000,52600,diesel,individual,manual,first owner
honda city i dtec s,2014,520000,82000,diesel,individual,manual,first owner
hyundai grand i10 1.2 kappa magna at,2017,550000,19890,petrol,dealer,automatic,first owner
mahindra verito vibe 1.5 dci d6,2015,280000,40000,diesel,individual,manual,first owner
nissan sunny xl d,2013,225000,78000,diesel,dealer,manual,first owner
ford ecosport 1.5 petrol titanium plus at bsiv,2015,750000,48238,petrol,trustmark dealer,automatic,first owner
hyundai i20 1.2 magna executive,2016,535000,38365,petrol,dealer,manual,first owner
mahindra xuv500 w10 1.99 mhawk,2016,1250000,23670,diesel,trustmark dealer,manual,first owner
maruti baleno zeta 1.2,2017,650000,49834,petrol,trustmark dealer,manual,first owner
honda brio s mt,2013,295000,57353,petrol,trustmark dealer,manual,first owner
maruti swift ddis vdi,2015,480000,68308,diesel,trustmark dealer,manual,first owner
honda city i dtec sv,2015,575000,63240,diesel,trustmark dealer,manual,first owner
mahindra scorpio 1.99 s4,2016,509999,60000,diesel,individual,manual,first owner
maruti alto lxi,2008,69000,100000,petrol,individual,manual,first owner
tata manza aura safire bs iv,2013,200000,60000,petrol,individual,manual,first owner
toyota innova 2.5 gx 8 str bsiv,2012,449000,90000,diesel,individual,manual,first owner
tata harrier xe,2020,426000,1000,diesel,individual,manual,first owner
ford ecosport 1.5 petrol ambiente,2017,650000,6000,petrol,individual,manual,first owner
tata tiago 1.05 revotorq xm,2017,260000,50000,diesel,individual,manual,first owner
mahindra bolero power plus plus ac bsiv ps,2015,295000,90000,diesel,individual,manual,third owner
maruti eeco 5 seater ac bsiv,2017,260000,30000,petrol,dealer,manual,first owner
tata indica vista quadrajet ls,2012,120000,140000,diesel,individual,manual,first owner
hyundai verna sx,2007,155000,65000,petrol,dealer,manual,first owner
honda jazz 1.5 vx i dtec,2015,450000,38000,diesel,individual,manual,first owner
tata new safari dicor 2.2 gx 4x2 bs iv,2012,320000,80000,diesel,individual,manual,first owner
hyundai verna i (petrol),2007,123000,50000,petrol,individual,manual,second owner
hyundai santro xing xo,2006,80000,110000,petrol,individual,manual,first owner
maruti sx4 celebration petrol,2012,220000,90000,petrol,individual,manual,second owner
hyundai i20 active s diesel,2018,650000,37000,diesel,dealer,manual,first owner
maruti alto 800 lxi,2018,285000,30000,petrol,dealer,manual,first owner
honda amaze v cvt petrol bsiv,2018,725000,26000,petrol,dealer,automatic,first owner
tata indica vista aqua 1.2 safire bsiv,2010,97000,128000,petrol,individual,manual,first owner
maruti ciaz zxi,2016,625000,30000,petrol,dealer,manual,first owner
hyundai i20 active sx petrol,2016,550000,23000,petrol,dealer,manual,first owner
tata indigo cr4,2012,130000,120000,diesel,individual,manual,first owner
hyundai i10 magna,2012,240000,40000,petrol,dealer,manual,first owner
nissan terrano xl 85 ps,2014,600000,27000,diesel,dealer,manual,first owner
tata new safari dicor 2.2 ex 4x2,2012,350000,65000,diesel,dealer,manual,first owner
hyundai eon magna plus,2015,245000,32000,petrol,dealer,manual,first owner
maruti swift 1.3 vxi,2009,199000,52536,petrol,individual,manual,first owner
mahindra xylo e4,2011,330000,100000,diesel,individual,manual,second owner
maruti ritz vxi,2009,150000,80000,petrol,individual,manual,first owner
hyundai creta 1.6 crdi sx,2016,927999,90000,diesel,individual,manual,first owner
maruti zen lxi,2003,70000,60000,petrol,individual,manual,fourth & above owner
hyundai xcent 1.2 crdi sx,2015,399000,55000,diesel,dealer,manual,first owner
maruti swift vdi optional,2015,350000,90000,diesel,individual,manual,first owner
mahindra scorpio 2.6 crde,2006,125000,50000,diesel,individual,manual,second owner
hyundai santro xing xs,2008,150000,90000,petrol,individual,manual,second owner
hyundai eon era plus,2015,250000,25000,petrol,individual,manual,first owner
hyundai verna 1.6 sx crdi (o),2014,675000,61000,diesel,dealer,manual,first owner
maruti s-cross alpha ddis 200 sh,2018,950000,30000,diesel,individual,manual,first owner
maruti eeco 5 str with ac plus htr cng,2018,409999,45000,cng,individual,manual,first owner
fiat linea emotion (diesel),2011,225000,60000,diesel,individual,manual,first owner
honda civic 1.8 v mt,2008,350000,75000,petrol,individual,manual,second owner
tata indica lsi,2005,51111,140000,petrol,individual,manual,third owner
chevrolet sail 1.3 ls,2013,290000,56000,diesel,dealer,manual,first owner
toyota camry hybrid,2006,310000,62000,electric,dealer,automatic,second owner
hyundai verna crdi sx,2007,212000,58000,diesel,dealer,manual,second owner
skoda octavia elegance 2.0 tdi at,2013,900000,49000,diesel,dealer,automatic,second owner
chevrolet beat diesel lt,2011,221000,56000,diesel,dealer,manual,second owner
toyota innova 2.5 g (diesel) 7 seater,2013,675000,73000,diesel,dealer,manual,first owner
honda amaze s i-dtech,2014,421000,69000,diesel,dealer,manual,first owner
maruti sx4 zxi bsiii,2008,350000,10000,petrol,individual,manual,first owner
hyundai accent executive cng,2010,140000,110000,cng,individual,manual,first owner
skoda octavia ambiente 1.9 tdi mt,2002,90000,116000,diesel,individual,manual,second owner
honda city edge edition diesel sv,2018,830000,40000,diesel,individual,manual,first owner
maruti wagon r lxi minor,2009,180000,30000,petrol,individual,manual,first owner
maruti swift vdi bsiii,2009,210000,109000,diesel,individual,manual,second owner
maruti sx4 s cross ddis 320 zeta,2017,700000,90000,diesel,individual,manual,first owner
tata nano cx bsiii,2014,45000,7000,petrol,individual,manual,second owner
tata indigo lx,2012,125000,120000,diesel,individual,manual,first owner
hyundai verna 1.6 vtvt s,2017,530000,64916,petrol,individual,manual,first owner
ford ecosport 1.5 dv5 mt trend,2018,800000,37161,diesel,dealer,manual,first owner
maruti baleno zeta 1.2,2016,580000,15000,petrol,individual,manual,first owner
audi q3 2.0 tdi quattro premium plus,2012,1400000,118000,diesel,individual,automatic,second owner
renault kwid 1.0 rxl,2018,300000,50852,petrol,individual,manual,first owner
renault kwid rxt optional,2016,300000,30000,petrol,individual,manual,first owner
maruti ciaz zdi shvs,2015,700000,77000,diesel,individual,manual,first owner
nissan sunny xl,2012,250000,70000,petrol,individual,manual,third owner
chevrolet tavera neo 3 9 str bsiii,2016,500000,120000,diesel,individual,manual,first owner
honda accord 2.4 at,2009,428000,40000,petrol,individual,automatic,third owner
tata harrier xz bsiv,2019,1400000,33000,diesel,individual,manual,first owner
hyundai eon era plus,2013,219000,53500,petrol,individual,manual,third owner
maruti ertiga shvs ldi,2017,500000,40000,diesel,individual,manual,first owner
honda city i dtec s,2014,520000,82000,diesel,individual,manual,first owner
mahindra scorpio 1.99 s4,2016,509999,60000,diesel,individual,manual,first owner
maruti baleno alpha 1.2,2019,556000,24000,petrol,individual,manual,first owner
tata indigo grand dicor,2014,225000,120000,diesel,individual,manual,first owner
honda amaze ex i-dtech,2013,325000,65000,diesel,dealer,manual,first owner
maruti swift vdi,2013,365000,65000,diesel,dealer,manual,first owner
hyundai creta 1.6 crdi sx plus,2015,850000,84000,diesel,dealer,manual,first owner
toyota etios gd sp,2013,350000,75000,diesel,dealer,manual,first owner
maruti swift vdi,2007,225000,50000,diesel,dealer,manual,first owner
maruti alto lx,2011,135000,50000,petrol,individual,manual,first owner
maruti wagon r lxi minor,2007,140000,49000,petrol,dealer,manual,first owner
maruti sx4 s cross ddis 320 delta,2016,665000,560000,diesel,dealer,manual,first owner
renault kwid rxt,2015,275000,14365,petrol,dealer,manual,first owner
toyota fortuner 2.8 4wd at bsiv,2017,2750000,41000,diesel,individual,automatic,first owner
hyundai verna 1.6 sx,2013,484999,65000,diesel,dealer,manual,first owner
maruti ciaz vdi option shvs,2015,565000,65000,diesel,dealer,manual,first owner
maruti swift dzire vdi,2013,425000,61083,diesel,dealer,manual,first owner
toyota innova 2.5 vx (diesel) 8 seater,2013,925000,75000,diesel,individual,manual,first owner
mahindra scorpio vlx 2wd airbag se bsiv,2012,565000,72000,diesel,dealer,manual,first owner
renault duster 110ps diesel rxl,2014,525000,65000,diesel,dealer,manual,first owner
honda city 1.5 s mt,2010,409999,60000,petrol,individual,manual,first owner
tata tigor 1.2 revotron xz option,2018,570000,5000,petrol,individual,manual,first owner
maruti sx4 zxi bsiii,2007,160000,80000,petrol,individual,manual,third owner
maruti ciaz zdi plus shvs,2017,749000,51500,diesel,individual,manual,second owner
maruti swift dzire vdi,2010,300000,120000,diesel,individual,manual,third owner
ford ecosport 1.5 diesel titanium plus bsiv,2014,550000,79800,diesel,dealer,manual,first owner
ford ecosport 1.5 diesel titanium plus bsiv,2015,550000,97000,diesel,dealer,manual,second owner
ford ecosport 1.5 diesel titanium plus,2019,1250000,6590,diesel,dealer,manual,first owner
ford figo aspire 1.5 tdci titanium,2017,700000,49957,diesel,dealer,manual,first owner
ford figo 1.5 sports edition mt,2017,600000,43235,diesel,dealer,manual,first owner
ford ecosport 1.5 tdci titanium plus be bsiv,2018,925000,50699,diesel,dealer,manual,first owner
ford endeavour 3.2 titanium at 4x4,2016,1800000,126000,diesel,dealer,automatic,first owner
ford figo aspire 1.5 tdci titanium plus,2015,459999,140730,diesel,dealer,manual,second owner
hyundai i20 active 1.2 sx,2015,565000,46000,petrol,individual,manual,first owner
hyundai eon era plus,2013,170000,80000,petrol,individual,manual,third owner
toyota qualis fs b3,2001,150000,256000,diesel,dealer,manual,first owner
mahindra scorpio vlx 2wd bsiii,2008,295000,120000,diesel,individual,manual,first owner
hyundai i20 active 1.4 sx,2018,819999,40000,diesel,individual,manual,first owner
hyundai elite i20 diesel asta option,2019,819999,40000,diesel,individual,manual,first owner
maruti ritz vxi,2015,320000,40000,petrol,individual,manual,first owner
ford ecosport 1.5 dv5 mt titanium,2015,550000,135000,diesel,individual,manual,second owner
mahindra bolero 2011-2019 slx,2015,550000,50000,diesel,individual,manual,first owner
volkswagen ameo 1.5 tdi comfortline,2017,590000,98000,diesel,individual,manual,first owner
toyota innova 2.5 vx (diesel) 8 seater,2014,1050000,70000,diesel,individual,manual,first owner
honda city i dtec v,2017,950000,50000,diesel,individual,manual,first owner
honda city i-dtec vx,2017,1000000,30000,diesel,individual,manual,first owner
nissan terrano xe 85 ps,2013,500000,120000,diesel,individual,manual,first owner
fiat punto evo 1.3 emotion,2017,450000,70000,diesel,individual,manual,first owner
maruti swift dzire vdi optional,2017,720000,35000,diesel,individual,manual,first owner
maruti celerio vdi,2015,390000,70000,diesel,individual,manual,second owner
mahindra thar 4x2,2014,500000,35000,diesel,individual,manual,first owner
toyota fortuner 2.7 2wd at,2016,2500000,70000,petrol,individual,automatic,second owner
hyundai i20 1.4 asta option,2017,780000,50000,diesel,individual,manual,first owner
maruti swift dzire zdi,2015,484999,90000,diesel,individual,manual,second owner
volkswagen vento diesel highline,2012,420000,90000,diesel,individual,manual,second owner
mahindra xuv500 w10 awd,2015,1225000,70000,diesel,individual,manual,first owner
tata indica vista tdi lx,2015,350000,50000,diesel,individual,manual,second owner
mahindra verito 1.5 d4 bsiv,2015,350000,120000,diesel,individual,manual,third owner
toyota innova 2.5 g (diesel) 8 seater bs iv,2011,800000,230000,diesel,individual,manual,first owner
hyundai santro xing xg at,2004,125000,70000,petrol,individual,automatic,second owner
tata indica v2 dls bsii,2010,75000,100000,diesel,individual,manual,third owner
mahindra kuv 100 g80 k4 plus,2018,509999,15000,petrol,individual,manual,first owner
tata indigo classic dicor,2014,215000,80000,diesel,individual,manual,third owner
hyundai grand i10 1.2 crdi asta,2018,465000,25000,diesel,individual,manual,first owner
maruti baleno alpha 1.2,2017,625000,52000,petrol,dealer,manual,first owner
hyundai grand i10 crdi magna,2017,490000,66000,diesel,dealer,manual,first owner
maruti ertiga shvs zdi,2017,880000,64000,diesel,dealer,manual,first owner
hyundai santro xing gl plus,2013,290000,49000,petrol,individual,manual,first owner
tata sumo gx tc 7 str bsiii,2006,115999,100000,diesel,individual,manual,second owner
maruti vitara brezza ldi option,2017,685000,72000,diesel,dealer,manual,first owner
honda jazz s,2009,300000,50000,petrol,individual,manual,first owner
hyundai i20 1.4 sportz,2017,680000,44000,diesel,dealer,manual,first owner
maruti swift dzire vdi,2014,480000,101000,diesel,dealer,manual,first owner
maruti swift vdi,2016,630000,55000,diesel,dealer,manual,first owner
honda city 1.5 gxi,2007,190000,115000,petrol,dealer,manual,second owner
maruti swift vdi,2015,500000,100000,diesel,dealer,manual,first owner
volkswagen jetta 2.0l tdi comfortline,2014,850000,52000,diesel,dealer,manual,second owner
maruti sx4 zdi,2011,350000,105000,diesel,dealer,manual,first owner
renault duster 85ps diesel rxe,2013,425000,170000,diesel,dealer,manual,first owner
maruti swift vdi bsiv,2015,495000,105000,diesel,dealer,manual,first owner
maruti ertiga shvs vdi,2017,890000,60000,diesel,individual,manual,second owner
hyundai verna crdi 1.6 at ex,2018,1100000,25000,diesel,individual,automatic,second owner
mahindra xuv500 w8 2wd,2014,650000,218000,diesel,individual,manual,second owner
hyundai grand i10 1.2 crdi asta,2018,465000,25000,diesel,individual,manual,first owner
maruti baleno alpha 1.2,2017,625000,52000,petrol,dealer,manual,first owner
hyundai grand i10 crdi magna,2017,490000,66000,diesel,dealer,manual,first owner
maruti ertiga shvs zdi,2017,880000,64000,diesel,dealer,manual,first owner
hyundai santro xing gl plus,2013,290000,49000,petrol,individual,manual,first owner
tata sumo gx tc 7 str bsiii,2006,115999,100000,diesel,individual,manual,second owner
maruti vitara brezza ldi option,2017,685000,72000,diesel,dealer,manual,first owner
honda jazz s,2009,300000,50000,petrol,individual,manual,first owner
hyundai i20 1.4 sportz,2017,680000,44000,diesel,dealer,manual,first owner
maruti swift dzire vdi,2014,480000,101000,diesel,dealer,manual,first owner
maruti swift vdi,2016,630000,55000,diesel,dealer,manual,first owner
honda city 1.5 gxi,2007,190000,115000,petrol,dealer,manual,second owner
maruti swift vdi,2015,500000,100000,diesel,dealer,manual,first owner
volkswagen jetta 2.0l tdi comfortline,2014,850000,52000,diesel,dealer,manual,second owner
maruti sx4 zdi,2011,350000,105000,diesel,dealer,manual,first owner
renault duster 85ps diesel rxe,2013,425000,170000,diesel,dealer,manual,first owner
maruti swift vdi bsiv,2015,495000,105000,diesel,dealer,manual,first owner
maruti ertiga shvs vdi,2017,890000,60000,diesel,individual,manual,second owner
hyundai verna crdi 1.6 at ex,2018,1100000,25000,diesel,individual,automatic,second owner
mahindra xuv500 w8 2wd,2014,650000,218000,diesel,individual,manual,second owner
ford fiesta 1.6 zxi duratec,2009,233000,58000,petrol,individual,manual,third owner
tata indigo cs ls (tdi) bs-iii,2015,300000,110000,diesel,individual,manual,second owner
honda amaze s petrol bsiv,2020,614000,1000,petrol,individual,manual,first owner
hyundai i10 sportz 1.2,2010,250000,100000,petrol,individual,manual,second owner
hyundai i10 sportz 1.2,2010,250000,110000,petrol,individual,manual,second owner
maruti alto lxi,2011,200000,40000,petrol,individual,manual,first owner
maruti wagon r lx minor,2013,290000,52000,petrol,individual,manual,first owner
maruti wagon r lxi bs iv,2013,320000,80000,petrol,individual,manual,second owner
hyundai santro xing xs erlx euro iii,2006,145000,52000,petrol,individual,manual,second owner
maruti alto lxi,2005,100000,124000,petrol,individual,manual,second owner
fiat punto 1.3 emotion,2010,130000,210000,diesel,individual,manual,second owner
hyundai santro at,2006,145000,66000,petrol,individual,automatic,second owner
maruti alto lx bsiii,2008,110000,120000,petrol,individual,manual,third owner
maruti swift dzire vdi,2019,680000,40000,diesel,individual,manual,first owner
maruti 800 std,2004,37500,90000,petrol,individual,manual,second owner
maruti ritz vdi,2011,200000,120000,diesel,individual,manual,second owner
nissan sunny diesel xl,2012,300000,110000,diesel,individual,manual,first owner
hyundai santro gs,2005,80000,56580,petrol,dealer,manual,first owner
mahindra xuv500 at w8 fwd,2015,740000,45000,diesel,dealer,automatic,first owner
mahindra scorpio s10 7 seater,2015,630000,50000,diesel,individual,manual,first owner
hyundai santro xing xg,2005,70000,68500,petrol,dealer,manual,first owner
hyundai santro sportz amt,2019,484999,5007,petrol,dealer,automatic,first owner
nissan micra active xv s,2013,164000,30000,petrol,individual,manual,first owner
honda city 1.5 v at,2008,140000,70000,petrol,individual,automatic,first owner
mercedes-benz e-class e250 cdi elegance,2011,999000,49600,diesel,dealer,automatic,first owner
maruti alto lxi,2005,56000,23000,petrol,individual,manual,second owner
bmw 7 series 730ld,2006,1050000,30000,diesel,dealer,automatic,first owner
hyundai verna 1.6 vtvt,2010,190000,38000,petrol,dealer,manual,first owner
audi q5 3.0 tdi quattro technology,2018,3899000,22000,diesel,dealer,automatic,first owner
maruti ritz vdi,2011,150000,40000,diesel,individual,manual,second owner
hyundai i10 sportz 1.2,2011,235000,43100,petrol,dealer,manual,first owner
mahindra xylo h4,2019,599000,15000,diesel,individual,manual,third owner
maruti alto 800 lxi,2018,200000,35000,petrol,individual,manual,first owner
datsun go plus t,2017,350000,10171,petrol,dealer,manual,first owner
renault duster 110ps diesel rxl,2015,465000,41123,diesel,dealer,manual,first owner
toyota camry hybrid 2.5,2017,1900000,20118,petrol,dealer,automatic,first owner
maruti ertiga 1.5 vdi,2019,1000000,15000,diesel,individual,manual,first owner
ford endeavour 2.2 titanium at 4x2,2019,2800000,10000,diesel,individual,automatic,first owner
maruti swift dzire vdi,2015,470000,170000,diesel,individual,manual,first owner
maruti celerio zxi,2017,415000,20000,petrol,individual,manual,first owner
nissan terrano xl 85 ps,2014,500000,82000,diesel,individual,manual,first owner
chevrolet spark 1.0 lt bs3,2013,150000,60000,petrol,individual,manual,second owner
maruti alto std,2005,95000,50000,petrol,individual,manual,second owner
maruti swift ldi,2012,400000,70000,diesel,individual,manual,first owner
maruti alto lx,2008,114999,66782,petrol,individual,manual,second owner
maruti alto lx,2006,75000,130000,petrol,individual,manual,first owner
hyundai verna 1.6 sx crdi (o),2013,500000,120000,diesel,individual,manual,first owner
maruti 800 ac,2014,195000,75000,petrol,individual,manual,second owner
maruti alto 800 base,2015,155000,40000,petrol,individual,manual,first owner
maruti alto lxi,2000,65000,90000,petrol,individual,manual,second owner
honda city 1.5 gxi,2005,65000,150000,petrol,individual,manual,third owner
tata nano xm,2015,190000,60000,petrol,individual,manual,second owner
mahindra verito 1.5 d6 bsiii,2012,200000,112198,diesel,individual,manual,second owner
tata manza aura safire bs iv,2010,160000,60000,petrol,individual,manual,second owner
tata indica vista aqua 1.4 tdi,2010,150000,130000,diesel,individual,manual,second owner
ford ecosport 1.5 tdci titanium bsiv,2015,530000,175000,diesel,individual,manual,third owner
mahindra scorpio s2 7 seater,2015,750000,120000,diesel,individual,manual,first owner
maruti ritz vdi,2012,225000,90000,diesel,individual,manual,second owner
toyota innova 2.5 vx (diesel) 8 seater bs iv,2012,600000,170000,diesel,individual,manual,first owner
hyundai i20 magna 1.4 crdi (diesel),2014,409999,80000,diesel,individual,manual,second owner
hyundai i20 magna 1.4 crdi,2014,409999,80000,diesel,individual,manual,second owner
maruti 800 ac bsiii,2009,110000,83000,petrol,individual,manual,second owner
hyundai creta 1.6 crdi sx option,2016,865000,90000,diesel,individual,manual,first owner
renault kwid rxt,2016,225000,40000,petrol,individual,manual,first owner
