selling_price,km_driven,age_of_car,price_per_km,is_diesel,is_dealer,is_automatic,owner_priority
60000,70000,19,0.8571428571428571,0,0,0,1
135000,50000,19,2.7,0,0,0,1
600000,100000,14,6.0,1,0,0,1
250000,46000,9,5.434782608695652,0,0,0,1
450000,141000,12,3.1914893617021276,1,0,0,2
140000,125000,19,1.12,0,0,0,1
550000,25000,10,22.0,0,0,0,1
240000,60000,12,4.0,0,0,0,2
850000,25000,11,34.0,0,0,0,1
365000,78000,9,4.67948717948718,0,0,0,1
260000,35000,11,7.428571428571429,0,0,0,1
250000,100000,12,2.5,0,0,0,1
1650000,25000,8,66.0,0,1,1,1
60000,70000,19,0.8571428571428571,0,0,0,1
135000,50000,19,2.7,0,0,0,1
600000,100000,14,6.0,1,0,0,1
250000,46000,9,5.434782608695652,0,0,0,1
450000,141000,12,3.1914893617021276,1,0,0,2
140000,125000,19,1.12,0,0,0,1
550000,25000,10,22.0,0,0,0,1
240000,60000,12,4.0,0,0,0,2
850000,25000,11,34.0,0,0,0,1
365000,78000,9,4.67948717948718,0,0,0,1
260000,35000,11,7.428571428571429,0,0,0,1
250000,100000,12,2.5,0,0,0,1
1650000,25000,8,66.0,0,1,1,1
585000,24000,11,24.375,0,1,0,1
1195000,5000,7,239.0,1,1,0,1
390000,33000,13,11.818181818181818,1,0,0,2
1964999,28000,12,70.17853571428572,1,1,1,1
1425000,59000,13,24.152542372881356,1,1,1,1
975000,4500,8,216.66666666666666,1,1,1,1
1190000,175900,15,6.7652075042637865,1,1,1,1
930000,14500,8,64.13793103448276,0,1,0,1
525000,15000,8,35.0,0,0,0,1
1735000,50000,13,34.7,1,1,1,1
1375000,33800,14,40.680473372781066,1,1,1,2
450000,130400,15,3.450920245398773,1,1,1,2
900000,50000,10,18.0,0,0,1,1
1300000,80000,11,16.25,1,0,0,1
1400000,10000,7,140.0,0,0,0,1
850000,119000,16,7.142857142857143,0,1,1,1
229999,60000,12,3.8333166666666667,0,0,0,4
1550000,75800,13,20.448548812664907,1,1,1,2
1250000,78000,17,16.025641025641026,1,1,1,3
625000,40000,14,15.625,1,0,0,1
1050000,50000,12,21.0,1,0,0,1
560000,74000,12,7.5675675675675675,1,0,0,2
290000,64000,12,4.53125,0,0,0,2
275000,60000,14,4.583333333333333,0,0,0,2
411000,120000,17,3.425,1,0,0,2
150000,79000,17,1.8987341772151898,0,0,0,3
500000,15000,7,33.333333333333336,0,0,0,1
100000,80000,20,1.25,0,0,0,1
725000,18500,9,39.189189189189186,1,1,0,1
401000,10200,8,39.31372549019608,0,1,0,1
750000,29000,8,25.862068965517242,1,1,0,1
310000,28000,8,11.071428571428571,0,1,0,1
665000,46000,10,14.456521739130435,1,1,0,1
465000,70000,12,6.642857142857143,1,1,0,1
160000,60000,14,2.6666666666666665,0,0,0,2
250000,35000,30,7.142857142857143,1,0,0,2
675000,90000,12,7.5,1,1,0,1
300000,80000,13,3.75,0,1,0,1
70000,80000,21,0.875,1,0,0,1
240000,73300,12,3.2742155525238745,0,1,0,2
525000,92000,12,5.706521739130435,1,1,0,1
151000,66764,17,2.2616979210352883,0,1,0,2
140000,100000,17,1.4,0,0,0,1
280000,350000,16,0.8,1,0,0,2
350000,230000,15,1.5217391304347827,1,0,0,1
570000,60000,9,9.5,1,0,0,1
300000,31000,8,9.67741935483871,0,0,0,1
100000,39000,19,2.5641025641025643,1,0,0,1
500000,120000,17,4.166666666666667,1,0,0,3
125000,166000,12,0.7530120481927711,1,0,0,4
130000,110000,20,1.1818181818181819,0,0,0,3
925000,35000,9,26.428571428571427,1,0,0,1
750000,60000,8,12.5,1,0,0,1
200000,54000,19,3.7037037037037037,0,0,1,2
248000,63000,16,3.9365079365079363,0,0,0,2
450000,120000,12,3.75,1,0,0,2
80000,120000,21,0.6666666666666666,0,0,0,3
650000,76000,12,8.552631578947368,0,0,0,2
450000,80000,11,5.625,1,0,0,1
650000,25000,7,26.0,1,0,0,1
495000,11958,10,41.39488208730557,0,1,0,1
371000,20000,11,18.55,0,1,0,1
1025000,9000,9,113.88888888888889,0,1,0,1
8150000,6500,9,1253.8461538461538,1,1,1,1
750000,70000,11,10.714285714285714,1,0,0,1
600000,120000,13,5.0,1,0,0,1
80000,58000,19,1.3793103448275863,0,1,0,2
325000,62200,13,5.22508038585209,1,1,0,1
1470000,34000,12,43.23529411764706,1,1,1,2
350000,53000,11,6.60377358490566,1,0,0,2
2800000,49000,13,57.142857142857146,1,1,1,1
210000,15000,9,14.0,0,1,0,2
450000,50000,13,9.0,0,0,0,1
1150000,53000,13,21.69811320754717,1,1,1,1
210000,63500,17,3.3070866141732282,0,1,1,1
4500000,9800,8,459.18367346938777,0,1,1,1
2750000,13000,9,211.53846153846155,1,0,1,1
1975000,21000,8,94.04761904761905,1,1,1,1
175000,29173,18,5.998697425701848,0,1,0,1
2500000,48000,14,52.083333333333336,1,1,1,1
628000,120000,9,5.233333333333333,1,0,0,1
600000,100000,16,6.0,1,0,0,1
399000,30000,9,13.3,0,0,0,1
750000,87000,8,8.620689655172415,1,0,0,1
750000,15000,7,50.0,0,0,0,1
315000,16000,9,19.6875,0,0,0,1
600000,60000,14,10.0,1,0,0,1
100000,60000,16,1.6666666666666667,0,0,0,4
250000,110000,15,2.272727272727273,0,0,0,3
350000,25000,9,14.0,0,0,0,1
780000,60000,10,13.0,1,0,0,1
434000,79350,12,5.469439193446755,1,0,0,2
690000,80000,10,8.625,0,0,1,1
555000,90000,12,6.166666666666667,1,0,0,2
120000,90000,19,1.3333333333333333,0,0,0,2
500000,120000,12,4.166666666666667,1,0,0,2
165000,60000,13,2.75,1,0,0,2
95000,50000,22,1.9,0,0,0,1
550000,20000,8,27.5,0,0,0,1
100000,110000,19,0.9090909090909091,1,0,0,4
100000,50000,14,2.0,0,0,0,2
500000,100000,14,5.0,1,0,0,1
800000,70000,10,11.428571428571429,1,0,0,2
840000,70000,10,12.0,1,0,0,2
490000,50000,10,9.8,0,0,0,1
125000,81000,16,1.5432098765432098,1,0,0,2
400000,120000,14,3.3333333333333335,1,0,0,3
1000000,3600,11,277.77777777777777,1,1,0,1
530000,14272,11,37.13565022421525,0,1,0,1
840000,49213,9,17.068660719728527,1,1,0,1
229999,40000,11,5.749975,0,0,0,1
40000,40000,28,1.0,0,0,0,4
130000,80000,14,1.625,0,0,0,1
200000,70000,11,2.857142857142857,0,0,0,1
120000,70000,15,1.7142857142857142,1,0,0,1
75000,57000,23,1.3157894736842106,0,0,0,1
250000,120000,10,2.0833333333333335,1,0,0,1
100000,30000,21,3.3333333333333335,0,0,0,1
280000,3240,13,86.41975308641975,0,0,0,2
540000,5000,11,108.0,0,0,0,1
700000,10000,8,70.0,0,0,0,1
525000,100000,11,5.25,1,0,0,1
430000,80000,10,5.375,1,0,0,1
65000,70000,24,0.9285714285714286,0,0,0,1
800000,35000,8,22.857142857142858,1,0,0,1
75000,114000,19,0.6578947368421053,0,0,0,2
210000,53772,18,3.905378263780406,0,0,0,1
195000,140000,14,1.3928571428571428,1,0,0,2
400000,120000,11,3.3333333333333335,1,0,0,1
170000,60000,14,2.8333333333333335,0,0,0,1
225000,25000,10,9.0,0,0,0,1
210000,90000,12,2.3333333333333335,0,0,0,1
240000,120000,6,2.0,0,0,0,1
300000,175000,11,1.7142857142857142,1,0,0,1
99000,100000,15,0.99,0,0,0,3
620000,36000,12,17.22222222222222,0,0,0,1
500000,30000,13,16.666666666666668,1,0,0,1
2550000,40000,16,63.75,0,0,1,2
260000,70000,13,3.7142857142857144,0,0,0,2
550000,60000,9,9.166666666666666,0,0,0,1
150000,155500,15,0.9646302250803859,1,0,0,1
350000,50000,15,7.0,0,0,1,2
320000,40000,10,8.0,0,0,0,1
400000,100000,11,4.0,1,0,0,3
175000,80000,14,2.1875,0,0,0,3
120000,90000,15,1.3333333333333333,0,0,0,2
320000,90000,13,3.5555555555555554,1,0,0,2
70000,110000,20,0.6363636363636364,0,0,0,3
810000,15000,7,54.0,0,0,0,1
95000,100000,19,0.95,0,0,0,2
282000,40000,6,7.05,0,0,0,1
80000,60000,22,1.3333333333333333,0,0,0,2
72000,25000,13,2.88,0,0,0,1
600000,25000,10,24.0,0,0,0,1
640000,23000,11,27.82608695652174,0,0,0,1
380000,22155,8,17.15188445046265,0,0,0,1
650000,70000,8,9.285714285714286,0,0,0,1
150000,60000,17,2.5,0,0,0,2
280000,110000,17,2.5454545454545454,0,0,0,2
430000,30000,8,14.333333333333334,0,0,0,1
800000,15000,7,53.333333333333336,1,0,0,1
75000,100000,23,0.75,1,0,0,2
650000,70000,10,9.285714285714286,1,0,1,1
390000,24000,9,16.25,0,0,0,1
100000,120000,21,0.8333333333333334,0,0,0,2
1500000,35000,13,42.857142857142854,1,0,1,1
175000,78380,19,2.232712426639449,0,0,0,1
434999,110000,14,3.9545363636363637,1,0,0,2
170000,90000,16,1.8888888888888888,1,0,0,3
190000,90000,15,2.111111111111111,1,0,0,3
250000,150000,17,1.6666666666666667,1,0,0,3
229999,230000,17,0.9999956521739131,1,0,0,3
140000,70000,20,2.0,0,0,0,3
600000,80362,9,7.466215375426197,1,0,0,1
280000,110000,14,2.5454545454545454,0,0,0,3
150000,60000,14,2.5,1,0,0,1
650000,50000,11,13.0,1,0,1,1
210000,40000,12,5.25,0,0,0,2
2900000,40000,9,72.5,1,0,1,1
425000,20000,13,21.25,1,1,0,1
265000,55000,12,4.818181818181818,0,1,0,1
890000,1136,8,783.4507042253521,0,1,0,1
365000,55000,13,6.636363636363637,0,1,0,1
350000,43000,12,8.13953488372093,0,1,0,1
685000,60000,10,11.416666666666666,1,0,0,1
940000,2650,8,354.7169811320755,1,1,0,1
1000000,40000,9,25.0,1,0,0,1
1150000,15000,7,76.66666666666667,0,1,0,1
450000,115962,10,3.8805815698245976,1,0,0,2
590000,65000,11,9.076923076923077,1,1,0,1
800000,40000,9,20.0,1,0,0,1
385000,58000,14,6.637931034482759,1,1,0,1
2000000,15000,13,133.33333333333334,1,0,1,1
235000,54000,14,4.351851851851852,0,1,0,1
640000,56000,9,11.428571428571429,1,1,0,1
52000,120000,20,0.43333333333333335,0,0,0,3
80000,90000,17,0.8888888888888888,0,0,0,2
140000,70000,14,2.0,0,0,0,2
120000,90000,18,1.3333333333333333,0,0,0,2
89999,213000,18,0.4225305164319249,1,0,0,1
180000,120000,14,1.5,1,0,0,1
1500000,20000,9,75.0,1,0,0,1
700000,10000,9,70.0,0,0,0,1
285000,80000,14,3.5625,1,0,0,2
390000,90000,11,4.333333333333333,0,0,0,1
125000,80000,18,1.5625,0,0,0,1
225000,60000,18,3.75,0,0,0,2
175000,139000,15,1.2589928057553956,0,0,0,2
1075000,160000,15,6.71875,1,0,0,2
300000,150000,12,2.0,1,0,0,1
700000,163000,16,4.294478527607362,1,0,0,4
90000,120000,17,0.75,1,1,0,1
120000,120000,15,1.0,1,0,0,2
220000,100000,14,2.2,1,0,0,2
300000,140000,11,2.142857142857143,1,1,0,1
180000,87000,16,2.0689655172413794,1,1,0,2
170000,70000,13,2.4285714285714284,0,0,0,1
300000,50000,11,6.0,0,0,0,2
1050000,70000,12,15.0,1,0,0,1
300000,150000,12,2.0,1,0,0,1
465000,25000,8,18.6,1,0,0,1
130000,80000,15,1.625,1,0,0,2
434999,10000,8,43.4999,0,0,0,1
500000,32000,8,15.625,0,0,0,1
200000,10000,8,20.0,0,0,0,1
625000,52000,9,12.01923076923077,0,1,0,1
110000,120000,20,0.9166666666666666,1,0,0,3
800000,11240,7,71.17437722419929,0,0,0,1
490000,66000,9,7.424242424242424,1,1,0,1
880000,64000,9,13.75,1,1,0,1
290000,49000,13,5.918367346938775,0,0,0,1
115999,100000,20,1.15999,1,0,0,2
360000,26500,8,13.584905660377359,0,0,0,1
65000,100000,24,0.65,0,0,0,2
685000,72000,9,9.51388888888889,1,1,0,1
300000,50000,17,6.0,0,0,0,1
680000,44000,9,15.454545454545455,1,1,0,1
1000000,60000,9,16.666666666666668,1,0,0,2
100000,120000,24,0.8333333333333334,1,0,0,1
160000,130000,16,1.2307692307692308,1,0,0,1
450000,70000,9,6.428571428571429,1,0,0,1
600000,20000,12,30.0,0,0,0,1
180000,60000,17,3.0,1,0,0,2
100000,195000,19,0.5128205128205128,0,0,0,1
120000,90000,16,1.3333333333333333,0,0,0,2
130000,80000,20,1.625,0,0,0,3
160000,155000,15,1.032258064516129,0,0,0,1
860000,35000,7,24.571428571428573,1,0,0,1
650000,20000,8,32.5,0,0,0,2
100000,80000,16,1.25,0,0,0,2
282000,20000,9,14.1,0,0,0,1
300000,50000,17,6.0,0,0,0,1
270000,110000,16,2.4545454545454546,0,0,0,2
550000,29000,13,18.96551724137931,1,0,0,1
450000,120000,13,3.75,1,0,0,1
430000,70000,15,6.142857142857143,1,0,0,2
350000,40000,13,8.75,0,0,0,1
350000,20000,9,17.5,0,0,0,1
229999,50000,13,4.59998,0,0,0,2
110000,50000,13,2.2,0,0,0,1
395000,49000,14,8.061224489795919,0,0,0,2
650000,70000,15,9.285714285714286,1,0,1,2
350000,90000,15,3.888888888888889,1,0,0,2
1400000,25000,6,56.0,1,1,0,1
360000,4000,8,90.0,0,0,0,1
1300000,10000,8,130.0,1,0,0,1
800000,15000,11,53.333333333333336,1,0,0,1
229999,30000,8,7.666633333333333,0,0,0,1
315000,41000,12,7.682926829268292,0,1,0,1
125000,28000,14,4.464285714285714,0,0,0,1
700000,16000,7,43.75,0,0,0,1
160000,70000,11,2.2857142857142856,0,0,0,1
530000,10832,9,48.92909896602659,0,1,0,1
624000,14681,8,42.50391662693277,1,1,0,1
250000,50000,17,5.0,0,0,0,1
585000,51000,10,11.470588235294118,1,1,0,1
500000,25000,11,20.0,0,0,0,1
350000,30000,12,11.666666666666666,0,0,0,1
495000,80000,12,6.1875,1,1,0,1
500000,50000,9,10.0,0,0,0,1
430000,200000,11,2.15,1,0,0,1
345000,44000,13,7.840909090909091,0,1,0,1
500000,10000,11,50.0,0,0,0,1
425000,19600,7,21.683673469387756,0,0,0,1
80000,40000,21,2.0,0,0,0,2
106000,50000,15,2.12,1,0,0,1
180000,46730,17,3.851915257864327,0,0,0,1
250000,40000,11,6.25,0,0,0,2
350000,80000,15,4.375,1,0,0,1
60000,80000,24,0.75,0,0,0,2
900000,24000,8,37.5,1,0,0,1
700000,21170,9,33.065658951346244,1,1,0,1
2000000,167223,13,11.960077262099114,1,1,1,1
1000000,40000,9,25.0,1,0,0,1
1375000,60000,15,22.916666666666668,1,0,1,1
1800000,141440,10,12.726244343891402,1,1,0,1
160000,120000,19,1.3333333333333333,1,0,0,3
525000,140000,14,3.75,0,0,1,1
850000,212814,14,3.9940981326416494,1,1,0,1
800000,30000,7,26.666666666666668,1,0,0,1
700000,88635,9,7.897557398318948,1,1,0,1
800000,25000,8,32.0,1,0,0,1
575000,20000,9,28.75,0,0,0,2
350000,110000,14,3.1818181818181817,1,0,0,2
250000,120000,18,2.0833333333333335,1,0,0,3
600000,149674,15,4.008712267995778,1,1,0,2
370000,100000,19,3.7,1,0,0,3
80000,120000,20,0.6666666666666666,0,0,0,3
50000,120000,23,0.4166666666666667,1,0,0,2
900000,25000,8,36.0,1,0,0,1
300000,35000,12,8.571428571428571,0,0,0,2
125000,40000,24,3.125,0,0,0,1
490000,60000,11,8.166666666666666,1,0,0,2
300000,50000,14,6.0,1,0,0,2
55000,25000,13,2.2,0,0,0,4
350000,25000,10,14.0,0,0,0,1
755000,8000,7,94.375,1,0,0,1
720000,60000,9,12.0,1,0,0,1
229999,200000,20,1.149995,1,0,0,3
1100000,20000,8,55.0,1,0,0,1
400000,100000,13,4.0,0,0,0,1
350000,70000,11,5.0,1,0,0,2
159000,68000,14,2.338235294117647,1,1,0,1
550000,38000,9,14.473684210526315,0,1,0,1
335000,80000,13,4.1875,1,1,0,1
185000,72000,12,2.5694444444444446,0,1,0,1
229999,75000,14,3.0666533333333335,0,1,0,1
225000,43000,12,5.232558139534884,0,1,0,1
250000,120000,19,2.0833333333333335,0,0,0,2
400000,100000,11,4.0,1,0,0,1
470000,163000,12,2.8834355828220857,1,0,0,1
300000,25000,8,12.0,0,0,1,1
145000,25000,15,5.8,0,0,0,1
100000,90000,19,1.1111111111111112,0,0,0,2
500000,70000,12,7.142857142857143,1,0,0,2
130000,98000,16,1.3265306122448979,0,0,0,2
240000,81925,16,2.929508696978944,1,0,0,1
150000,80000,13,1.875,1,0,0,2
270000,40000,9,6.75,0,0,0,1
400000,90000,12,4.444444444444445,1,0,0,1
200000,46000,14,4.3478260869565215,0,0,0,1
550000,80000,14,6.875,1,0,0,1
325000,35000,8,9.285714285714286,0,0,0,1
860000,82080,9,10.477582846003898,1,0,1,1
600000,200000,14,3.0,1,0,0,1
125000,70000,17,1.7857142857142858,0,0,0,1
60000,40000,26,1.5,0,0,0,3
300000,120000,16,2.5,1,0,0,3
190000,60000,19,3.1666666666666665,0,0,0,3
400000,110000,13,3.6363636363636362,1,0,0,1
260000,97000,15,2.6804123711340204,1,0,0,2
400000,30000,9,13.333333333333334,0,0,0,1
250000,40000,16,6.25,0,0,0,1
600000,10000,7,60.0,0,0,0,1
175000,52047,16,3.3623455722712166,0,0,0,1
450000,200000,15,2.25,1,0,0,3
350000,15000,7,23.333333333333332,0,0,1,2
800000,50000,8,16.0,1,0,0,1
250000,70000,15,3.5714285714285716,0,0,0,2
600000,10000,7,60.0,0,0,0,1
600000,90000,9,6.666666666666667,1,0,0,1
130000,40000,10,3.25,0,0,0,1
90000,62009,20,1.4514022158073827,0,0,0,2
595000,33100,9,17.97583081570997,0,0,0,2
190000,40000,12,4.75,0,0,0,2
50000,120000,27,0.4166666666666667,0,0,0,2
95000,80000,19,1.1875,0,0,0,1
1000000,70000,10,14.285714285714286,1,0,0,1
220000,220000,20,1.0,0,0,0,2
400000,50000,16,8.0,1,0,0,1
315000,45000,11,7.0,0,0,0,2
1000000,110000,12,9.090909090909092,1,0,0,1
500000,49000,12,10.204081632653061,1,0,0,1
1600000,35000,8,45.714285714285715,1,0,1,1
500000,160000,9,3.125,1,0,0,1
70000,180000,19,0.3888888888888889,0,0,0,3
105000,60000,19,1.75,0,0,0,2
400000,110000,18,3.6363636363636362,1,0,0,3
80000,60000,22,1.3333333333333333,0,0,0,3
300000,30000,10,10.0,0,0,0,1
409999,40000,9,10.249975,1,0,0,1
250000,70000,17,3.5714285714285716,0,0,0,1
250000,120000,16,2.0833333333333335,1,0,0,2
215000,80000,14,2.6875,1,0,0,3
1400000,120000,11,11.666666666666666,1,0,0,1
475000,20000,8,23.75,0,0,0,1
475000,22000,8,21.59090909090909,0,0,0,1
75000,35000,18,2.142857142857143,0,0,0,2
200000,120000,13,1.6666666666666667,1,0,0,2
575000,8000,7,71.875,0,0,0,1
150000,40000,15,3.75,1,0,0,2
850000,10000,8,85.0,1,0,0,1
350000,30000,7,11.666666666666666,0,0,0,1
550000,54000,15,10.185185185185185,1,0,0,2
330000,80577,9,4.095461484046316,0,0,0,1
1044999,25000,9,41.79996,1,0,0,1
300000,127500,15,2.3529411764705883,1,0,0,2
235000,40903,11,5.7452998557563015,0,1,0,1
120000,60000,15,2.0,0,0,0,3
130000,46000,22,2.8260869565217392,0,0,0,1
275000,22288,22,12.338478104809763,1,1,0,2
270000,180000,15,1.5,1,0,0,2
500000,30000,11,16.666666666666668,1,0,0,2
400000,61690,11,6.48403306856865,0,1,0,1
600000,64484,11,9.304633707586378,0,1,0,1
1350000,90000,14,15.0,1,0,1,2
400000,75976,13,5.264820469621986,1,1,0,2
220000,70000,15,3.142857142857143,1,0,0,2
300000,85962,14,3.4899141481119567,0,1,0,2
250000,120000,8,2.0833333333333335,0,0,0,1
600000,120000,11,5.0,1,0,0,1
285000,75000,14,3.8,0,0,1,2
350000,57035,17,6.136582800035066,0,1,0,1
170000,70000,15,2.4285714285714284,1,0,0,3
229999,45000,11,5.111088888888889,0,0,0,1
500000,72104,13,6.93442804837457,1,1,0,2
75000,15000,15,5.0,0,0,0,1
600000,30000,10,20.0,0,0,0,1
220000,80000,15,2.75,1,0,0,1
150000,164000,17,0.9146341463414634,1,0,0,2
65000,124439,20,0.5223442811337282,0,0,0,2
120000,77000,20,1.5584415584415585,0,0,0,2
240000,90000,12,2.6666666666666665,1,0,0,1
390000,30000,9,13.0,0,0,0,1
180000,50000,14,3.6,0,0,0,1
320000,80000,14,4.0,1,0,0,2
310000,5000,8,62.0,0,0,0,1
420000,24000,8,17.5,0,0,1,1
550000,10000,7,55.0,0,0,0,1
550000,78000,10,7.051282051282051,1,0,0,3
760000,50000,8,15.2,1,0,0,1
43000,100000,25,0.43,0,0,0,2
250000,20000,8,12.5,0,0,0,1
500000,1250,7,400.0,0,0,0,1
380000,17152,11,22.154850746268657,0,0,0,1
1850000,5000,7,370.0,1,0,1,1
350000,77000,14,4.545454545454546,1,0,0,1
195000,90000,18,2.1666666666666665,1,0,0,2
225000,80000,15,2.8125,0,0,0,2
1125000,65000,11,17.307692307692307,1,0,0,1
133000,80000,15,1.6625,1,0,0,1
200000,24005,13,8.3315975838367,0,0,0,1
940000,20000,8,47.0,1,0,0,1
400000,120000,12,3.3333333333333335,1,0,0,1
120000,120000,17,1.0,0,0,0,2
625000,80000,11,7.8125,1,0,0,1
110000,80000,21,1.375,0,0,0,1
490000,100000,14,4.9,1,0,0,1
140000,120000,17,1.1666666666666667,0,0,0,2
175000,149000,15,1.174496644295302,1,0,0,2
90000,65000,21,1.3846153846153846,0,0,0,2
275000,100000,17,2.75,1,0,0,2
300000,65000,15,4.615384615384615,1,0,0,2
270000,19000,8,14.210526315789474,0,0,0,2
130000,80000,16,1.625,0,0,0,2
275000,30000,11,9.166666666666666,0,0,0,1
352000,109000,14,3.229357798165138,1,0,0,1
180000,90000,14,2.0,0,0,0,1
150000,90000,14,1.6666666666666667,0,0,0,1
300000,65000,15,4.615384615384615,1,0,0,2
300000,110000,16,2.727272727272727,1,0,0,2
225000,120000,19,1.875,1,0,0,1
600000,44000,12,13.636363636363637,1,0,0,1
500000,80000,11,6.25,0,0,0,1
900000,5000,8,180.0,0,0,0,1
600000,61000,10,9.836065573770492,0,0,0,1
450000,100000,15,4.5,1,0,0,2
270000,27633,17,9.77092606665943,0,0,0,1
310000,100000,16,3.1,1,0,0,3
250000,100000,14,2.5,0,0,0,1
700000,12586,7,55.61735261401557,0,1,0,1
650000,38083,8,17.067983089567523,1,1,0,1
400000,55328,14,7.2296124927703875,1,1,0,1
425000,81632,14,5.206291650333203,1,1,0,1
600000,155201,10,3.8659544719428354,1,1,0,1
600000,93283,13,6.432040135930448,1,1,0,1
300000,217871,17,1.3769615965410724,1,1,0,1
450000,90165,14,4.990850108135086,1,1,0,1
750000,101504,12,7.388871374527112,1,1,0,1
325000,86017,16,3.778322889661346,1,1,0,2
900000,85036,13,10.583752763535443,1,1,0,2
180000,91086,20,1.9761544035307292,0,1,0,2
350000,160254,13,2.1840328478540316,1,1,0,2
600000,125531,13,4.779695852020616,1,1,0,2
900000,60000,7,15.0,1,0,0,1
350000,100000,20,3.5,1,0,0,1
280000,90000,13,3.111111111111111,1,0,0,3
225000,120000,17,1.875,1,0,0,2
520000,82000,12,6.341463414634147,1,0,0,1
509999,60000,10,8.499983333333333,1,0,0,1
556000,24000,7,23.166666666666668,0,0,0,1
225000,120000,12,1.875,1,0,0,1
325000,65000,13,5.0,1,1,0,1
365000,65000,13,5.615384615384615,1,1,0,1
850000,84000,11,10.119047619047619,1,1,0,1
350000,75000,13,4.666666666666667,1,1,0,1
225000,50000,19,4.5,1,1,0,1
135000,50000,15,2.7,0,0,0,1
140000,49000,19,2.857142857142857,0,1,0,1
665000,560000,10,1.1875,1,1,0,1
275000,14365,11,19.143752175426382,0,1,0,1
2750000,41000,9,67.07317073170732,1,0,1,1
484999,65000,13,7.4615230769230765,1,1,0,1
565000,65000,11,8.692307692307692,1,1,0,1
425000,61083,13,6.957746017713603,1,1,0,1
925000,75000,13,12.333333333333334,1,0,0,1
565000,72000,14,7.847222222222222,1,1,0,1
525000,65000,12,8.076923076923077,1,1,0,1
1650000,55000,9,30.0,1,1,0,1
295000,21000,11,14.047619047619047,0,1,0,2
2050000,66363,14,30.890707171164657,0,1,1,2
1475000,11700,8,126.06837606837607,0,1,1,1
1100000,10000,9,110.0,0,0,1,1
4400000,100000,12,44.0,1,0,1,2
670000,7104,10,94.31306306306307,0,0,0,1
750000,45974,11,16.313568538739286,1,0,0,1
760000,55340,11,13.733285146367907,0,0,0,1
850000,20000,9,42.5,0,1,1,2
390000,61585,11,6.332710887391411,1,0,0,1
450000,39415,10,11.41697323354053,0,0,1,2
425000,29654,12,14.331961961286842,0,0,0,1
770000,64672,10,11.906234537357744,1,0,0,1
1150000,54634,11,21.049163524545154,1,0,1,2
775000,66521,11,11.650456246899475,0,0,0,1
1725000,23974,8,71.95294902811379,1,1,1,2
2150000,43000,10,50.0,1,1,1,1
450000,1000,13,450.0,1,1,0,2
3800000,10000,8,380.0,1,1,1,1
1580000,86000,13,18.372093023255815,1,1,1,1
4950000,30000,7,165.0,1,1,1,1
535000,52600,10,10.171102661596958,1,0,0,1
225000,110000,14,2.0454545454545454,0,0,0,2
550000,19890,9,27.65208647561589,0,1,1,1
670000,7104,10,94.31306306306307,0,0,0,1
625000,11918,11,52.44168484645075,0,0,0,1
520000,10510,9,49.476688867745004,0,1,1,1
239000,41000,10,5.829268292682927,0,1,0,1
2600000,47162,9,55.12912938382596,1,0,1,1
750000,45974,11,16.313568538739286,1,0,0,1
229999,49824,14,4.616229126525369,0,1,0,1
1300000,58500,13,22.22222222222222,1,1,1,1
80000,56580,21,1.4139271827500883,0,1,0,1
385000,52000,14,7.403846153846154,1,1,0,1
760000,55340,11,13.733285146367907,0,0,0,1
600000,46507,9,12.901283677725933,1,0,0,1
450000,1000,13,450.0,1,1,0,2
3800000,10000,8,380.0,1,1,1,1
1580000,86000,13,18.372093023255815,1,1,1,1
4950000,30000,7,165.0,1,1,1,1
535000,52600,10,10.171102661596958,1,0,0,1
225000,110000,14,2.0454545454545454,0,0,0,2
550000,19890,9,27.65208647561589,0,1,1,1
670000,7104,10,94.31306306306307,0,0,0,1
625000,11918,11,52.44168484645075,0,0,0,1
520000,10510,9,49.476688867745004,0,1,1,1
239000,41000,10,5.829268292682927,0,1,0,1
2600000,47162,9,55.12912938382596,1,0,1,1
750000,45974,11,16.313568538739286,1,0,0,1
229999,49824,14,4.616229126525369,0,1,0,1
1300000,58500,13,22.22222222222222,1,1,1,1
80000,56580,21,1.4139271827500883,0,1,0,1
385000,52000,14,7.403846153846154,1,1,0,1
760000,55340,11,13.733285146367907,0,0,0,1
600000,46507,9,12.901283677725933,1,0,0,1
450000,1000,13,450.0,1,1,0,2
3800000,10000,8,380.0,1,1,1,1
1580000,86000,13,18.372093023255815,1,1,1,1
4950000,30000,7,165.0,1,1,1,1
535000,52600,10,10.171102661596958,1,0,0,1
225000,110000,14,2.0454545454545454,0,0,0,2
550000,19890,9,27.65208647561589,0,1,1,1
670000,7104,10,94.31306306306307,0,0,0,1
625000,11918,11,52.44168484645075,0,0,0,1
520000,10510,9,49.476688867745004,0,1,1,1
239000,41000,10,5.829268292682927,0,1,0,1
2600000,47162,9,55.12912938382596,1,0,1,1
750000,45974,11,16.313568538739286,1,0,0,1
229999,49824,14,4.616229126525369,0,1,0,1
1300000,58500,13,22.22222222222222,1,1,1,1
80000,56580,21,1.4139271827500883,0,1,0,1
385000,52000,14,7.403846153846154,1,1,0,1
760000,55340,11,13.733285146367907,0,0,0,1
600000,46507,9,12.901283677725933,1,0,0,1
450000,1000,13,450.0,1,1,0,2
3800000,10000,8,380.0,1,1,1,1
1580000,86000,13,18.372093023255815,1,1,1,1
4950000,30000,7,165.0,1,1,1,1
535000,52600,10,10.171102661596958,1,0,0,1
225000,110000,14,2.0454545454545454,0,0,0,2
550000,19890,9,27.65208647561589,0,1,1,1
670000,7104,10,94.31306306306307,0,0,0,1
625000,11918,11,52.44168484645075,0,0,0,1
520000,10510,9,49.476688867745004,0,1,1,1
239000,41000,10,5.829268292682927,0,1,0,1
2600000,47162,9,55.12912938382596,1,0,1,1
750000,45974,11,16.313568538739286,1,0,0,1
229999,49824,14,4.616229126525369,0,1,0,1
1300000,58500,13,22.22222222222222,1,1,1,1
80000,56580,21,1.4139271827500883,0,1,0,1
385000,52000,14,7.403846153846154,1,1,0,1
760000,55340,11,13.733285146367907,0,0,0,1
600000,46507,9,12.901283677725933,1,0,0,1
350000,50000,13,7.0,0,0,0,2
114999,30000,12,3.8333,0,0,0,1
380000,50000,13,7.6,0,0,0,2
95000,100000,31,0.95,0,0,0,2
900000,35000,10,25.714285714285715,1,0,0,1
200999,90000,14,2.233322222222222,0,0,0,2
229999,11451,12,20.085494716618637,0,0,0,1
800000,60000,7,13.333333333333334,1,0,0,1
150000,172000,14,0.872093023255814,1,0,0,2
600000,60000,8,10.0,1,0,0,1
150000,150000,21,1.0,1,0,0,1
150000,66000,17,2.272727272727273,1,0,0,1
380000,5000,7,76.0,0,0,0,1
80000,66508,20,1.2028628134961208,0,0,0,2
225000,55000,19,4.090909090909091,0,0,0,2
75000,29900,14,2.508361204013378,0,0,0,1
1600000,3000,9,533.3333333333334,1,0,0,1
185000,85000,14,2.176470588235294,1,0,0,1
425000,50000,15,8.5,1,0,0,1
100000,120000,16,0.8333333333333334,1,0,0,2
140000,90000,18,1.5555555555555556,0,0,0,3
710000,8000,9,88.75,0,0,1,1
450000,7900,11,56.962025316455694,0,0,1,1
210000,50000,9,4.2,0,0,0,1
270000,25000,10,10.8,0,0,0,1
110000,20000,17,5.5,0,0,0,1
540000,17500,8,30.857142857142858,0,0,0,1
145000,25000,18,5.8,0,0,0,1
360000,206500,13,1.7433414043583535,1,0,0,1
250000,88600,13,2.8216704288939054,0,0,0,1
110000,80000,14,1.375,1,0,0,1
250000,100000,18,2.5,1,0,0,4
150000,186000,15,0.8064516129032258,1,0,0,2
140000,60000,16,2.3333333333333335,0,0,0,1
925000,11000,7,84.0909090909091,0,0,0,1
969999,30000,9,32.3333,1,0,0,1
90000,80000,19,1.125,0,0,0,3
55000,60000,25,0.9166666666666666,0,0,0,3
155000,100000,19,1.55,1,0,0,4
900000,15000,7,60.0,1,0,0,1
135000,90000,15,1.5,0,0,0,1
180000,120000,14,1.5,0,0,0,1
495000,100000,13,4.95,1,0,0,2
400000,138000,17,2.898550724637681,1,0,0,3
250000,110000,18,2.272727272727273,1,0,0,2
138000,120000,11,1.15,0,0,0,4
311000,70000,15,4.442857142857143,0,0,1,2
190000,70000,11,2.7142857142857144,0,0,0,1
311000,140000,15,2.2214285714285715,1,0,0,1
300000,15000,17,20.0,0,0,0,1
600000,20000,8,30.0,0,0,0,1
550000,100000,17,5.5,1,0,0,1
600000,70000,11,8.571428571428571,0,0,1,1
195000,5000,8,39.0,0,0,0,1
58000,27974,13,2.0733538285550868,0,0,0,1
183000,40000,8,4.575,0,0,0,1
95000,80000,19,1.1875,0,0,0,1
250000,38000,13,6.578947368421052,0,0,0,1
250000,38000,13,6.578947368421052,0,0,0,1
400000,35000,12,11.428571428571429,0,0,0,1
409999,60000,14,6.833316666666667,1,0,0,2
120000,120000,22,1.0,1,0,0,2
600000,18000,8,33.333333333333336,0,0,1,1
600000,10000,10,60.0,0,0,0,1
825000,90000,11,9.166666666666666,1,0,0,3
625000,80000,10,7.8125,1,0,0,2
700000,1400,6,500.0,1,0,0,1
160000,60000,15,2.6666666666666665,0,0,0,1
114999,60000,15,1.91665,0,0,0,3
150000,53000,17,2.830188679245283,0,0,0,1
250000,100000,16,2.5,1,1,0,1
390000,86000,14,4.534883720930233,1,1,0,2
650000,100000,11,6.5,1,0,0,1
600000,30000,10,20.0,1,0,0,1
250000,120000,15,2.0833333333333335,0,0,0,1
229999,60000,15,3.8333166666666667,0,0,0,2
299000,50000,10,5.98,1,0,0,2
330000,124000,16,2.661290322580645,1,0,0,2
180000,100000,14,1.8,0,0,0,3
475000,42000,9,11.30952380952381,0,0,0,1
325000,100000,11,3.25,1,0,0,1
639000,28205,10,22.65555752526148,0,1,0,1
415000,32670,9,12.702785430058157,0,1,1,1
1199000,30093,10,39.8431528926993,1,1,1,1
525000,56228,13,9.336985131962724,0,1,0,1
425000,59319,13,7.164652135066336,0,1,0,1
699000,39503,10,17.694858618332784,1,1,0,1
325000,35299,13,9.207059690076207,0,1,0,1
275000,51687,15,5.3204867761719585,0,1,0,1
269000,76259,15,3.5274524974101418,0,1,1,1
399000,44049,13,9.058094394878431,1,1,0,1
475000,45087,9,10.53518752633797,1,1,0,1
249000,41125,15,6.054711246200608,0,1,0,1
1549000,42215,12,36.69311855975364,1,1,1,1
254999,54206,15,4.7042578312363945,0,1,0,1
269000,52547,14,5.119226597141607,0,1,0,1
665000,59110,12,11.250211470140416,1,1,0,1
299000,54565,12,5.479703106386878,0,1,0,1
265000,47564,16,5.571440585316626,0,1,0,2
211000,45143,16,4.674035841658729,0,1,0,2
599000,61624,13,9.720238867973517,0,1,1,2
55000,195000,19,0.28205128205128205,1,0,0,3
550000,50000,12,11.0,1,0,0,1
4000000,68000,8,58.8235294117647,1,0,1,1
220000,120000,16,1.8333333333333333,1,0,0,2
500000,20000,7,25.0,0,0,0,1
140000,30000,16,4.666666666666667,0,0,0,1
325000,60000,13,5.416666666666667,1,0,0,1
210000,90000,16,2.3333333333333335,0,0,0,3
110000,90000,18,1.2222222222222223,0,0,0,2
1200000,25000,7,48.0,1,0,0,1
229999,40000,9,5.749975,0,0,0,1
225000,110000,14,2.0454545454545454,0,0,0,2
165000,132000,20,1.25,0,0,0,1
525000,10980,8,47.814207650273225,0,1,1,1
325000,20629,8,15.754520335450094,0,1,0,1
1500000,50000,8,30.0,1,0,0,1
400000,30000,11,13.333333333333334,0,0,1,1
550000,69782,11,7.8816886876271814,0,1,0,1
98000,54000,23,1.8148148148148149,0,0,0,1
900000,63654,13,14.138938637006316,1,1,0,1
700000,60000,9,11.666666666666666,1,0,0,1
890000,52000,11,17.115384615384617,1,1,0,1
490000,59385,11,8.251241896101709,1,1,0,1
525000,70378,11,7.45971752536304,0,1,0,1
330000,55425,13,5.953991880920162,0,1,0,1
550000,78413,13,7.014143063012511,1,1,0,2
790000,40890,8,19.320127170457326,1,1,0,1
350000,34823,11,10.050828475432903,0,1,0,2
1700000,75000,9,22.666666666666668,1,0,1,1
750000,55545,9,13.502565487442615,1,1,0,1
409999,56541,12,7.251357422047717,1,1,0,1
220000,43700,10,5.034324942791762,0,0,0,1
68000,120000,17,0.5666666666666667,0,0,0,2
290000,20000,9,14.5,0,0,0,1
600000,27483,12,21.831677764436197,1,1,0,1
470000,8000,7,58.75,0,0,0,1
150000,30000,18,5.0,0,0,0,1
180000,56207,12,3.2024480936538153,0,1,0,2
80000,70000,20,1.1428571428571428,0,0,0,1
875000,1440,8,607.6388888888889,0,0,0,1
300000,50000,7,6.0,0,0,0,1
2800000,20000,9,140.0,1,0,1,1
1330000,91195,9,14.584132902023137,1,1,0,1
220000,63657,15,3.4560221185415587,1,1,0,1
250000,60000,13,4.166666666666667,1,0,0,1
919999,75000,10,12.266653333333334,1,1,0,1
380000,97248,13,3.907535373478118,0,1,0,1
450000,46000,14,9.782608695652174,1,0,0,1
770000,10000,10,77.0,0,0,1,1
550000,80000,8,6.875,1,0,0,1
320000,100000,15,3.2,1,0,0,2
400000,35000,13,11.428571428571429,0,0,0,1
450000,50000,9,9.0,0,0,1,1
220000,90000,15,2.4444444444444446,1,0,0,3
400000,150000,14,2.6666666666666665,1,0,0,2
530000,89000,13,5.955056179775281,0,0,0,2
390000,60000,12,6.5,1,0,0,2
185000,100000,14,1.85,1,0,0,2
300000,100000,14,3.0,0,0,0,2
575000,90000,12,6.388888888888889,1,0,0,2
300000,75000,12,4.0,0,0,0,1
425000,36000,9,11.805555555555555,1,1,0,1
350000,12000,10,29.166666666666668,0,0,0,1
550000,12997,9,42.31745787489421,1,1,0,1
500000,40000,9,12.5,0,0,1,1
600000,60000,11,10.0,1,0,0,1
300000,25000,13,12.0,1,0,0,2
1150000,26430,8,43.51116155883466,1,1,0,1
475000,24600,11,19.308943089430894,0,1,0,1
260000,28481,15,9.128892946174643,0,1,0,1
350000,100000,13,3.5,0,0,0,1
750000,41988,13,17.862246356101743,1,1,0,1
180000,30375,17,5.925925925925926,0,1,0,1
350000,7658,9,45.703839122486286,0,1,1,1
611000,34400,9,17.761627906976745,1,1,0,1
325000,18500,9,17.56756756756757,0,1,0,1
225000,48000,14,4.6875,0,1,0,1
300000,28942,12,10.365558703614125,0,1,1,1
400000,50000,9,8.0,1,0,0,2
711000,53600,14,13.264925373134329,1,1,0,1
851000,53652,11,15.861477670916276,1,1,0,1
500000,25000,12,20.0,0,0,0,1
250000,80000,19,3.125,1,0,0,2
150000,50000,9,3.0,0,0,0,1
610000,15000,10,40.666666666666664,1,0,0,2
450000,5000,8,90.0,0,0,0,1
744000,106000,9,7.018867924528302,1,0,0,1
120000,100000,18,1.2,0,0,0,3
220000,60000,10,3.6666666666666665,0,0,0,3
480000,120000,14,4.0,1,0,0,4
370000,82000,9,4.512195121951219,0,0,1,1
55000,35000,23,1.5714285714285714,1,0,0,2
125000,205000,13,0.6097560975609756,0,0,0,1
260000,125000,15,2.08,1,0,0,3
350000,130000,11,2.6923076923076925,1,0,0,1
170000,97000,14,1.7525773195876289,0,0,0,2
350000,90000,11,3.888888888888889,0,0,0,2
250000,60000,17,4.166666666666667,0,0,0,3
170000,60000,13,2.8333333333333335,1,0,0,1
1300000,35000,8,37.142857142857146,1,0,0,1
550000,25000,7,22.0,0,0,0,1
400000,15000,9,26.666666666666668,0,0,0,1
120000,20000,15,6.0,0,0,0,1
120000,20000,15,6.0,0,0,0,1
275000,70000,16,3.9285714285714284,0,0,0,1
285000,90000,10,3.1666666666666665,0,0,0,1
900000,80000,10,11.25,1,0,0,1
2500000,79500,12,31.446540880503143,1,0,1,2
620000,70000,13,8.857142857142858,1,0,0,2
1700000,5000,8,340.0,1,0,0,1
650000,15000,8,43.333333333333336,0,0,0,1
500000,35000,12,14.285714285714286,0,0,0,1
250000,120000,17,2.0833333333333335,1,0,0,2
950000,15000,8,63.333333333333336,1,0,0,2
320000,60000,11,5.333333333333333,0,0,0,1
450000,120000,13,3.75,1,0,0,1
350000,90000,10,3.888888888888889,1,0,0,1
400000,90000,11,4.444444444444445,0,0,0,1
200000,10000,8,20.0,0,0,0,1
250000,72000,17,3.4722222222222223,1,0,0,2
550000,197000,15,2.7918781725888326,0,0,0,2
85000,70000,27,1.2142857142857142,0,0,0,2
52000,50000,25,1.04,0,0,0,3
1200000,50000,9,24.0,1,0,1,1
450000,60000,15,7.5,0,0,1,3
615000,40000,8,15.375,0,0,0,1
400000,60000,14,6.666666666666667,1,0,0,2
60000,40000,13,1.5,0,0,0,1
500000,9161,9,54.57919441109049,0,0,0,1
600000,45000,11,13.333333333333334,0,0,0,1
110000,110000,16,1.0,0,0,0,1
175000,80000,13,2.1875,0,0,0,1
325000,100000,15,3.25,1,0,0,2
425000,90000,9,4.722222222222222,1,0,0,1
160000,70000,17,2.2857142857142856,0,0,0,3
100000,80000,19,1.25,0,0,0,3
390000,110000,12,3.5454545454545454,1,0,0,2
400000,50000,9,8.0,0,0,0,1
509999,5000,8,101.9998,0,0,0,1
150000,90000,18,1.6666666666666667,0,0,0,3
110000,120000,17,0.9166666666666666,0,0,0,1
450000,80000,13,5.625,1,0,0,1
400000,38000,9,10.526315789473685,0,0,0,2
140000,120000,17,1.1666666666666667,0,0,0,1
130000,90000,15,1.4444444444444444,1,0,0,1
160000,50000,9,3.2,0,0,0,1
150000,60000,10,2.5,0,0,0,1
500000,100000,13,5.0,1,0,0,2
40000,19000,15,2.1052631578947367,0,0,0,1
140000,200000,20,0.7,1,0,0,3
227000,70000,11,3.242857142857143,1,0,0,2
285000,50000,15,5.7,1,0,0,2
155000,19077,14,8.12496723803533,0,0,0,2
210000,30000,10,7.0,0,0,0,1
140000,80000,17,1.75,0,0,0,2
940000,128000,11,7.34375,1,0,0,1
750000,80000,13,9.375,1,0,0,1
610000,100000,10,6.1,1,0,0,1
450000,50000,11,9.0,1,0,0,1
409999,56000,14,7.321410714285714,1,0,0,1
100000,21302,8,4.694394892498357,0,0,0,1
300000,10500,8,28.571428571428573,0,0,0,1
400000,107000,13,3.7383177570093458,1,0,0,1
210000,60000,16,3.5,0,0,0,2
90000,120000,20,0.75,0,0,0,2
222000,70000,16,3.1714285714285713,0,0,0,1
240000,50000,11,4.8,0,0,0,2
450000,70000,13,6.428571428571429,1,0,0,2
450000,1000,13,450.0,1,1,0,2
3800000,10000,8,380.0,1,1,1,1
1580000,86000,13,18.372093023255815,1,1,1,1
4950000,30000,7,165.0,1,1,1,1
535000,52600,10,10.171102661596958,1,0,0,1
225000,110000,14,2.0454545454545454,0,0,0,2
550000,19890,9,27.65208647561589,0,1,1,1
670000,7104,10,94.31306306306307,0,0,0,1
625000,11918,11,52.44168484645075,0,0,0,1
520000,10510,9,49.476688867745004,0,1,1,1
239000,41000,10,5.829268292682927,0,1,0,1
2600000,47162,9,55.12912938382596,1,0,1,1
750000,45974,11,16.313568538739286,1,0,0,1
229999,49824,14,4.616229126525369,0,1,0,1
1300000,58500,13,22.22222222222222,1,1,1,1
80000,56580,21,1.4139271827500883,0,1,0,1
385000,52000,14,7.403846153846154,1,1,0,1
760000,55340,11,13.733285146367907,0,0,0,1
600000,46507,9,12.901283677725933,1,0,0,1
450000,1000,13,450.0,1,1,0,2
3800000,10000,8,380.0,1,1,1,1
1580000,86000,13,18.372093023255815,1,1,1,1
4950000,30000,7,165.0,1,1,1,1
535000,52600,10,10.171102661596958,1,0,0,1
225000,110000,14,2.0454545454545454,0,0,0,2
550000,19890,9,27.65208647561589,0,1,1,1
670000,7104,10,94.31306306306307,0,0,0,1
625000,11918,11,52.44168484645075,0,0,0,1
520000,10510,9,49.476688867745004,0,1,1,1
239000,41000,10,5.829268292682927,0,1,0,1
2600000,47162,9,55.12912938382596,1,0,1,1
750000,45974,11,16.313568538739286,1,0,0,1
229999,49824,14,4.616229126525369,0,1,0,1
1300000,58500,13,22.22222222222222,1,1,1,1
80000,56580,21,1.4139271827500883,0,1,0,1
385000,52000,14,7.403846153846154,1,1,0,1
760000,55340,11,13.733285146367907,0,0,0,1
600000,46507,9,12.901283677725933,1,0,0,1
735000,55300,14,13.291139240506329,1,1,1,1
285000,74300,14,3.8358008075370122,1,1,0,1
350000,48781,16,7.174924663291035,0,1,0,1
290000,87620,16,3.3097466331887695,1,1,1,1
890000,40219,9,22.12884457594669,1,1,1,1
385000,11473,15,33.557046979865774,0,1,0,1
425000,8352,9,50.8860153256705,0,1,0,1
525000,9745,9,53.873781426372496,0,1,1,1
550000,9748,9,56.42183011899877,0,1,0,1
271000,49000,14,5.530612244897959,0,1,0,1
1490000,20694,8,72.00154634193485,1,1,0,1
490000,31080,11,15.765765765765765,0,1,0,1
260000,37605,12,6.913974205557771,0,1,0,1
455000,55850,12,8.146821844225604,1,1,0,1
75000,58850,16,1.274426508071368,0,1,0,1
421000,23839,11,17.66013675070263,0,1,0,1
550000,54000,10,10.185185185185185,1,1,0,1
330000,38000,13,8.68421052631579,0,1,1,1
390000,45454,14,8.580102961235534,1,1,0,1
599000,46957,11,12.756351555678599,1,1,1,1
110000,60000,19,1.8333333333333333,0,0,0,4
250000,25000,10,10.0,0,0,0,1
600000,110000,14,5.454545454545454,1,0,0,4
280000,190000,18,1.4736842105263157,1,0,0,2
2700000,25000,8,108.0,1,0,1,1
80000,90000,18,0.8888888888888888,0,0,0,1
350000,5000,7,70.0,0,0,0,1
475000,60000,11,7.916666666666667,1,0,0,1
4700000,1500,6,3133.3333333333335,1,0,1,1
500000,50000,8,10.0,1,0,0,1
250000,120000,12,2.0833333333333335,1,0,0,1
100000,120000,21,0.8333333333333334,1,0,0,2
350000,5000,7,70.0,0,0,0,1
4000000,47000,12,85.1063829787234,1,0,1,1
1900000,20000,9,95.0,0,0,1,1
95000,120000,21,0.7916666666666666,0,0,0,2
409999,58000,11,7.068948275862069,1,0,0,1
1050000,35000,8,30.0,1,0,0,1
320000,30000,9,10.666666666666666,0,0,0,1
1000000,10000,7,100.0,1,0,0,1
1770000,25000,9,70.8,1,0,0,1
950000,20000,8,47.5,1,0,0,1
750000,50000,8,15.0,1,0,0,1
220000,42000,12,5.238095238095238,0,0,0,1
1000000,50000,9,20.0,1,0,0,1
660000,116000,9,5.689655172413793,1,0,0,1
716000,100000,11,7.16,1,0,0,1
675000,66000,11,10.227272727272727,0,0,0,1
385000,110000,16,3.5,1,0,0,3
325000,70000,12,4.642857142857143,1,0,0,1
950000,60000,11,15.833333333333334,1,0,0,1
400000,110000,19,3.6363636363636362,1,0,1,4
250000,25000,12,10.0,1,0,0,1
4000000,68000,8,58.8235294117647,0,0,1,1
210000,20000,12,10.5,0,0,0,1
147000,110000,15,1.3363636363636364,0,0,0,2
725000,26350,8,27.514231499051235,1,0,0,1
550000,90000,14,6.111111111111111,1,0,0,1
475000,25000,10,19.0,0,0,0,1
250000,50000,12,5.0,0,0,0,2
70000,60000,20,1.1666666666666667,0,0,0,2
160000,70000,14,2.2857142857142856,0,0,0,3
1000000,90000,15,11.11111111111111,1,0,1,2
68000,70000,25,0.9714285714285714,0,0,0,1
500000,26500,9,18.867924528301888,0,0,0,1
170000,60000,13,2.8333333333333335,1,0,0,1
1300000,35000,8,37.142857142857146,1,0,0,1
1050000,10000,6,105.0,1,0,0,1
300000,15000,17,20.0,0,0,0,1
600000,25000,10,24.0,0,0,0,1
900000,50000,9,18.0,1,0,0,1
550000,25000,7,22.0,0,0,0,1
100000,52000,19,1.9230769230769231,0,0,0,2
400000,15000,9,26.666666666666668,0,0,0,1
120000,20000,15,6.0,0,0,0,1
300000,90000,13,3.3333333333333335,1,0,0,1
140000,60000,15,2.3333333333333335,1,0,0,2
640000,23000,11,27.82608695652174,0,0,0,1
380000,22155,8,17.15188445046265,0,0,0,1
120000,20000,15,6.0,0,0,0,1
650000,70000,8,9.285714285714286,0,0,0,1
150000,60000,17,2.5,0,0,0,2
550000,35000,8,15.714285714285714,0,0,0,1
650000,71042,14,9.149517187016132,1,1,0,1
1025000,167870,14,6.105915291594687,1,1,0,2
195000,133564,15,1.4599742445569166,1,1,0,1
3800000,10000,8,380.0,1,1,1,1
1490000,40000,13,37.25,1,1,1,1
4950000,30000,7,165.0,1,1,1,1
1140000,23038,8,49.4834621060856,0,0,1,1
95000,70000,15,1.3571428571428572,1,0,0,1
3050000,30000,9,101.66666666666667,1,0,1,1
550000,19890,9,27.65208647561589,0,1,1,1
625000,11918,11,52.44168484645075,0,0,0,1
520000,10510,9,49.476688867745004,0,1,1,1
239000,41000,10,5.829268292682927,0,1,0,1
2600000,47162,9,55.12912938382596,1,0,1,1
229999,49824,14,4.616229126525369,0,1,0,1
1300000,58500,13,22.22222222222222,1,1,1,1
585000,43608,9,13.41496973032471,0,0,0,1
825000,11212,8,73.58187656082768,0,0,1,1
280000,52000,13,5.384615384615385,1,1,0,1
725000,49217,10,14.730682487758294,0,0,0,1
300000,90000,11,3.3333333333333335,1,0,0,1
375000,70000,11,5.357142857142857,0,0,0,1
310000,90000,23,3.4444444444444446,0,0,0,4
375000,190000,15,1.9736842105263157,1,0,0,3
1950000,106000,10,18.39622641509434,1,0,1,1
400000,80000,14,5.0,1,0,0,2
550000,80000,12,6.875,1,0,0,2
270000,20000,8,13.5,0,0,0,1
555000,110000,14,5.045454545454546,1,0,0,2
500000,60000,13,8.333333333333334,1,0,0,2
400000,130000,16,3.076923076923077,1,0,1,2
280000,28838,9,9.709411193564048,0,0,0,1
80000,200000,18,0.4,0,0,0,1
55000,100000,20,0.55,1,0,0,1
250000,50000,12,5.0,0,0,0,1
250000,190000,16,1.3157894736842106,1,0,0,4
95000,100000,19,0.95,1,0,0,2
725000,135000,12,5.37037037037037,1,0,0,2
320000,50000,11,6.4,1,0,0,3
1200000,135000,12,8.88888888888889,1,0,1,3
160000,50000,14,3.2,1,0,0,1
790000,19571,8,40.36584742731593,1,1,0,1
1200000,29600,8,40.54054054054054,0,1,0,1
175000,70000,15,2.5,0,0,0,1
950000,15000,8,63.333333333333336,1,0,1,1
340000,50000,7,6.8,0,0,0,1
825000,13500,9,61.111111111111114,1,0,0,1
3100000,22000,8,140.9090909090909,0,0,1,1
780000,25000,8,31.2,1,1,0,1
350000,80000,16,4.375,0,0,1,3
690000,39000,8,17.692307692307693,0,1,0,1
245000,60000,10,4.083333333333333,0,0,0,1
790000,49000,8,16.122448979591837,1,1,0,1
680000,48600,8,13.991769547325102,0,1,0,1
540000,20000,9,27.0,0,0,0,2
425000,25000,10,17.0,0,0,0,1
140000,120000,18,1.1666666666666667,0,0,0,1
1100000,30000,7,36.666666666666664,1,0,0,1
715000,35000,11,20.428571428571427,1,0,0,1
1580000,86000,13,18.372093023255815,1,1,1,1
1750000,127643,11,13.710113363051637,1,1,1,1
400000,54000,8,7.407407407407407,0,1,0,2
1750000,102354,12,17.097524278484475,1,1,1,1
1850000,62237,12,29.725083149894758,0,1,1,1
114999,90000,21,1.2777666666666667,0,1,0,2
950000,21394,8,44.40497335701598,1,1,0,1
310000,32686,11,9.484182830569663,0,1,0,1
575000,1001,20,574.4255744255744,1,1,0,1
490000,22000,9,22.272727272727273,1,1,0,1
480000,53261,9,9.012222827209403,0,1,0,1
3500000,53000,10,66.0377358490566,1,1,1,1
370000,10000,8,37.0,0,1,0,1
835000,14000,9,59.642857142857146,1,1,0,1
650000,44000,9,14.772727272727273,0,1,0,1
670000,39895,12,16.794084471738312,1,1,0,1
950000,73000,9,13.013698630136986,1,1,1,1
690000,17000,12,40.588235294117645,0,1,0,1
670000,18591,9,36.03894357484805,0,1,0,1
925000,26766,9,34.558768587013375,1,1,0,1
250000,30000,11,8.333333333333334,0,0,0,1
509999,42000,10,12.142833333333334,1,0,0,1
520000,110000,12,4.7272727272727275,1,0,0,1
100000,100000,21,1.0,1,0,0,1
85000,300000,20,0.2833333333333333,1,0,0,2
130000,110000,17,1.1818181818181819,1,0,0,3
950000,27620,8,34.39536567704562,1,1,0,1
450000,70000,11,6.428571428571429,0,0,0,1
320000,50000,14,6.4,0,0,0,2
480000,50000,11,9.6,1,0,0,1
2490000,46000,12,54.130434782608695,1,0,1,1
790000,82000,14,9.634146341463415,1,0,0,1
120000,120000,10,1.0,0,0,0,1
75000,80000,20,0.9375,0,0,0,3
99000,70000,16,1.4142857142857144,0,0,0,1
1015000,20000,8,50.75,1,0,0,1
250000,200000,13,1.25,1,0,0,2
520000,120000,15,4.333333333333333,1,0,0,1
1100000,30000,8,36.666666666666664,1,0,1,1
200000,223000,21,0.8968609865470852,1,0,0,1
525000,60000,10,8.75,1,0,0,1
500000,40000,10,12.5,0,0,0,1
675000,161327,10,4.18404854736033,1,0,0,1
150000,60000,17,2.5,0,0,0,3
250000,50000,19,5.0,1,0,0,1
450000,6000,8,75.0,0,0,0,1
150000,68000,17,2.2058823529411766,0,0,0,2
200000,85000,14,2.3529411764705883,1,0,0,1
525000,70000,15,7.5,1,0,1,1
60000,35000,27,1.7142857142857142,0,0,0,2
180000,100000,16,1.8,1,0,0,2
475000,110000,11,4.318181818181818,1,0,0,1
380000,195000,16,1.9487179487179487,1,0,1,2
285000,46000,11,6.195652173913044,0,0,0,2
91200,60000,18,1.52,0,0,0,2
250000,46000,9,5.434782608695652,0,0,0,1
400000,42000,11,9.523809523809524,1,0,0,1
160000,90000,20,1.7777777777777777,0,0,1,2
650000,85000,14,7.647058823529412,1,0,0,2
409999,120000,14,3.4166583333333334,1,0,0,3
425000,72000,13,5.902777777777778,1,0,0,1
250000,71000,13,3.5211267605633805,0,0,0,2
200000,110000,17,1.8181818181818181,0,0,0,4
250000,71000,13,3.5211267605633805,0,0,0,2
130000,144000,16,0.9027777777777778,1,0,0,4
260000,30000,9,8.666666666666666,0,1,0,1
155000,65000,19,2.3846153846153846,0,1,0,1
450000,38000,11,11.842105263157896,1,0,0,1
220000,90000,14,2.4444444444444446,0,0,0,2
650000,37000,8,17.56756756756757,1,1,0,1
285000,30000,8,9.5,0,1,0,1
725000,26000,8,27.884615384615383,0,1,1,1
625000,30000,10,20.833333333333332,0,1,0,1
550000,23000,10,23.91304347826087,0,1,0,1
240000,40000,14,6.0,0,1,0,1
600000,27000,12,22.22222222222222,1,1,0,1
350000,65000,14,5.384615384615385,1,1,0,1
245000,32000,11,7.65625,0,1,0,1
600000,56000,10,10.714285714285714,1,1,0,1
2400000,30000,9,80.0,1,0,1,1
620000,80000,12,7.75,1,1,0,1
395000,52000,12,7.596153846153846,0,1,0,2
635000,13250,12,47.924528301886795,0,1,0,1
180000,36000,15,5.0,0,1,0,1
484999,73000,11,6.643821917808219,1,1,0,2
110000,60000,22,1.8333333333333333,0,0,0,1
150000,60000,20,2.5,0,0,0,2
400000,110000,14,3.6363636363636362,1,0,0,1
200000,70000,14,2.857142857142857,1,0,0,2
302000,60000,13,5.033333333333333,1,0,0,2
215000,90000,15,2.388888888888889,1,0,0,4
155000,80000,22,1.9375,0,0,0,2
1000000,101000,12,9.900990099009901,1,0,0,2
550000,44000,8,12.5,1,0,0,1
200000,45000,20,4.444444444444445,0,0,0,1
750000,120000,9,6.25,1,0,0,1
90000,90000,21,1.0,0,0,0,2
80000,120000,19,0.6666666666666666,0,0,0,2
229999,13500,13,17.036962962962964,0,0,0,1
350000,10000,9,35.0,0,0,0,1
325000,25000,11,13.0,0,0,0,3
450000,8500,8,52.94117647058823,0,0,0,1
250000,120000,14,2.0833333333333335,1,0,0,1
225000,120000,14,1.875,1,0,0,1
150000,90246,17,1.6621235290206768,0,0,0,3
110000,90000,18,1.2222222222222223,0,0,0,2
150000,40000,16,3.75,0,0,0,2
165000,60000,26,2.75,0,0,0,4
610000,32000,9,19.0625,1,0,0,2
170000,60400,13,2.814569536423841,1,0,0,1
150000,70950,18,2.1141649048625792,1,0,0,2
300000,90000,13,3.3333333333333335,1,0,0,1
375000,72000,11,5.208333333333333,1,0,0,1
390000,90000,13,4.333333333333333,1,0,0,1
600000,10000,9,60.0,0,0,0,1
204999,25000,12,8.19996,0,0,0,2
270000,80000,17,3.375,1,0,0,2
375000,10000,9,37.5,0,0,0,1
700000,1100,6,636.3636363636364,0,0,0,1
455000,40000,9,11.375,0,0,0,1
375000,10000,9,37.5,0,0,0,1
341000,31491,12,10.82849067987679,0,0,0,1
200000,107143,12,1.8666641777810964,1,0,0,2
450000,15000,9,30.0,0,0,1,1
170000,50000,14,3.4,0,0,0,2
1900000,100000,9,19.0,1,0,0,1
500000,60000,10,8.333333333333334,1,0,0,1
819999,85000,10,9.64704705882353,1,0,0,1
351000,40000,12,8.775,0,0,0,2
195000,80000,15,2.4375,0,0,0,2
250000,82000,18,3.048780487804878,1,0,0,2
120000,70000,18,1.7142857142857142,0,0,0,2
180000,70000,17,2.5714285714285716,0,0,0,3
430000,20000,10,21.5,1,0,0,1
75000,35000,14,2.142857142857143,0,0,0,2
750000,80000,9,9.375,1,0,0,1
60000,40000,15,1.5,0,0,0,1
1500000,46412,11,32.319227785917434,1,0,0,1
390000,150000,15,2.6,1,0,0,4
630000,50000,10,12.6,1,0,0,1
1085000,15000,8,72.33333333333333,1,0,0,1
190000,60000,14,3.1666666666666665,0,0,0,2
550000,25000,8,22.0,0,0,1,1
200000,90000,14,2.2222222222222223,0,0,0,3
165000,60000,15,2.75,0,0,0,1
260000,65000,13,4.0,1,0,0,1
151000,40000,15,3.775,0,0,0,1
780000,50000,8,15.6,1,0,0,1
175000,80000,14,2.1875,1,0,0,3
170000,107500,16,1.5813953488372092,1,1,0,1
210000,135000,13,1.5555555555555556,1,1,0,2
90000,43826,19,2.053575503125998,0,1,0,2
535000,55838,10,9.581288728106308,0,1,0,1
195000,112880,19,1.7274982282069453,1,1,0,1
140000,90000,15,1.5555555555555556,1,0,0,3
350000,40000,14,8.75,0,0,0,1
425000,66000,13,6.4393939393939394,0,0,0,1
300000,30300,9,9.900990099009901,0,0,0,1
340000,85000,13,4.0,1,0,0,2
250000,80659,17,3.0994681312686745,0,1,0,1
170000,81324,18,2.0904038168314396,0,1,0,1
315000,127884,13,2.463169747583748,1,1,0,1
200000,50000,11,4.0,0,0,0,1
300000,25000,10,12.0,0,0,0,1
300000,66755,11,4.494045389858438,1,1,0,1
380000,123084,13,3.08732247895746,0,1,0,1
250000,806599,17,0.3099433547524854,0,1,0,1
310000,95851,13,3.234186393464857,1,1,0,1
260000,50000,16,5.2,0,0,0,1
150000,50000,18,3.0,0,0,0,2
85000,60000,20,1.4166666666666667,0,0,0,2
280000,15000,11,18.666666666666668,0,0,0,2
850000,40000,10,21.25,1,0,0,1
375000,20000,9,18.75,0,0,0,2
125000,120000,20,1.0416666666666667,1,0,0,3
250000,110000,14,2.272727272727273,1,0,0,1
715000,234000,12,3.0555555555555554,1,0,0,1
220000,70000,15,3.142857142857143,1,0,0,1
110000,110000,16,1.0,1,0,0,2
150000,84000,19,1.7857142857142858,0,0,0,2
300000,170000,14,1.7647058823529411,1,0,0,1
220000,40000,9,5.5,0,0,0,1
75000,96000,20,0.78125,0,0,0,2
100000,20000,17,5.0,1,0,0,1
380000,15000,10,25.333333333333332,0,0,0,1
100000,50000,19,2.0,0,0,0,1
480000,80000,16,6.0,0,0,0,2
300000,124000,14,2.4193548387096775,1,0,0,1
190000,70000,13,2.7142857142857144,1,0,0,1
190000,130000,14,1.4615384615384615,1,0,0,2
650000,19014,9,34.18533712001683,0,1,0,1
300000,23262,17,12.896569512509672,0,1,0,1
700000,29600,10,23.64864864864865,1,1,0,1
310000,35925,11,8.629088378566458,0,1,0,1
500000,12000,8,41.666666666666664,0,0,0,1
415000,40771,13,10.178803561354885,0,1,0,1
395000,30500,11,12.950819672131148,0,1,1,2
430000,42000,12,10.238095238095237,0,1,0,2
215000,55800,19,3.8530465949820787,0,1,0,2
550000,66569,12,8.26210398233412,1,1,0,1
415000,81358,12,5.100912018486197,1,1,0,1
450000,82695,11,5.441683294032288,1,1,0,1
285000,68293,12,4.1731949101664885,1,1,0,2
580000,32000,10,18.125,0,1,1,1
300000,190621,12,1.5738035158770545,1,1,0,1
1200000,60000,8,20.0,1,0,0,1
78000,64700,20,1.205564142194745,0,0,0,1
65000,100000,24,0.65,0,0,0,2
400000,88470,10,4.521306657624053,1,0,0,1
850000,75000,10,11.333333333333334,1,0,0,1
450000,120000,13,3.75,1,0,0,2
2500000,35000,14,71.42857142857143,1,0,1,1
780000,70000,9,11.142857142857142,1,0,0,1
3200000,57000,9,56.14035087719298,1,0,1,1
350000,1000,6,350.0,0,0,0,1
285000,120000,13,2.375,1,0,0,2
525000,98000,11,5.357142857142857,1,1,0,1
550000,90000,12,6.111111111111111,1,1,0,2
580000,70000,8,8.285714285714286,1,0,0,1
75000,25000,13,3.0,0,0,0,3
185000,60000,17,3.0833333333333335,1,0,0,3
110000,90000,19,1.2222222222222223,0,0,0,4
180000,200000,22,0.9,0,0,0,2
350000,110000,16,3.1818181818181817,1,0,0,2
60000,126000,21,0.47619047619047616,0,0,0,2
695000,70000,8,9.928571428571429,1,0,0,1
2700000,5000,7,540.0,1,0,1,1
135000,74183,19,1.8198239488831673,0,0,0,2
640000,70000,11,9.142857142857142,1,0,0,2
160000,90000,12,1.7777777777777777,0,0,0,1
80000,46000,22,1.7391304347826086,0,0,0,2
340000,110000,13,3.090909090909091,1,0,0,2
110000,80000,14,1.375,1,0,0,2
250000,90000,13,2.7777777777777777,1,0,0,2
1300000,70000,9,18.571428571428573,1,0,0,1
250000,1,12,250000.0,1,0,0,2
450000,192000,17,2.34375,1,0,0,1
240000,70000,13,3.4285714285714284,0,0,0,4
225000,120000,19,1.875,1,0,0,2
275000,60000,11,4.583333333333333,0,0,0,2
320000,120000,14,2.6666666666666665,1,0,0,2
75000,120000,18,0.625,0,0,0,1
85000,50000,19,1.7,0,0,0,2
90000,120000,17,0.75,1,0,0,1
85000,80000,19,1.0625,0,0,0,2
350000,80000,18,4.375,1,0,0,2
355000,100000,17,3.55,1,0,1,2
619000,1500,6,412.6666666666667,0,0,0,1
1700000,50000,8,34.0,1,0,0,1
55000,100000,20,0.55,1,0,0,2
95000,83411,20,1.1389385093093236,0,0,0,1
300000,120000,15,2.5,1,0,0,2
81000,83411,20,0.9710949395163707,0,0,0,1
1000000,80000,11,12.5,1,0,1,2
925000,50000,7,18.5,1,0,0,1
450000,40000,11,11.25,1,0,0,1
600000,13270,12,45.214770158251696,1,0,0,1
85000,100000,20,0.85,0,0,1,3
700000,50000,10,14.0,1,0,0,1
486000,26500,9,18.339622641509433,0,0,0,1
400000,90000,13,4.444444444444445,1,0,0,1
120000,100000,18,1.2,0,0,0,3
275000,35000,8,7.857142857142857,0,0,0,1
580000,57000,10,10.175438596491228,1,0,0,1
375000,70000,11,5.357142857142857,0,0,0,1
229999,100000,11,2.29999,0,0,0,3
110000,88000,16,1.25,0,0,0,2
600000,60000,9,10.0,1,0,0,1
120000,76000,17,1.5789473684210527,0,0,0,2
200000,100000,16,2.0,1,0,0,2
450000,110000,14,4.090909090909091,1,0,0,2
550000,80000,14,6.875,1,0,0,2
220000,80000,14,2.75,0,0,0,2
40000,30000,25,1.3333333333333333,0,0,0,1
300000,20000,9,15.0,0,0,1,1
630000,40000,8,15.75,1,0,0,1
610000,40000,9,15.25,1,0,0,2
660000,7000,7,94.28571428571429,0,0,0,2
220000,80000,14,2.75,0,0,0,2
138000,90000,15,1.5333333333333334,1,0,0,2
210000,13770,13,15.250544662309368,1,0,0,1
125000,34000,21,3.676470588235294,0,1,0,1
125000,102000,18,1.2254901960784315,0,1,0,1
725000,110000,12,6.590909090909091,1,0,0,1
170000,90000,15,1.8888888888888888,0,0,0,2
1200000,70000,11,17.142857142857142,1,0,0,3
70000,90000,23,0.7777777777777778,0,0,0,2
100000,70000,19,1.4285714285714286,0,0,0,2
300000,80000,20,3.75,0,0,0,2
450000,100000,13,4.5,1,0,0,2
530000,100000,11,5.3,1,0,0,1
100000,143000,19,0.6993006993006993,0,0,0,3
350000,115000,16,3.0434782608695654,0,0,0,2
165000,100000,15,1.65,1,0,0,2
475000,120000,7,3.9583333333333335,1,0,0,2
350000,42000,13,8.333333333333334,1,0,0,1
229999,38000,10,6.052605263157894,0,0,0,1
800000,35000,8,22.857142857142858,1,0,0,1
475000,120000,12,3.9583333333333335,1,0,0,2
425000,136906,12,3.104319752238762,1,0,0,1
660000,97000,11,6.804123711340206,1,0,0,2
610000,10000,7,61.0,0,0,1,1
240000,50000,13,4.8,0,0,0,3
70000,60000,21,1.1666666666666667,0,0,0,2
550000,120000,15,4.583333333333333,1,0,0,1
100000,120000,16,0.8333333333333334,0,0,0,2
350000,90000,16,3.888888888888889,1,0,0,2
200000,120000,13,1.6666666666666667,0,0,0,1
720000,3000,7,240.0,0,0,1,1
350000,133000,12,2.6315789473684212,1,0,0,1
400000,25000,10,16.0,0,0,0,1
570000,35000,9,16.285714285714285,0,0,0,1
130000,70000,11,1.8571428571428572,0,0,0,1
210000,52000,10,4.038461538461538,0,0,0,1
800000,52000,8,15.384615384615385,1,0,0,1
700000,39000,9,17.94871794871795,1,0,0,1
200000,28689,15,6.971313046812367,1,0,0,1
495000,90000,12,5.5,1,0,0,2
325000,80322,12,4.0462139886955,1,1,0,1
650000,8000,7,81.25,0,0,0,1
155000,50000,26,3.1,1,0,0,2
75000,90000,19,0.8333333333333334,0,0,0,2
350000,61658,11,5.676473450322748,1,1,0,1
90000,50000,16,1.8,0,0,0,3
600000,80000,10,7.5,1,0,0,1
400000,185000,16,2.1621621621621623,1,0,0,1
370000,57000,12,6.491228070175438,1,0,0,2
50000,60000,26,0.8333333333333334,0,0,0,1
125000,120000,22,1.0416666666666667,0,0,0,2
1800000,26000,8,69.23076923076923,1,0,1,1
650000,20000,7,32.5,0,0,1,1
800000,30600,9,26.143790849673202,0,0,1,1
802000,5000,6,160.4,0,0,0,1
2300000,35000,11,65.71428571428571,1,0,1,3
430000,35000,10,12.285714285714286,1,0,0,1
650000,23000,9,28.26086956521739,0,0,0,1
170000,120000,22,1.4166666666666667,1,0,0,1
450000,235000,15,1.9148936170212767,1,0,1,1
250000,87000,13,2.8735632183908044,0,0,0,1
550000,72000,12,7.638888888888889,0,0,0,2
2000000,64000,13,31.25,1,0,1,2
140000,100000,19,1.4,0,0,0,2
155000,12000,14,12.916666666666666,0,0,0,1
120000,67000,16,1.791044776119403,0,0,0,3
287000,70000,14,4.1,1,0,0,1
675000,60000,10,11.25,1,0,0,1
235000,74500,15,3.1543624161073827,0,0,0,2
300000,118700,15,2.527379949452401,1,0,0,2
434999,40000,11,10.874975,0,0,1,2
225000,223660,22,1.0059912366985604,1,0,1,3
160000,140000,20,1.1428571428571428,0,0,0,2
600000,5000,6,120.0,0,0,0,1
470000,100000,10,4.7,1,0,0,2
300000,100000,15,3.0,0,0,0,2
600000,2000,8,300.0,0,0,0,1
640000,4000,6,160.0,0,0,1,1
50000,120000,20,0.4166666666666667,1,0,0,4
600000,35000,11,17.142857142857142,0,0,0,1
290000,29000,12,10.0,0,0,0,1
600000,30000,11,20.0,0,0,0,1
190000,120000,14,1.5833333333333333,1,0,0,1
160000,110000,18,1.4545454545454546,0,0,0,3
325000,15000,9,21.666666666666668,0,0,0,1
200000,73756,20,2.7116437984706327,1,0,0,1
2800000,40000,8,70.0,1,0,1,1
125000,60000,15,2.0833333333333335,0,0,0,3
155000,60000,18,2.5833333333333335,0,0,0,4
550000,90000,11,6.111111111111111,1,0,0,1
130000,70000,17,1.8571428571428572,0,0,0,4
80000,70000,24,1.1428571428571428,0,0,0,2
500000,80000,11,6.25,1,0,0,2
250000,27000,7,9.25925925925926,0,0,0,1
580000,70000,14,8.285714285714286,1,0,0,1
60000,50000,24,1.2,0,0,0,1
300000,185000,14,1.6216216216216217,1,0,0,1
200000,90000,12,2.2222222222222223,1,0,0,2
1200000,16400,9,73.17073170731707,1,0,0,1
350000,80000,11,4.375,1,0,0,2
600000,80000,14,7.5,1,0,0,2
650000,4000,7,162.5,0,0,0,1
120000,40000,18,3.0,0,0,0,1
180000,120000,16,1.5,1,0,0,2
950000,41395,8,22.949631598019085,0,0,1,1
250999,35000,14,7.1714,1,0,0,2
385000,52000,14,7.403846153846154,1,1,0,1
1250000,47000,17,26.595744680851062,1,1,1,2
165000,50000,13,3.3,0,0,0,1
700000,48000,11,14.583333333333334,0,1,0,1
750000,53000,11,14.150943396226415,1,1,0,1
89999,213000,18,0.4225305164319249,1,0,0,1
290000,15000,8,19.333333333333332,0,1,1,1
45000,7000,12,6.428571428571429,0,0,0,2
675000,88000,13,7.670454545454546,1,1,1,1
530000,55000,11,9.636363636363637,1,1,0,1
1485000,48000,12,30.9375,1,1,1,1
325000,71014,12,4.576562367983778,1,1,0,1
400000,60000,11,6.666666666666667,1,1,0,1
380000,71000,9,5.352112676056338,1,1,0,1
750000,45000,10,16.666666666666668,0,1,1,1
390000,45000,9,8.666666666666666,0,1,0,1
110000,20000,17,5.5,0,0,0,1
1825000,14000,7,130.35714285714286,1,1,0,1
3256000,17000,7,191.52941176470588,1,1,1,1
370000,60000,11,6.166666666666667,1,1,0,1
210000,80000,13,2.625,1,0,0,2
175000,181000,19,0.9668508287292817,1,0,0,4
575000,89550,14,6.420993858179788,1,0,0,2
320000,90000,16,3.5555555555555554,1,0,0,3
280000,149500,16,1.8729096989966556,1,0,0,3
500000,190000,13,2.6315789473684212,1,0,0,2
380000,83000,13,4.578313253012048,1,1,0,1
120000,20000,21,6.0,0,0,0,2
395000,20000,8,19.75,0,0,0,1
360000,160000,16,2.25,1,0,0,1
451000,100000,11,4.51,1,0,0,1
175000,45000,16,3.888888888888889,0,0,0,2
170000,44800,17,3.794642857142857,0,0,0,2
100000,40000,20,2.5,0,0,0,2
150000,120000,12,1.25,0,0,0,3
149000,10000,15,14.9,1,0,0,2
160000,80000,15,2.0,1,0,0,2
434999,10000,8,43.4999,0,0,0,1
800000,156000,12,5.128205128205129,1,0,0,1
819999,120000,16,6.833325,1,0,0,2
163000,100000,19,1.63,0,0,0,2
350000,100000,25,3.5,1,0,0,2
75000,100000,20,0.75,0,0,0,2
180000,60000,14,3.0,0,0,0,2
675000,30000,9,22.5,1,0,0,1
400000,170000,13,2.3529411764705883,1,0,0,1
434999,100000,13,4.34999,1,0,0,2
100000,110000,20,0.9090909090909091,0,0,0,2
419000,170000,11,2.4647058823529413,1,0,0,2
200000,100000,17,2.0,0,0,0,1
400000,35000,12,11.428571428571429,1,0,0,1
790000,40000,8,19.75,1,0,0,2
500000,90000,11,5.555555555555555,1,0,0,2
275000,120000,14,2.2916666666666665,1,0,0,2
450000,120000,14,3.75,1,0,0,2
1400000,25000,6,56.0,1,1,0,1
800000,15000,11,53.333333333333336,1,0,0,1
315000,41000,12,7.682926829268292,0,1,0,1
700000,16000,7,43.75,0,0,0,1
585000,51000,10,11.470588235294118,1,1,0,1
350000,30000,12,11.666666666666666,0,0,0,1
495000,80000,12,6.1875,1,1,0,1
500000,50000,9,10.0,0,0,0,1
345000,44000,13,7.840909090909091,0,1,0,1
500000,10000,11,50.0,0,0,0,1
360000,33000,10,10.909090909090908,0,1,0,1
210000,25000,16,8.4,0,0,0,1
220000,66000,12,3.3333333333333335,0,1,0,1
250000,48000,17,5.208333333333333,0,0,0,1
990000,146000,10,6.780821917808219,1,1,0,1
220000,100000,13,2.2,1,0,0,4
1800000,50000,14,36.0,1,0,1,2
530000,50000,12,10.6,0,0,0,1
575000,50000,10,11.5,1,0,0,1
400000,99000,14,4.040404040404041,1,1,0,1
680000,50000,10,13.6,1,0,0,1
1000000,80000,12,12.5,1,0,1,1
260000,45000,10,5.777777777777778,0,0,0,2
150000,50000,16,3.0,0,0,0,2
180000,70000,18,2.5714285714285716,0,0,0,3
346000,37516,12,9.222731634502612,1,0,0,1
450000,20000,11,22.5,1,0,0,1
500000,5000,7,100.0,0,0,0,1
700000,8000,7,87.5,1,0,0,1
280000,25880,7,10.819165378670789,0,0,0,1
475000,10000,7,47.5,0,0,1,1
300000,50000,17,6.0,1,0,0,1
200999,40000,12,5.024975,0,0,0,1
200000,100000,17,2.0,1,0,0,3
210000,80000,17,2.625,0,0,0,2
160000,110000,14,1.4545454545454546,1,0,0,1
175000,136000,17,1.286764705882353,1,0,0,2
320000,80000,14,4.0,1,0,0,1
110000,50000,17,2.2,0,0,0,2
300000,30000,18,10.0,0,0,0,1
700000,10000,14,70.0,0,0,0,1
135000,90000,17,1.5,1,0,0,4
500000,110000,11,4.545454545454546,1,0,0,1
550000,120000,14,4.583333333333333,1,0,0,2
1050000,90000,12,11.666666666666666,1,0,0,3
500000,20000,10,25.0,0,0,0,1
180000,90000,15,2.0,1,0,0,2
170000,50000,16,3.4,0,0,0,2
484999,9000,7,53.888777777777776,0,0,0,1
150000,70000,15,2.142857142857143,0,0,0,2
380000,25000,8,15.2,0,0,0,1
480000,10000,7,48.0,0,0,0,1
135000,90000,17,1.5,1,0,0,4
290000,60000,15,4.833333333333333,1,0,0,2
350000,70000,13,5.0,0,0,0,1
110000,25000,12,4.4,0,0,0,1
70000,80000,23,0.875,0,0,0,3
300000,70000,15,4.285714285714286,0,0,1,3
180000,60000,9,3.0,0,0,0,1
300000,20000,6,15.0,0,0,0,1
509000,60000,9,8.483333333333333,0,0,0,1
650000,80000,10,8.125,1,0,0,1
450000,70000,11,6.428571428571429,1,0,0,3
170000,2020,27,84.15841584158416,1,0,0,2
210000,100000,19,2.1,1,0,0,2
360000,80000,13,4.5,1,0,0,2
495000,120000,15,4.125,1,0,0,2
105000,100000,20,1.05,0,0,0,3
270000,60000,16,4.5,0,0,0,3
130000,110000,16,1.1818181818181819,0,0,0,1
700000,90000,12,7.777777777777778,1,0,0,2
400000,40000,14,10.0,1,0,0,1
250000,60000,17,4.166666666666667,0,0,0,2
325000,94000,13,3.4574468085106385,1,0,0,2
69000,100000,18,0.69,0,0,0,1
1380000,25000,8,55.2,1,0,0,1
90000,90000,19,1.0,0,0,0,1
1000000,40000,10,25.0,1,0,0,1
145000,90000,16,1.6111111111111112,0,0,0,2
250000,1100,6,227.27272727272728,0,0,0,4
256000,70000,15,3.657142857142857,1,0,0,3
70000,120000,21,0.5833333333333334,1,0,0,1
50000,88500,26,0.5649717514124294,0,0,0,4
240000,70000,10,3.4285714285714284,0,0,0,2
97000,128000,16,0.7578125,0,0,0,1
130000,120000,14,1.0833333333333333,1,0,0,1
199000,52536,17,3.787878787878788,0,0,0,1
125000,70000,20,1.7857142857142858,0,0,1,1
420000,60000,11,7.0,1,0,0,1
525000,110000,10,4.7727272727272725,1,0,0,1
125000,85000,18,1.4705882352941178,0,0,0,1
325000,135000,16,2.4074074074074074,1,0,0,1
330000,86000,14,3.8372093023255816,1,0,0,4
110000,50000,16,2.2,0,0,0,1
450000,1950,7,230.76923076923077,0,0,0,1
85000,118400,21,0.7179054054054054,0,0,0,1
229999,70000,19,3.2857,0,0,0,2
250000,60000,14,4.166666666666667,0,0,0,2
650000,68000,11,9.558823529411764,1,0,0,1
600000,46507,9,12.901283677725933,1,0,0,1
650000,6480,9,100.30864197530865,0,0,0,1
750000,32077,9,23.381238893911526,1,0,0,1
850000,19107,8,44.48631391636573,0,0,0,1
315000,18469,9,17.055606692295196,0,0,0,1
415000,28217,11,14.707445865967324,0,0,0,1
640000,72787,10,8.792778930303488,1,0,0,1
780000,31063,9,25.11025979461095,0,0,0,1
2595000,79641,9,32.58371944099145,1,0,1,1
850000,58692,11,14.482382607510393,1,0,0,1
900000,54784,11,16.428154205607477,1,0,0,1
1150000,64156,10,17.925057671924684,0,0,0,1
75000,54000,19,1.3888888888888888,0,0,0,1
215000,97000,14,2.216494845360825,1,0,0,1
130000,120000,17,1.0833333333333333,0,0,1,2
400000,16000,7,25.0,0,0,1,1
550000,60000,7,9.166666666666666,0,0,1,1
245000,52000,10,4.711538461538462,0,1,0,1
320000,110000,16,2.909090909090909,1,0,0,4
730000,60000,10,12.166666666666666,1,0,1,2
120000,100000,21,1.2,0,0,0,3
950000,35000,9,27.142857142857142,0,0,0,1
350000,48000,9,7.291666666666667,0,0,0,3
100000,20000,21,5.0,0,0,0,2
350000,30000,9,11.666666666666666,0,0,0,1
80000,40000,21,2.0,0,0,0,2
370000,60000,13,6.166666666666667,0,0,0,1
160000,70000,14,2.2857142857142856,0,0,0,2
130000,120000,17,1.0833333333333333,1,0,0,1
250000,30000,10,8.333333333333334,0,0,0,1
270000,80000,14,3.375,1,0,0,2
2600000,9500,7,273.6842105263158,1,0,1,1
160000,80000,13,2.0,0,0,0,1
229999,80000,10,2.8749875,0,0,0,1
750000,29000,9,25.862068965517242,1,0,0,1
195000,120000,15,1.625,1,0,0,1
320000,60000,11,5.333333333333333,0,0,0,1
1100000,20000,8,55.0,1,0,0,1
270000,22000,10,12.272727272727273,0,0,0,1
300000,50000,14,6.0,0,0,0,1
200000,50000,14,4.0,1,0,0,1
120000,81366,19,1.4748174913354473,0,0,0,1
95000,110000,20,0.8636363636363636,0,0,0,1
400000,100000,13,4.0,0,0,0,1
229999,300000,20,0.7666633333333334,1,0,0,1
430000,20000,10,21.5,1,0,0,1
300000,90000,14,3.3333333333333335,1,0,0,1
350000,70000,13,5.0,0,0,0,1
450000,120000,13,3.75,1,0,0,1
200000,53000,10,3.7735849056603774,0,0,0,2
250000,30000,9,8.333333333333334,0,0,0,1
368000,90000,14,4.088888888888889,0,0,0,2
368000,90000,14,4.088888888888889,0,0,0,2
650000,244000,12,2.6639344262295084,1,0,0,1
150000,120000,29,1.25,1,0,0,3
180000,60000,14,3.0,0,0,0,1
525000,15000,9,35.0,0,0,0,1
350000,150000,21,2.3333333333333335,1,0,0,2
850000,30000,8,28.333333333333332,1,0,0,2
350000,312000,15,1.1217948717948718,1,0,0,3
75000,54000,19,1.3888888888888888,0,0,0,1
160000,67000,21,2.388059701492537,0,0,0,1
500000,40000,9,12.5,1,0,0,1
130000,100000,18,1.3,0,0,0,1
350000,100000,11,3.5,1,0,0,2
70000,80000,21,0.875,0,0,0,1
750000,145000,12,5.172413793103448,1,0,0,2
450000,53000,13,8.49056603773585,1,0,0,1
430000,73000,11,5.890410958904109,1,0,0,3
260000,90000,15,2.888888888888889,1,0,0,3
370000,80000,13,4.625,1,0,0,3
229999,100000,15,2.29999,0,0,0,1
140000,90000,15,1.5555555555555556,1,0,0,3
700000,200000,13,3.5,1,0,0,1
545000,7300,6,74.65753424657534,0,0,0,1
200000,30000,9,6.666666666666667,0,0,0,1
500000,120000,11,4.166666666666667,1,0,0,1
70000,90000,18,0.7777777777777778,0,0,0,2
580000,25000,13,23.2,1,0,0,3
160000,70000,14,2.2857142857142856,0,0,0,2
450000,6000,8,75.0,0,0,0,1
160000,36000,16,4.444444444444445,0,0,0,1
760000,49000,10,15.510204081632653,1,0,0,1
300000,22000,11,13.636363636363637,0,0,0,1
50000,35000,28,1.4285714285714286,0,0,0,2
800000,24000,7,33.333333333333336,1,0,0,1
680000,20000,8,34.0,1,0,0,1
85000,50000,17,1.7,0,0,0,2
1300000,70000,10,18.571428571428573,1,0,0,1
500000,60000,10,8.333333333333334,0,0,0,1
3500000,35000,11,100.0,1,0,1,1
145000,60000,18,2.4166666666666665,0,0,0,1
300000,60000,13,5.0,1,0,0,1
600000,60000,9,10.0,1,0,0,2
400000,70000,11,5.714285714285714,0,0,0,2
130000,135000,19,0.9629629629629629,0,0,0,2
45000,72539,25,0.620355946456389,0,0,0,2
641000,25000,9,25.64,0,0,0,1
650000,50000,11,13.0,1,0,0,1
784000,101,6,7762.376237623763,1,1,0,0
635000,101,6,6287.1287128712875,0,1,0,0
1000000,101,6,9900.990099009901,1,1,0,0
495000,52328,11,9.459562757988076,1,1,0,1
324000,30000,13,10.8,0,0,0,1
2100000,91505,10,22.949565597508332,1,1,1,1
200000,35000,8,5.714285714285714,0,0,0,1
320000,60000,11,5.333333333333333,1,0,0,1
300000,20500,11,14.634146341463415,0,0,0,1
180000,200000,13,0.9,1,0,0,1
500000,154000,18,3.2467532467532467,1,0,0,3
305000,120000,15,2.5416666666666665,0,0,0,2
125000,50000,17,2.5,0,0,0,4
800000,135000,11,5.925925925925926,1,0,0,1
420000,100000,17,4.2,1,0,0,1
875000,40000,9,21.875,1,0,0,1
580000,70000,12,8.285714285714286,1,0,0,1
350000,133000,15,2.6315789473684212,1,0,0,2
120000,110000,22,1.0909090909090908,0,0,0,2
150000,180000,13,0.8333333333333334,1,0,0,3
650000,120000,13,5.416666666666667,1,0,0,1
225000,80000,16,2.8125,0,0,0,2
400000,15000,12,26.666666666666668,0,0,1,1
250000,70000,21,3.5714285714285716,0,0,0,1
120000,41723,18,2.8761114972557102,0,0,0,2
250000,70000,16,3.5714285714285716,0,0,0,1
175000,20000,14,8.75,0,0,0,2
450000,1000,13,450.0,1,1,0,2
590000,26350,8,22.39089184060721,1,1,0,1
225000,68745,11,3.2729653065677504,1,1,0,1
900000,47000,10,19.148936170212767,1,0,0,1
375000,27289,9,13.741800725567078,0,1,1,1
320000,24662,10,12.975427783634741,0,1,0,1
525000,37000,13,14.18918918918919,1,1,0,1
650000,28245,12,23.01292264117543,1,1,0,1
575000,27005,9,21.29235326791335,1,1,0,1
355000,39227,12,9.049889106992632,0,1,0,1
470000,31367,10,14.983900277361558,1,1,0,1
221000,35008,18,6.312842778793419,0,1,0,1
195000,27005,17,7.220885021292354,0,1,0,1
90000,100005,22,0.8999550022498876,0,1,0,2
580000,45264,13,12.813715093672675,1,1,0,1
325000,39093,12,8.313508812319341,0,1,0,1
495000,45241,13,10.941402709931257,0,1,0,1
290000,12000,12,24.166666666666668,0,1,0,1
375000,2769,8,135.42795232936078,0,1,0,1
211000,43128,15,4.8924132813949175,1,1,0,1
270000,110000,16,2.4545454545454546,0,0,0,2
70000,50000,22,1.4,0,0,0,2
225000,60000,16,3.75,0,0,0,2
420000,70000,12,6.0,1,0,0,3
280000,22255,11,12.581442372500561,0,0,0,1
400000,59213,13,6.7552733352473275,0,0,0,1
850000,55000,11,15.454545454545455,1,0,0,1
550000,80000,15,6.875,1,0,0,1
550000,80000,15,6.875,1,0,0,1
1000000,40000,8,25.0,1,0,0,1
350000,170000,12,2.0588235294117645,1,0,0,1
350000,170000,15,2.0588235294117645,1,0,0,2
170000,70000,19,2.4285714285714284,0,0,0,3
828999,1010,6,820.7910891089109,0,1,0,0
1119000,1010,6,1107.920792079208,0,1,0,0
746000,1111,6,671.4671467146715,0,1,0,0
1030000,1010,6,1019.8019801980198,0,1,0,0
1334000,1010,6,1320.7920792079208,1,1,0,0
811999,1010,6,803.959405940594,0,1,0,0
1331000,1010,6,1317.8217821782177,1,1,0,0
852000,1010,6,843.5643564356436,0,1,0,0
45000,120000,20,0.375,1,0,0,2
430000,70000,13,6.142857142857143,1,0,0,3
140000,60000,15,2.3333333333333335,1,0,0,2
830000,70000,11,11.857142857142858,1,0,0,1
409999,110000,17,3.7272636363636362,1,0,0,2
190000,80000,14,2.375,1,0,0,3
200000,80000,19,2.5,0,0,0,2
120000,110000,20,1.0909090909090908,0,0,0,2
850000,50000,7,17.0,1,0,0,1
95000,115000,15,0.8260869565217391,1,0,0,4
213000,80000,13,2.6625,0,0,0,1
660000,25000,8,26.4,1,0,0,1
415000,48965,9,8.475441641989176,0,1,0,1
1100000,5166,7,212.9307007355788,0,1,0,0
650000,76290,14,8.520120592476077,1,1,0,1
969999,70000,10,13.857128571428571,1,0,1,2
1250000,35000,10,35.714285714285715,1,0,0,1
715000,25000,9,28.6,1,0,1,1
715000,25000,9,28.6,1,0,1,1
565000,47000,10,12.02127659574468,1,1,0,1
615000,45766,13,13.437923349211205,1,0,0,2
199000,78771,19,2.5263104441990074,1,1,0,2
325000,79357,16,4.095416913441788,1,1,0,1
409999,28000,14,14.642821428571429,1,0,0,1
500000,72000,14,6.944444444444445,1,1,1,2
225000,76736,15,2.9321309424520434,1,1,0,2
135000,70000,19,1.9285714285714286,0,0,0,2
750000,80000,14,9.375,1,0,1,2
155000,60000,17,2.5833333333333335,0,0,0,2
335000,77000,14,4.35064935064935,1,1,0,3
114999,92645,21,1.2412866317664202,1,1,0,4
699000,101849,19,6.863101257744308,1,1,0,2
110000,120000,22,0.9166666666666666,1,0,0,4
300000,80000,14,3.75,0,0,0,1
700000,70000,12,10.0,1,0,0,2
700000,120000,9,5.833333333333333,1,0,0,1
210000,42000,13,5.0,0,0,0,3
600000,120000,14,5.0,1,0,0,3
180000,155836,14,1.1550604481634539,1,0,0,2
220000,59000,15,3.7288135593220337,0,0,0,2
70000,60000,17,1.1666666666666667,0,0,0,1
950000,70000,8,13.571428571428571,1,0,0,2
800000,20000,12,40.0,1,0,0,1
700000,120000,14,5.833333333333333,1,0,0,3
265000,40000,10,6.625,0,0,0,1
175000,90000,15,1.9444444444444444,1,0,0,3
260000,89000,14,2.9213483146067416,1,0,0,2
950000,80000,13,11.875,1,0,0,3
250000,200000,17,1.25,1,0,0,4
630000,50000,11,12.6,1,0,0,1
35000,35000,14,1.0,0,0,0,3
450000,1000,13,450.0,1,1,0,2
3800000,10000,8,380.0,1,1,1,1
1580000,86000,13,18.372093023255815,1,1,1,1
4950000,30000,7,165.0,1,1,1,1
535000,52600,10,10.171102661596958,1,0,0,1
225000,110000,14,2.0454545454545454,0,0,0,2
550000,19890,9,27.65208647561589,0,1,1,1
670000,7104,10,94.31306306306307,0,0,0,1
625000,11918,11,52.44168484645075,0,0,0,1
520000,10510,9,49.476688867745004,0,1,1,1
239000,41000,10,5.829268292682927,0,1,0,1
2600000,47162,9,55.12912938382596,1,0,1,1
750000,45974,11,16.313568538739286,1,0,0,1
229999,49824,14,4.616229126525369,0,1,0,1
1300000,58500,13,22.22222222222222,1,1,1,1
80000,56580,21,1.4139271827500883,0,1,0,1
385000,52000,14,7.403846153846154,1,1,0,1
760000,55340,11,13.733285146367907,0,0,0,1
600000,46507,9,12.901283677725933,1,0,0,1
330000,200000,12,1.65,1,0,0,3
150000,120000,17,1.25,0,0,0,1
105000,90000,18,1.1666666666666667,1,0,0,1
185000,65000,13,2.8461538461538463,1,0,0,1
260000,50000,12,5.2,1,0,0,1
450000,33000,14,13.636363636363637,1,0,0,1
500000,38000,10,13.157894736842104,0,0,0,1
260000,40000,14,6.5,0,0,0,1
265000,55000,14,4.818181818181818,1,0,0,2
800000,26000,9,30.76923076923077,1,0,0,2
869999,80000,10,10.8749875,1,0,0,1
690000,40000,8,17.25,0,0,0,1
825000,120000,15,6.875,1,0,0,1
160000,63230,20,2.5304444092993834,0,0,0,2
300000,120000,20,2.5,1,0,0,2
100000,100000,21,1.0,0,0,0,3
530000,77000,11,6.883116883116883,1,0,0,2
360000,30000,10,12.0,0,0,0,1
220000,40000,11,5.5,0,0,0,1
178000,35000,9,5.085714285714285,0,0,0,1
515000,5000,8,103.0,1,0,0,1
300000,35000,12,8.571428571428571,0,0,0,1
105000,90000,18,1.1666666666666667,1,0,0,1
185000,65000,13,2.8461538461538463,1,0,0,1
150000,80000,14,1.875,1,0,0,2
260000,50000,12,5.2,1,0,0,1
450000,33000,14,13.636363636363637,1,0,0,1
500000,38000,10,13.157894736842104,0,0,0,1
260000,40000,14,6.5,0,0,0,1
265000,55000,14,4.818181818181818,1,0,0,2
750000,15000,9,50.0,0,0,0,1
800000,26000,9,30.76923076923077,1,0,0,2
869999,80000,10,10.8749875,1,0,0,1
950000,80000,14,11.875,1,0,0,1
690000,40000,8,17.25,0,0,0,1
825000,120000,15,6.875,1,0,0,1
170000,70000,13,2.4285714285714284,0,0,0,1
160000,63230,20,2.5304444092993834,0,0,0,2
300000,120000,20,2.5,1,0,0,2
315000,45000,11,7.0,0,0,0,2
90000,40000,20,2.25,0,0,0,2
100000,100000,21,1.0,0,0,0,3
65000,110000,18,0.5909090909090909,0,0,0,3
312000,90000,14,3.466666666666667,1,0,0,2
700000,25000,8,28.0,1,0,0,1
150000,47000,21,3.1914893617021276,0,0,0,1
450000,60000,13,7.5,1,0,0,1
229999,120000,16,1.9166583333333334,1,0,0,2
111000,120000,18,0.925,1,0,0,1
250000,140000,14,1.7857142857142858,1,0,0,2
750000,1001,7,749.2507492507492,1,1,0,1
774000,1758,9,440.2730375426621,0,1,1,1
711000,1452,8,489.6694214876033,0,1,1,1
600000,35122,9,17.083309606514437,1,1,0,1
455000,92621,11,4.912492847194481,1,1,0,1
225000,92198,11,2.4404000086769777,0,1,0,2
650000,5000,7,130.0,1,0,0,1
200000,50000,13,4.0,0,0,0,1
875000,74000,10,11.824324324324325,1,0,1,1
750000,40000,9,18.75,1,0,1,1
725000,22000,7,32.95454545454545,1,0,1,1
100000,100000,19,1.0,0,0,0,2
1100000,40000,7,27.5,1,0,0,1
2700000,30000,9,90.0,1,0,1,1
280000,23000,10,12.173913043478262,0,0,0,1
150000,30000,17,5.0,1,0,0,1
200000,50000,16,4.0,0,0,0,1
148000,100000,16,1.48,1,0,0,2
254999,70000,15,3.642842857142857,0,0,0,2
360000,60000,13,6.0,0,0,0,2
95000,90000,20,1.0555555555555556,0,0,0,2
185000,230000,19,0.8043478260869565,1,0,0,2
185000,40000,14,4.625,1,0,0,1
300000,15000,7,20.0,0,0,0,1
800000,40000,8,20.0,0,0,0,1
60000,50000,26,1.2,0,0,0,1
80000,50000,16,1.6,0,0,0,2
500000,8000,8,62.5,0,0,0,1
250000,35000,13,7.142857142857143,0,0,0,1
250000,80000,16,3.125,1,0,0,1
125000,50000,21,2.5,0,0,0,2
100000,80000,24,1.25,0,0,0,4
480000,90000,16,5.333333333333333,1,0,0,1
320000,30000,8,10.666666666666666,0,0,0,2
130000,70000,16,1.8571428571428572,0,0,0,2
57000,80000,20,0.7125,1,0,0,2
75000,60000,21,1.25,0,0,0,1
60000,35000,23,1.7142857142857142,0,0,0,1
125000,70000,18,1.7857142857142858,0,0,0,1
105000,100000,22,1.05,0,0,0,3
125000,152000,18,0.8223684210526315,0,0,0,2
69000,70000,28,0.9857142857142858,0,0,0,2
130000,90000,14,1.4444444444444444,1,0,0,2
630000,40000,7,15.75,0,0,0,1
330000,50000,10,6.6,0,0,0,2
340000,15000,12,22.666666666666668,0,0,0,2
60000,120000,20,0.5,0,0,0,3
550000,78322,12,7.022292587012589,1,0,0,1
480000,110000,12,4.363636363636363,1,0,0,2
315000,80000,13,3.9375,1,0,0,2
165000,120000,14,1.375,1,0,0,1
170000,125000,10,1.36,0,0,0,1
550000,8000,8,68.75,0,0,0,1
465000,13000,8,35.76923076923077,0,0,0,1
120000,80000,14,1.5,1,0,0,3
220000,54309,18,4.050893958644055,0,0,0,1
180000,70000,15,2.5714285714285716,1,0,0,2
150000,34600,20,4.335260115606936,0,0,0,3
520000,25000,10,20.8,0,0,0,1
430000,80000,13,5.375,1,0,0,3
300000,55000,17,5.454545454545454,1,0,0,2
1000000,5000,6,200.0,1,0,0,1
725000,30000,9,24.166666666666668,1,0,0,1
500000,31000,15,16.129032258064516,1,0,0,1
250000,50000,15,5.0,0,0,0,1
700000,38217,8,18.31645602742235,1,0,0,1
185000,50000,15,3.7,0,0,0,3
200000,120000,15,1.6666666666666667,1,0,0,1
315000,110000,22,2.8636363636363638,1,0,0,3
1100000,40000,7,27.5,1,0,0,1
52000,50000,25,1.04,0,0,0,3
600000,10000,9,60.0,0,0,0,1
1700000,10000,7,170.0,1,0,0,1
451000,100000,11,4.51,1,0,0,1
370000,60000,10,6.166666666666667,0,0,0,1
2700000,30000,9,90.0,1,0,1,1
280000,23000,10,12.173913043478262,0,0,0,1
350000,30000,9,11.666666666666666,0,0,0,1
250000,50000,15,5.0,0,0,0,1
204999,25000,12,8.19996,0,0,0,2
500000,15000,7,33.333333333333336,0,0,0,1
150000,30000,17,5.0,1,0,0,1
175000,45000,16,3.888888888888889,0,0,0,2
170000,44800,17,3.794642857142857,0,0,0,2
200000,50000,16,4.0,0,0,0,1
800000,52000,8,15.384615384615385,1,0,0,1
1200000,50000,9,24.0,1,0,1,1
400000,35000,18,11.428571428571429,0,0,0,2
148000,100000,16,1.48,1,0,0,2
200000,100000,12,2.0,1,0,0,1
284000,40000,10,7.1,1,0,0,2
80000,60000,19,1.3333333333333333,0,0,0,3
170000,77000,12,2.207792207792208,0,0,0,1
150000,60000,15,2.5,0,0,0,1
110000,77073,16,1.427218351433057,0,0,0,2
400000,70000,10,5.714285714285714,1,0,0,1
275000,90000,13,3.0555555555555554,0,0,0,2
800000,186000,13,4.301075268817204,1,0,0,3
550000,90000,12,6.111111111111111,1,0,0,1
125000,100000,19,1.25,0,0,0,2
135000,80000,16,1.6875,0,0,0,2
349000,150000,14,2.3266666666666667,1,0,0,1
458000,80000,12,5.725,1,0,0,1
300000,35000,8,8.571428571428571,0,0,0,1
95000,70000,18,1.3571428571428572,0,0,0,1
850000,50000,8,17.0,1,0,0,1
750000,25000,7,30.0,1,0,0,1
190000,120000,13,1.5833333333333333,1,0,0,1
150000,70000,17,2.142857142857143,0,0,0,1
114999,106000,17,1.0848962264150943,0,0,0,3
320000,120000,16,2.6666666666666665,0,0,0,3
300000,120000,7,2.5,0,0,0,1
275000,160000,10,1.71875,0,0,0,1
140000,120000,16,1.1666666666666667,0,0,0,2
830000,10000,6,83.0,0,0,0,1
380000,50000,13,7.6,0,0,0,1
150000,90000,16,1.6666666666666667,0,0,0,2
50000,70000,18,0.7142857142857143,0,0,0,1
155000,100000,18,1.55,1,0,0,1
155000,100000,18,1.55,1,0,0,1
300000,80000,16,3.75,0,0,0,1
300000,16584,8,18.08972503617945,0,1,0,1
385000,38000,10,10.131578947368421,1,1,0,1
221000,51000,16,4.333333333333333,0,1,0,1
381000,38000,10,10.026315789473685,1,1,0,1
250999,35000,11,7.1714,0,1,0,1
60000,120000,24,0.5,0,0,0,3
380000,38000,10,10.0,1,1,0,1
180000,144000,18,1.25,1,0,0,3
751000,64000,9,11.734375,1,1,0,1
1250000,60000,11,20.833333333333332,1,1,1,1
229999,65000,12,3.538446153846154,0,1,0,1
1250000,24000,7,52.083333333333336,1,0,0,1
782000,58000,12,13.482758620689655,1,1,0,2
780000,58000,12,13.448275862068966,1,1,0,2
245000,68000,10,3.6029411764705883,0,1,0,1
321000,81257,15,3.950428886126734,1,1,0,1
509999,44000,9,11.590886363636363,1,1,0,1
110000,45000,11,2.4444444444444446,0,1,0,1
400000,75000,13,5.333333333333333,1,1,0,1
370000,90000,13,4.111111111111111,0,0,0,1
175000,80000,19,2.1875,1,0,0,2
1000000,35000,28,28.571428571428573,0,0,1,2
92800,25000,13,3.712,0,0,0,2
291000,90000,12,3.2333333333333334,1,0,0,1
92800,25000,13,3.712,0,0,0,2
335000,110000,13,3.0454545454545454,1,0,0,3
170000,35000,13,4.857142857142857,0,0,0,1
295000,10000,7,29.5,0,0,0,1
375000,10000,7,37.5,0,0,0,1
215000,70000,14,3.0714285714285716,0,0,0,2
150000,110000,17,1.3636363636363635,1,0,0,2
60000,5000,23,12.0,0,0,0,2
52000,120000,20,0.43333333333333335,0,0,0,3
80000,90000,17,0.8888888888888888,0,0,0,2
140000,70000,14,2.0,0,0,0,2
120000,90000,18,1.3333333333333333,0,0,0,2
110000,120000,20,0.9166666666666666,1,0,0,3
280000,110000,14,2.5454545454545454,1,0,0,4
450000,50000,10,9.0,1,0,0,2
1150000,58000,8,19.82758620689655,1,0,0,1
650000,15000,8,43.333333333333336,1,0,0,1
300000,60000,11,5.0,0,0,0,2
73000,57000,11,1.280701754385965,0,0,0,1
400000,87000,11,4.597701149425287,1,0,0,3
300000,70000,9,4.285714285714286,0,0,0,1
300000,30000,14,10.0,0,0,1,2
450000,80000,14,5.625,1,0,0,1
200000,100000,17,2.0,0,0,0,2
580000,40000,7,14.5,0,0,0,1
550000,3917,9,140.4135818228236,0,0,0,1
190000,160000,19,1.1875,1,0,0,2
450000,35000,9,12.857142857142858,1,0,0,1
220000,70000,12,3.142857142857143,0,0,0,1
310000,69069,14,4.488265357830575,0,1,0,1
650000,13500,7,48.148148148148145,0,0,0,1
300000,59059,12,5.07966609661525,0,1,0,1
200000,70000,13,2.857142857142857,0,0,0,1
285000,39039,14,7.300391915776531,0,1,0,1
335000,33033,12,10.141373777737414,0,1,0,1
370000,55168,15,6.7067865429234335,0,0,0,2
375000,41041,13,9.137204259155478,0,1,0,1
235000,67067,17,3.5039587278393247,0,1,0,1
345000,66066,13,5.222050676596131,0,1,1,1
365000,82082,13,4.446772739455667,1,1,0,1
400000,48000,12,8.333333333333334,0,0,0,1
250000,30000,11,8.333333333333334,0,0,0,1
465000,70070,14,6.636220921935208,1,1,1,1
300000,10000,9,30.0,0,0,0,1
655000,25000,8,26.2,0,0,0,1
350000,30000,10,11.666666666666666,0,0,0,2
500000,50000,11,10.0,0,1,1,1
465000,63063,11,7.373578802150231,0,1,1,1
263000,70000,18,3.757142857142857,1,0,0,1
250000,90000,14,2.7777777777777777,0,0,0,1
60000,90000,27,0.6666666666666666,0,0,0,4
70000,90000,21,0.7777777777777778,0,0,0,3
250000,30000,10,8.333333333333334,0,0,0,1
229999,80000,10,2.8749875,0,0,0,1
195000,120000,15,1.625,1,0,0,1
270000,22000,10,12.272727272727273,0,0,0,1
650000,140000,9,4.642857142857143,1,0,0,1
370000,80000,12,4.625,1,0,0,2
509999,40000,10,12.749975,1,0,0,1
280000,33000,15,8.484848484848484,0,0,0,1
180000,40000,16,4.5,0,0,0,1
300000,10500,8,28.571428571428573,0,0,0,1
400000,107000,13,3.7383177570093458,1,0,0,1
210000,60000,16,3.5,0,0,0,2
90000,120000,20,0.75,0,0,0,2
222000,70000,16,3.1714285714285713,0,0,0,1
240000,50000,11,4.8,0,0,0,2
450000,70000,13,6.428571428571429,1,0,0,2
650000,6000,9,108.33333333333333,0,0,0,1
200000,78000,16,2.5641025641025643,1,1,0,2
210000,72000,15,2.9166666666666665,1,1,0,3
75000,9528,15,7.871536523929471,0,1,0,1
450000,135200,15,3.328402366863905,1,1,0,1
220000,58000,15,3.793103448275862,0,1,0,2
325000,78000,13,4.166666666666667,1,1,0,2
450000,45000,8,10.0,0,0,0,1
825000,35000,9,23.571428571428573,1,0,0,1
125000,76000,19,1.644736842105263,0,1,0,3
434999,100000,11,4.34999,1,0,0,3
484999,99000,15,4.8989797979797975,1,0,0,2
175000,80000,17,2.1875,1,0,0,3
220000,120000,20,1.8333333333333333,0,0,0,3
1250000,1100,6,1136.3636363636363,0,1,0,1
215000,34000,9,6.323529411764706,0,1,0,1
625000,68000,12,9.191176470588236,1,1,0,1
615000,15000,8,41.0,1,0,0,1
130000,58000,14,2.2413793103448274,1,1,0,1
175000,50300,13,3.479125248508946,1,0,0,1
150000,70000,15,2.142857142857143,1,0,0,2
195000,60000,15,3.25,1,0,0,3
550000,90000,6,6.111111111111111,1,0,0,1
1500000,40000,8,37.5,1,0,0,1
400000,80000,16,5.0,0,0,0,2
1350000,15000,7,90.0,1,0,0,1
217000,45000,11,4.822222222222222,0,0,0,1
290000,130000,15,2.230769230769231,1,0,0,2
700000,80000,8,8.75,1,0,0,1
175000,40000,12,4.375,0,0,0,1
575000,80000,9,7.1875,1,0,0,1
380000,100000,10,3.8,1,0,0,2
350000,151624,13,2.3083416873318208,1,0,0,2
450000,160000,14,2.8125,1,0,0,1
130000,110000,21,1.1818181818181819,0,0,0,2
320000,74820,11,4.276931301790965,1,0,0,1
550000,82000,12,6.7073170731707314,1,0,0,1
370000,50000,11,7.4,0,0,0,2
114999,70000,16,1.642842857142857,0,0,0,2
1100000,1000,6,1100.0,0,0,0,1
170000,170000,20,1.0,1,0,0,1
80000,150000,18,0.5333333333333333,1,0,0,3
950000,17000,7,55.88235294117647,1,0,0,1
425000,150000,12,2.8333333333333335,1,0,0,1
500000,80000,11,6.25,1,0,0,1
70000,170000,21,0.4117647058823529,0,0,0,3
349000,120000,13,2.908333333333333,1,0,0,1
330000,90000,14,3.6666666666666665,0,0,0,3
120000,90000,16,1.3333333333333333,0,0,0,3
430000,100000,13,4.3,1,0,0,2
390000,90000,12,4.333333333333333,1,0,0,1
225000,129000,14,1.744186046511628,1,0,0,1
350000,186000,16,1.881720430107527,1,0,1,2
100000,66778,17,1.497499176375453,1,0,0,1
190000,50000,12,3.8,0,0,0,1
315000,110000,12,2.8636363636363638,1,0,0,2
300000,60000,11,5.0,1,0,0,2
280000,40000,10,7.0,0,0,0,1
1650000,55000,9,30.0,1,1,0,1
295000,21000,11,14.047619047619047,0,1,0,2
2050000,66363,14,30.890707171164657,0,1,1,2
1475000,11700,8,126.06837606837607,0,1,1,1
1100000,10000,9,110.0,0,0,1,1
4400000,100000,12,44.0,1,0,1,2
670000,7104,10,94.31306306306307,0,0,0,1
750000,45974,11,16.313568538739286,1,0,0,1
760000,55340,11,13.733285146367907,0,0,0,1
850000,20000,9,42.5,0,1,1,2
390000,61585,11,6.332710887391411,1,0,0,1
450000,39415,10,11.41697323354053,0,0,1,2
425000,29654,12,14.331961961286842,0,0,0,1
770000,64672,10,11.906234537357744,1,0,0,1
1150000,54634,11,21.049163524545154,1,0,1,2
775000,66521,11,11.650456246899475,0,0,0,1
720000,3000,7,240.0,0,0,1,1
1725000,23974,8,71.95294902811379,1,1,1,2
539000,10000,8,53.9,0,0,0,1
420000,50000,9,8.4,0,0,0,1
85000,70000,25,1.2142857142857142,0,0,0,3
142000,73000,22,1.9452054794520548,0,0,0,4
180000,76000,12,2.3684210526315788,0,0,0,2
400000,120000,12,3.3333333333333335,1,0,0,2
360000,170000,17,2.1176470588235294,1,0,1,3
85000,110000,23,0.7727272727272727,0,0,0,2
350000,63400,10,5.520504731861199,0,0,0,1
380000,25000,11,15.2,0,0,0,1
140000,80000,17,1.75,0,0,0,3
200000,90000,14,2.2222222222222223,0,0,0,1
150000,157000,15,0.9554140127388535,0,0,0,1
150000,80000,14,1.875,1,0,0,2
90000,40000,20,2.25,0,0,0,2
300000,100000,19,3.0,1,0,0,2
280000,50000,9,5.6,0,0,0,1
200000,40000,15,5.0,0,0,0,1
110000,38500,17,2.857142857142857,0,0,0,2
140000,103921,18,1.3471771826676033,0,0,0,2
1050000,10000,6,105.0,1,0,0,1
1150000,14825,8,77.57166947723441,0,1,0,1
910000,43377,10,20.978859764391267,1,1,0,1
160000,102307,16,1.5639203573558016,1,1,0,1
105000,79000,22,1.3291139240506329,0,0,0,2
1200000,135000,12,8.88888888888889,1,0,1,3
300000,10500,8,28.571428571428573,0,0,0,1
70000,90000,22,0.7777777777777778,0,0,0,4
160000,110000,14,1.4545454545454546,1,0,0,1
160000,50000,14,3.2,1,0,0,1
225000,80000,13,2.8125,1,0,0,1
790000,19571,8,40.36584742731593,1,1,0,1
145000,100000,24,1.45,0,0,0,1
1200000,29600,8,40.54054054054054,0,1,0,1
930000,20000,8,46.5,1,0,0,1
210000,30000,10,7.0,0,0,0,1
110000,154000,18,0.7142857142857143,1,0,0,3
175000,70000,15,2.5,0,0,0,1
950000,15000,8,63.333333333333336,1,0,1,1
650000,40000,9,16.25,1,0,0,1
550000,51000,7,10.784313725490197,0,0,0,1
85000,120000,18,0.7083333333333334,0,0,0,2
340000,50000,7,6.8,0,0,0,1
825000,13500,9,61.111111111111114,1,0,0,1
509999,35000,10,14.5714,0,0,0,1
450000,1000,13,450.0,1,1,0,2
3800000,10000,8,380.0,1,1,1,1
1580000,86000,13,18.372093023255815,1,1,1,1
4950000,30000,7,165.0,1,1,1,1
535000,52600,10,10.171102661596958,1,0,0,1
225000,110000,14,2.0454545454545454,0,0,0,2
550000,19890,9,27.65208647561589,0,1,1,1
670000,7104,10,94.31306306306307,0,0,0,1
625000,11918,11,52.44168484645075,0,0,0,1
520000,10510,9,49.476688867745004,0,1,1,1
239000,41000,10,5.829268292682927,0,1,0,1
2600000,47162,9,55.12912938382596,1,0,1,1
750000,45974,11,16.313568538739286,1,0,0,1
229999,49824,14,4.616229126525369,0,1,0,1
1300000,58500,13,22.22222222222222,1,1,1,1
80000,56580,21,1.4139271827500883,0,1,0,1
385000,52000,14,7.403846153846154,1,1,0,1
760000,55340,11,13.733285146367907,0,0,0,1
600000,46507,9,12.901283677725933,1,0,0,1
450000,1000,13,450.0,1,1,0,2
3800000,10000,8,380.0,1,1,1,1
1580000,86000,13,18.372093023255815,1,1,1,1
4950000,30000,7,165.0,1,1,1,1
535000,52600,10,10.171102661596958,1,0,0,1
225000,110000,14,2.0454545454545454,0,0,0,2
550000,19890,9,27.65208647561589,0,1,1,1
670000,7104,10,94.31306306306307,0,0,0,1
625000,11918,11,52.44168484645075,0,0,0,1
520000,10510,9,49.476688867745004,0,1,1,1
239000,41000,10,5.829268292682927,0,1,0,1
2600000,47162,9,55.12912938382596,1,0,1,1
750000,45974,11,16.313568538739286,1,0,0,1
229999,49824,14,4.616229126525369,0,1,0,1
1300000,58500,13,22.22222222222222,1,1,1,1
80000,56580,21,1.4139271827500883,0,1,0,1
385000,52000,14,7.403846153846154,1,1,0,1
760000,55340,11,13.733285146367907,0,0,0,1
600000,46507,9,12.901283677725933,1,0,0,1
650000,70000,9,9.285714285714286,1,0,0,1
140000,60000,15,2.3333333333333335,0,0,0,2
150000,70000,15,2.142857142857143,0,0,0,1
450000,10000,8,45.0,0,0,0,2
170000,245244,20,0.6931871931627277,1,0,0,4
400000,60000,9,6.666666666666667,0,0,0,1
300000,30000,10,10.0,0,0,0,1
250000,8000,14,31.25,0,0,0,1
500000,10000,7,50.0,0,0,0,1
85000,100000,24,0.85,1,0,0,3
300000,110000,14,2.727272727272727,1,0,0,1
80000,56580,21,1.4139271827500883,0,1,0,1
740000,45000,11,16.444444444444443,1,1,1,1
70000,68500,21,1.0218978102189782,0,1,0,1
484999,5007,7,96.86419013381266,0,1,1,1
164000,30000,13,5.466666666666667,0,0,0,1
140000,70000,18,2.0,0,0,1,1
999000,49600,15,20.141129032258064,1,1,1,1
56000,23000,21,2.4347826086956523,0,0,0,2
1050000,30000,20,35.0,1,1,1,1
190000,38000,16,5.0,0,1,0,1
3899000,22000,8,177.22727272727272,1,1,1,1
235000,43100,15,5.452436194895592,0,1,0,1
350000,10171,9,34.41156228492773,0,1,0,1
465000,41123,11,11.307540792257374,1,1,0,1
1900000,20118,9,94.44278755343474,0,1,1,1
450000,40000,12,11.25,1,1,0,1
790000,52517,11,15.042748062532132,1,1,0,1
900000,20000,7,45.0,1,0,0,1
450000,99117,12,4.540088985744121,1,1,0,1
135000,90000,17,1.5,0,0,0,1
425000,3700,7,114.86486486486487,0,0,0,1
100000,80000,16,1.25,1,0,0,1
650000,100000,11,6.5,1,0,0,2
90000,54000,15,1.6666666666666667,1,0,0,1
250000,19000,9,13.157894736842104,0,0,0,1
300000,120000,12,2.5,1,0,0,1
275000,30000,12,9.166666666666666,0,0,0,1
600000,43500,9,13.793103448275861,0,0,0,1
270000,60000,10,4.5,0,0,0,2
240000,70000,10,3.4285714285714284,0,0,0,2
1200000,135000,12,8.88888888888889,1,0,1,3
160000,50000,14,3.2,1,0,0,1
790000,19571,8,40.36584742731593,1,1,0,1
1200000,29600,8,40.54054054054054,0,1,0,1
175000,70000,15,2.5,0,0,0,1
950000,15000,8,63.333333333333336,1,0,1,1
340000,50000,7,6.8,0,0,0,1
825000,13500,9,61.111111111111114,1,0,0,1
3100000,22000,8,140.9090909090909,0,0,1,1
780000,25000,8,31.2,1,1,0,1
350000,80000,16,4.375,0,0,1,3
690000,39000,8,17.692307692307693,0,1,0,1
245000,60000,10,4.083333333333333,0,0,0,1
790000,49000,8,16.122448979591837,1,1,0,1
680000,48600,8,13.991769547325102,0,1,0,1
540000,20000,9,27.0,0,0,0,2
425000,25000,10,17.0,0,0,0,1
140000,120000,18,1.1666666666666667,0,0,0,1
1100000,30000,7,36.666666666666664,1,0,0,1
715000,35000,11,20.428571428571427,1,0,0,1
370000,90000,13,4.111111111111111,0,0,0,1
175000,80000,19,2.1875,1,0,0,2
1000000,35000,28,28.571428571428573,0,0,1,2
92800,25000,13,3.712,0,0,0,2
291000,90000,12,3.2333333333333334,1,0,0,1
92800,25000,13,3.712,0,0,0,2
350000,20000,10,17.5,0,0,0,1
65000,60000,28,1.0833333333333333,0,1,0,3
650000,58000,11,11.206896551724139,1,0,0,1
350000,40000,12,8.75,0,1,0,1
75000,70000,21,1.0714285714285714,0,0,0,2
440000,70000,14,6.285714285714286,1,1,0,1
270000,60000,13,4.5,0,0,0,1
1150000,135000,12,8.518518518518519,1,1,0,1
238000,70000,11,3.4,0,1,0,1
1100000,40000,13,27.5,0,0,1,2
1200000,75000,11,16.0,1,1,0,2
260000,150000,16,1.7333333333333334,1,0,0,1
350000,140000,14,2.5,1,0,0,3
480000,70000,11,6.857142857142857,1,0,0,1
345000,137250,14,2.5136612021857925,1,0,0,2
500000,110000,13,4.545454545454546,1,0,0,2
595000,27000,9,22.037037037037038,0,1,0,1
1295000,9000,7,143.88888888888889,1,1,0,1
1350000,5400,7,250.0,1,1,0,0
541000,1000,6,541.0,0,1,0,0
515000,16000,8,32.1875,0,1,0,1
894999,13000,7,68.84607692307692,1,1,0,0
325000,47000,14,6.914893617021277,1,1,0,1
925000,22000,8,42.04545454545455,0,0,0,1
844999,30000,9,28.166633333333333,0,0,0,1
925000,20000,8,46.25,0,0,0,1
300000,60000,13,5.0,1,0,0,1
650000,75000,18,8.666666666666666,0,0,0,2
175000,64000,16,2.734375,0,1,0,1
325000,80000,11,4.0625,1,0,0,1
600000,90000,9,6.666666666666667,1,0,0,1
700000,30000,8,23.333333333333332,0,0,0,1
95000,120000,23,0.7916666666666666,0,0,1,2
490000,20000,7,24.5,0,1,0,1
380000,100000,13,3.8,1,0,0,1
550000,31000,8,17.741935483870968,0,1,0,1
225000,47000,13,4.787234042553192,0,1,0,1
570000,11200,8,50.892857142857146,0,0,0,1
305000,35000,8,8.714285714285714,0,1,0,1
240000,50000,16,4.8,0,1,0,1
700000,55000,11,12.727272727272727,1,1,0,1
288000,20000,8,14.4,0,1,0,1
800000,75000,9,10.666666666666666,1,1,0,1
430000,93000,9,4.623655913978495,0,1,0,1
195000,57000,17,3.4210526315789473,1,1,0,2
325000,30000,12,10.833333333333334,0,1,0,1
450000,73000,13,6.164383561643835,1,1,0,1
630000,65000,10,9.692307692307692,1,1,0,1
250000,62000,17,4.032258064516129,0,1,0,2
135000,85000,19,1.588235294117647,0,1,0,1
110000,73000,16,1.5068493150684932,0,0,0,1
350000,55000,14,6.363636363636363,1,1,0,1
240000,5800,10,41.37931034482759,0,0,0,2
350000,350000,17,1.0,1,0,0,1
600000,30000,8,20.0,0,0,0,1
750000,20000,8,37.5,1,0,0,1
270000,20000,8,13.5,0,0,0,1
90000,100000,19,0.9,0,0,0,2
350000,65000,13,5.384615384615385,0,0,0,1
285000,90000,13,3.1666666666666665,1,0,0,2
665000,267000,15,2.4906367041198503,1,0,0,2
175000,250000,21,0.7,1,0,0,2
350000,140000,15,2.5,1,0,0,2
1225000,22000,8,55.68181818181818,0,1,1,1
285000,60000,16,4.75,0,1,0,2
1000000,28635,8,34.922297887200976,0,1,0,1
780000,32114,8,24.288472317369372,1,1,0,1
300000,82000,12,3.658536585365854,0,1,0,2
160000,95149,20,1.6815731116459447,0,1,0,2
625000,68458,8,9.129685354523941,0,1,0,1
265000,42000,16,6.309523809523809,0,0,0,1
515000,90000,12,5.722222222222222,1,0,0,2
210000,30000,10,7.0,0,0,0,1
140000,80000,17,1.75,0,0,0,2
940000,128000,11,7.34375,1,0,0,1
750000,80000,13,9.375,1,0,0,1
610000,100000,10,6.1,1,0,0,1
450000,50000,11,9.0,1,0,0,1
409999,56000,14,7.321410714285714,1,0,0,1
100000,21302,8,4.694394892498357,0,0,0,1
650000,100000,10,6.5,1,0,0,1
650000,80000,9,8.125,1,0,0,1
150000,105546,16,1.4211812858848274,0,0,0,1
500000,10000,8,50.0,0,0,0,1
1000000,80000,14,12.5,1,0,0,2
340000,35000,13,9.714285714285714,0,0,0,1
800000,11240,7,71.17437722419929,0,0,0,1
1010000,120000,13,8.416666666666666,1,0,0,1
350000,120000,15,2.9166666666666665,1,0,0,3
595000,70000,10,8.5,1,0,0,1
700000,130000,12,5.384615384615385,1,0,0,3
265000,40000,7,6.625,0,0,0,1
320000,60000,11,5.333333333333333,0,0,0,2
310000,110000,15,2.8181818181818183,0,0,0,1
700000,130000,12,5.384615384615385,1,0,0,1
130000,80000,17,1.625,0,0,0,2
150000,120000,17,1.25,1,0,0,2
300000,104000,11,2.8846153846153846,1,0,0,2
150000,100000,15,1.5,0,0,0,2
120000,132343,23,0.9067347725229139,0,0,0,2
950000,90000,10,10.555555555555555,1,0,0,2
100000,60000,19,1.6666666666666667,0,0,0,2
450000,76000,11,5.921052631578948,1,0,0,1
30000,60000,22,0.5,0,0,0,3
200000,30000,17,6.666666666666667,0,0,0,2
250000,96000,16,2.6041666666666665,1,0,0,2
1300000,10000,8,130.0,1,0,0,1
425000,36000,9,11.805555555555555,1,1,0,1
550000,12997,9,42.31745787489421,1,1,0,1
500000,40000,9,12.5,0,0,1,1
1150000,26430,8,43.51116155883466,1,1,0,1
475000,24600,11,19.308943089430894,0,1,0,1
260000,28481,15,9.128892946174643,0,1,0,1
350000,100000,13,3.5,0,0,0,1
750000,41988,13,17.862246356101743,1,1,0,1
180000,30375,17,5.925925925925926,0,1,0,1
350000,7658,9,45.703839122486286,0,1,1,1
611000,34400,9,17.761627906976745,1,1,0,1
325000,18500,9,17.56756756756757,0,1,0,1
280000,26134,11,10.714012397642918,0,1,0,1
300000,28942,12,10.365558703614125,0,1,1,1
711000,53600,14,13.264925373134329,1,1,0,1
851000,53652,11,15.861477670916276,1,1,0,1
260000,52895,15,4.915398430853577,1,1,0,1
550000,42324,13,12.994991021642567,1,1,0,2
1044999,65000,10,16.076907692307692,1,1,0,1
550000,60236,14,9.130752373995618,1,1,0,1
210000,70000,12,3.0,0,0,0,2
210000,70000,12,3.0,0,0,0,3
290000,100000,17,2.9,1,0,0,2
250999,110000,18,2.281809090909091,1,0,0,1
600000,10300,7,58.25242718446602,0,0,0,1
270000,120000,12,2.25,1,0,0,2
550000,142000,14,3.8732394366197185,1,0,0,1
800000,25000,9,32.0,1,0,0,1
500000,5000,6,100.0,0,0,0,1
535000,52600,10,10.171102661596958,1,0,0,1
396000,28643,10,13.825367454526411,0,1,0,1
600000,50000,12,12.0,1,0,0,1
575000,30000,7,19.166666666666668,0,1,0,1
520000,5000,6,104.0,0,0,0,1
1400000,30000,8,46.666666666666664,1,0,1,1
600000,7600,8,78.94736842105263,0,0,1,1
195000,47253,13,4.126722112881722,1,1,0,1
281000,4432,11,63.40252707581227,0,1,1,2
75000,110000,16,0.6818181818181818,0,0,0,2
400000,25000,12,16.0,0,0,0,1
93000,70000,17,1.3285714285714285,1,0,0,2
560000,68523,10,8.172438451322913,0,1,0,1
400000,5000,7,80.0,0,0,0,1
459999,40000,8,11.499975,0,0,0,1
450000,43000,9,10.465116279069768,1,0,0,1
88000,80251,16,1.096559544429353,0,1,0,2
250000,34500,16,7.246376811594203,0,0,0,2
22000,42743,26,0.5147041620850198,0,1,0,3
130000,93900,13,1.384451544195953,1,0,0,2
79000,80000,22,0.9875,0,0,0,1
120000,110000,14,1.0909090909090908,1,0,0,1
1700000,100000,15,17.0,1,0,1,2
300000,25000,14,12.0,1,0,0,1
300000,25000,14,12.0,1,0,0,1
145000,25000,17,5.8,0,0,0,1
3200000,20000,7,160.0,1,0,1,1
240000,10000,13,24.0,0,0,0,1
700000,30000,8,23.333333333333332,1,0,0,1
145000,110000,16,1.3181818181818181,0,0,0,2
535000,80000,12,6.6875,1,0,0,2
420000,21000,10,20.0,0,0,0,1
350000,20000,10,17.5,0,0,0,1
550000,32000,11,17.1875,1,0,0,1
750000,180000,19,4.166666666666667,1,0,0,1
198000,70000,14,2.8285714285714287,1,0,0,2
420000,50000,13,8.4,1,0,0,1
420000,50000,13,8.4,1,0,0,1
195000,120000,22,1.625,1,0,0,1
150000,55766,14,2.6898109959473513,0,0,0,2
275000,40000,15,6.875,0,0,0,2
65000,60000,25,1.0833333333333333,0,0,0,3
200000,50000,18,4.0,0,0,0,1
250000,110000,16,2.272727272727273,1,0,0,2
450000,1000,13,450.0,1,1,0,2
590000,26350,8,22.39089184060721,1,1,0,1
225000,110000,14,2.0454545454545454,0,0,0,2
225000,68745,11,3.2729653065677504,1,1,0,1
165000,132000,20,1.25,0,0,0,1
860000,35000,7,24.571428571428573,1,0,0,1
900000,47000,10,19.148936170212767,1,0,0,1
182000,100000,13,1.82,1,0,0,1
100000,80000,16,1.25,1,0,0,1
100000,40000,20,2.5,0,0,0,2
375000,27289,9,13.741800725567078,0,1,1,1
525000,10980,8,47.814207650273225,0,1,1,1
320000,24662,10,12.975427783634741,0,1,0,1
525000,37000,13,14.18918918918919,1,1,0,1
650000,28245,12,23.01292264117543,1,1,0,1
575000,27005,9,21.29235326791335,1,1,0,1
355000,39227,12,9.049889106992632,0,1,0,1
470000,31367,10,14.983900277361558,1,1,0,1
221000,35008,18,6.312842778793419,0,1,0,1
195000,27005,17,7.220885021292354,0,1,0,1
85000,86000,25,0.9883720930232558,0,0,0,2
400000,50000,13,8.0,1,0,0,1
650000,20000,9,32.5,1,0,0,1
400000,50000,16,8.0,0,0,0,1
295000,80000,14,3.6875,1,0,0,2
60000,135000,20,0.4444444444444444,0,0,0,4
110000,120000,23,0.9166666666666666,1,0,0,3
550000,113600,11,4.841549295774648,1,0,0,1
190000,70000,18,2.7142857142857144,0,0,0,3
861999,20000,8,43.09995,1,1,0,1
782000,14000,8,55.857142857142854,0,1,0,1
836000,26000,8,32.15384615384615,1,1,0,1
696000,138925,10,5.009897426669066,0,1,0,1
596000,121764,10,4.894714365493906,1,1,0,1
612000,105429,10,5.804854451811171,0,1,0,1
114999,35000,11,3.285685714285714,0,0,0,1
340000,60000,9,5.666666666666667,1,0,0,1
550000,5000,6,110.0,0,0,0,1
114999,70000,18,1.642842857142857,0,0,0,3
105000,80000,26,1.3125,0,0,0,1
890000,20000,7,44.5,1,0,0,1
715000,8000,7,89.375,0,0,0,1
525000,54000,12,9.722222222222221,0,1,0,2
735000,55300,14,13.291139240506329,1,1,1,1
495000,11958,10,41.39488208730557,0,1,0,1
1025000,9000,9,113.88888888888889,0,1,0,1
750000,70000,11,10.714285714285714,1,0,0,1
600000,120000,13,5.0,1,0,0,1
475000,23122,12,20.543205605051465,0,1,0,2
80000,58000,19,1.3793103448275863,0,1,0,2
325000,62200,13,5.22508038585209,1,1,0,1
1470000,34000,12,43.23529411764706,1,1,1,2
350000,53000,11,6.60377358490566,1,0,0,2
2800000,49000,13,57.142857142857146,1,1,1,1
210000,15000,9,14.0,0,1,0,2
349000,44500,14,7.842696629213483,1,1,0,2
450000,50000,13,9.0,0,0,0,1
1150000,53000,13,21.69811320754717,1,1,1,1
210000,63500,17,3.3070866141732282,0,1,1,1
4500000,9800,8,459.18367346938777,0,1,1,1
825000,13599,9,60.666225457754244,0,1,1,1
2750000,13000,9,211.53846153846155,1,0,1,1
160000,110000,14,1.4545454545454546,1,0,0,1
550000,100000,12,5.5,1,0,0,2
95000,110000,20,0.8636363636363636,0,0,0,3
725000,90000,12,8.055555555555555,1,0,0,2
670000,17000,7,39.411764705882355,0,0,0,1
65000,140000,18,0.4642857142857143,0,0,0,1
500000,50000,11,10.0,1,0,0,2
600000,53000,9,11.320754716981131,0,0,0,1
350000,70000,9,5.0,0,0,0,2
200000,70000,14,2.857142857142857,1,0,0,2
110000,154000,18,0.7142857142857143,1,0,0,3
150000,80000,14,1.875,0,0,0,1
75000,110000,23,0.6818181818181818,1,0,0,2
350000,90000,13,3.888888888888889,1,0,0,2
1700000,15000,8,113.33333333333333,1,0,0,1
890000,86000,15,10.348837209302326,1,0,1,2
500000,120000,12,4.166666666666667,1,0,0,1
600000,5200,7,115.38461538461539,0,0,0,1
99000,60000,16,1.65,0,0,0,2
235000,46000,15,5.108695652173913,0,0,0,1
75000,40000,20,1.875,0,0,0,2
600000,90000,12,6.666666666666667,1,0,0,2
1000000,25000,7,40.0,1,0,0,2
390000,90000,14,4.333333333333333,1,0,0,1
600000,70000,11,8.571428571428571,1,0,0,1
600000,70000,9,8.571428571428571,0,0,0,2
730000,35000,7,20.857142857142858,1,0,0,2
450000,12700,9,35.43307086614173,0,0,1,1
250000,80000,15,3.125,1,0,0,1
1400000,20000,8,70.0,1,0,0,1
300000,20000,8,15.0,0,0,0,1
800000,19000,9,42.10526315789474,0,0,0,1
125000,95000,17,1.3157894736842106,1,0,0,2
2600000,9500,7,273.6842105263158,1,0,1,1
300000,50000,14,6.0,0,0,0,1
295000,90000,14,3.2777777777777777,1,0,0,1
650000,45839,13,14.180065010144201,0,1,0,1
200000,74510,16,2.6842034626224667,0,1,0,1
130000,87293,17,1.489237395896578,0,1,0,1
250000,156040,14,1.6021532940271725,1,1,0,1
400000,93415,22,4.281967564095702,1,1,0,1
430000,101159,9,4.250733993020888,0,1,0,1
170000,80000,11,2.125,0,0,0,2
450000,12000,7,37.5,0,0,0,1
350000,90000,13,3.888888888888889,0,0,0,1
130000,68519,15,1.8972839650315971,0,1,0,1
180000,55130,14,3.2650099764193725,1,1,0,1
475000,65239,12,7.280920921534665,0,1,0,1
470000,58182,11,8.078099755938263,0,1,0,1
200000,91245,14,2.1919009260781412,1,1,0,1
650000,102989,13,6.311353639709095,1,1,0,1
400000,50000,16,8.0,0,0,0,1
100000,120000,26,0.8333333333333334,0,0,0,1
409999,90000,12,4.555544444444444,1,0,0,1
640000,25000,8,25.6,1,0,0,1
160000,80000,19,2.0,0,0,0,2
182000,100000,13,1.82,1,0,0,1
750000,70000,8,10.714285714285714,1,0,0,1
150000,50000,24,3.0,1,0,0,3
80000,100000,18,0.8,0,0,0,2
240000,90000,10,2.6666666666666665,1,0,0,3
60000,60000,21,1.0,0,0,0,3
70000,120000,19,0.5833333333333334,0,0,0,3
285000,90000,18,3.1666666666666665,1,0,1,2
350000,60000,11,5.833333333333333,1,0,0,2
699000,30000,11,23.3,1,0,0,2
275000,108000,15,2.5462962962962963,1,0,0,2
350000,160000,14,2.1875,1,0,0,2
135000,90000,20,1.5,0,0,0,3
325000,120000,16,2.7083333333333335,1,0,0,3
650000,102000,14,6.372549019607843,1,0,0,2
300000,178000,17,1.6853932584269662,1,0,0,2
1200000,200000,12,6.0,1,0,0,2
450000,60000,14,7.5,0,1,0,1
425000,3000,7,141.66666666666666,0,0,0,1
150000,75118,20,1.9968582763119358,0,0,0,2
290000,140000,13,2.0714285714285716,1,0,0,2
335000,60000,12,5.583333333333333,0,0,0,2
120000,79000,20,1.518987341772152,0,1,0,4
20000,25000,21,0.8,0,0,0,2
250000,70000,21,3.5714285714285716,0,0,0,1
120000,41723,18,2.8761114972557102,0,0,0,2
250000,70000,16,3.5714285714285716,0,0,0,1
220000,70000,14,3.142857142857143,1,0,0,2
61000,4637,21,13.155057149018763,0,0,0,2
620000,70000,10,8.857142857142858,1,0,0,1
425000,100000,12,4.25,1,0,0,2
85000,120000,17,0.7083333333333334,1,0,0,2
270000,40000,11,6.75,1,0,0,2
180000,220000,17,0.8181818181818182,1,0,0,1
300000,20000,8,15.0,0,0,0,1
800000,19000,9,42.10526315789474,0,0,0,1
125000,95000,17,1.3157894736842106,1,0,0,2
450000,30000,9,15.0,0,0,0,1
450000,42655,14,10.549759699917946,1,0,0,1
250000,43000,9,5.813953488372093,0,0,0,2
725000,70000,14,10.357142857142858,1,0,0,1
250000,55000,16,4.545454545454546,0,0,0,1
99000,80000,16,1.2375,1,0,0,2
350000,55000,9,6.363636363636363,0,0,0,1
511000,70000,8,7.3,0,0,0,1
300000,80000,14,3.75,1,0,0,1
1100000,110000,16,10.0,0,0,1,1
125000,60000,16,2.0833333333333335,0,0,0,3
500000,30000,8,16.666666666666668,0,0,0,1
385000,80000,13,4.8125,1,0,0,2
350000,90000,14,3.888888888888889,0,0,0,1
60000,50000,23,1.2,0,0,0,1
300000,50000,14,6.0,0,0,0,1
400000,70000,14,5.714285714285714,1,0,0,1
550000,110000,12,5.0,1,0,0,1
300000,80000,14,3.75,0,0,0,2
250000,156000,14,1.6025641025641026,1,0,0,1
800000,180000,14,4.444444444444445,1,0,0,1
300000,25000,8,12.0,0,0,0,1
80000,120000,22,0.6666666666666666,0,0,0,1
1200000,11000,6,109.0909090909091,1,0,0,1
355000,40000,9,8.875,0,0,1,1
520000,50000,11,10.4,1,0,0,1
500000,26000,14,19.23076923076923,1,0,0,1
114999,30000,18,3.8333,0,0,0,1
1800000,50000,12,36.0,1,0,0,1
800000,20000,8,40.0,1,0,0,1
105000,30000,18,3.5,0,0,0,2
135000,78000,15,1.7307692307692308,0,0,0,1
170000,40000,15,4.25,0,0,0,2
550000,100000,12,5.5,0,0,0,1
250000,70000,17,3.5714285714285716,0,0,0,3
650000,30000,12,21.666666666666668,1,0,0,2
210000,77000,18,2.727272727272727,0,0,1,3
260000,150000,15,1.7333333333333334,1,0,0,1
750000,69000,10,10.869565217391305,1,0,0,1
1350000,120000,10,11.25,1,0,1,1
220000,120000,14,1.8333333333333333,1,0,0,2
110000,110000,18,1.0,0,0,0,2
1230000,70000,9,17.571428571428573,1,0,1,1
220000,110000,13,2.0,1,0,0,1
130000,50000,17,2.6,1,0,0,1
330000,44000,14,7.5,0,0,0,1
254999,90000,16,2.8333222222222223,0,0,0,2
600000,50000,12,12.0,0,0,0,2
210000,50000,14,4.2,0,0,0,1
300000,146000,12,2.0547945205479454,1,0,0,1
426000,15000,8,28.4,0,0,1,1
265000,60000,11,4.416666666666667,0,0,0,1
450000,35000,10,12.857142857142858,0,0,0,2
480000,80000,14,6.0,1,0,0,1
40000,90000,16,0.4444444444444444,0,0,0,1
395000,70000,15,5.642857142857143,0,0,0,2
229999,62000,13,3.7096612903225807,0,0,0,2
875000,10000,8,87.5,0,0,1,1
170000,80000,16,2.125,0,0,0,4
500000,35000,11,14.285714285714286,0,0,0,2
450000,1000,13,450.0,1,1,0,2
3800000,10000,8,380.0,1,1,1,1
1580000,86000,13,18.372093023255815,1,1,1,1
4950000,30000,7,165.0,1,1,1,1
535000,52600,10,10.171102661596958,1,0,0,1
225000,110000,14,2.0454545454545454,0,0,0,2
550000,19890,9,27.65208647561589,0,1,1,1
670000,7104,10,94.31306306306307,0,0,0,1
625000,11918,11,52.44168484645075,0,0,0,1
520000,10510,9,49.476688867745004,0,1,1,1
239000,41000,10,5.829268292682927,0,1,0,1
2600000,47162,9,55.12912938382596,1,0,1,1
750000,45974,11,16.313568538739286,1,0,0,1
229999,49824,14,4.616229126525369,0,1,0,1
1300000,58500,13,22.22222222222222,1,1,1,1
80000,56580,21,1.4139271827500883,0,1,0,1
385000,52000,14,7.403846153846154,1,1,0,1
760000,55340,11,13.733285146367907,0,0,0,1
600000,46507,9,12.901283677725933,1,0,0,1
450000,40000,7,11.25,0,0,0,1
450000,40000,7,11.25,0,0,0,1
550000,120000,14,4.583333333333333,1,0,0,3
200000,60000,13,3.3333333333333335,0,0,0,1
80000,90000,18,0.8888888888888888,0,0,0,2
300000,250000,16,1.2,1,0,0,2
675000,15000,7,45.0,1,0,0,1
260000,30000,9,8.666666666666666,0,0,0,1
500000,15000,7,33.333333333333336,0,0,0,1
150000,55766,14,2.6898109959473513,0,0,0,2
100000,80000,20,1.25,0,0,0,1
70000,117000,25,0.5982905982905983,0,0,0,2
100000,70000,22,1.4285714285714286,0,0,0,1
730000,110000,14,6.636363636363637,1,0,0,2
525000,100000,10,5.25,1,0,0,2
525000,105000,10,5.0,1,0,0,2
550000,182000,17,3.021978021978022,1,0,0,3
420000,95000,14,4.421052631578948,1,0,0,2
500000,70000,11,7.142857142857143,0,0,0,1
165000,76000,17,2.1710526315789473,0,0,0,2
650000,70000,12,9.285714285714286,1,0,0,2
195000,46000,13,4.239130434782608,1,0,0,1
75000,70000,27,1.0714285714285714,0,0,0,1
100000,120000,21,0.8333333333333334,1,0,0,2
1770000,25000,9,70.8,1,0,0,1
90000,90000,20,1.0,0,0,0,1
515000,50000,10,10.3,1,0,0,1
700000,24585,9,28.472645922310353,1,1,0,0
62000,70000,25,0.8857142857142857,0,0,0,1
220000,110000,15,2.0,1,0,0,3
520000,10000,7,52.0,0,0,0,1
170000,100000,16,1.7,0,0,0,1
190000,110000,15,1.7272727272727273,1,0,0,2
150000,100000,15,1.5,1,0,0,2
125000,65000,17,1.9230769230769231,0,0,0,1
290000,40000,11,7.25,1,0,0,3
490000,13900,7,35.25179856115108,0,0,0,1
434999,17563,9,24.76792119797301,0,0,0,1
380000,15000,10,25.333333333333332,0,0,0,1
200000,82000,14,2.4390243902439024,1,0,0,2
495000,40000,10,12.375,1,0,0,1
894999,173000,12,5.173404624277457,1,0,0,3
600000,151000,12,3.9735099337748343,1,0,0,2
300000,50000,11,6.0,0,0,0,1
430000,15000,9,28.666666666666668,0,0,0,1
370000,80000,9,4.625,1,0,0,1
750000,11000,7,68.18181818181819,0,0,0,1
300000,50000,10,6.0,0,0,0,1
700000,120000,14,5.833333333333333,1,0,1,2
100000,70000,19,1.4285714285714286,0,0,0,3
300000,90000,11,3.3333333333333335,0,0,0,1
130000,185000,14,0.7027027027027027,1,0,0,2
650000,40000,10,16.25,1,0,0,1
509999,25000,9,20.39996,1,0,0,1
1000000,117780,13,8.49040584139922,1,0,0,2
280000,120000,16,2.3333333333333335,1,0,0,2
600000,120000,9,5.0,1,0,0,1
210000,120000,13,1.75,1,0,0,3
1150000,110000,12,10.454545454545455,1,0,1,2
229999,30000,8,7.666633333333333,0,0,0,1
245000,30000,8,8.166666666666666,0,0,0,1
600000,60000,11,10.0,1,0,0,1
375000,25000,10,15.0,0,0,0,1
150000,55000,11,2.727272727272727,1,0,0,2
1450000,20000,8,72.5,1,0,0,1
500000,100000,12,5.0,1,0,0,2
75000,40000,19,1.875,0,0,0,2
225000,80000,20,2.8125,0,0,1,3
275000,80000,20,3.4375,0,0,1,4
620000,35000,8,17.714285714285715,1,0,0,1
600000,110000,16,5.454545454545454,1,0,0,2
275000,160000,15,1.71875,1,0,0,1
125000,125000,13,1.0,1,0,0,1
80000,62000,15,1.2903225806451613,0,0,0,2
199000,120000,15,1.6583333333333334,1,0,0,2
440000,33000,10,13.333333333333334,0,0,0,2
250000,80000,13,3.125,1,0,0,4
700000,35000,9,20.0,1,0,0,1
450000,50000,11,9.0,1,0,0,1
240000,5000,7,48.0,0,0,0,1
350000,12000,10,29.166666666666668,0,0,0,1
650000,81595,10,7.96617439794105,1,1,0,1
71000,22000,21,3.227272727272727,0,0,0,1
400000,40000,11,10.0,0,0,0,1
130000,40000,18,3.25,0,0,0,2
300000,70000,13,4.285714285714286,1,0,0,2
1100000,4000,7,275.0,1,0,0,1
2200000,24000,11,91.66666666666667,1,0,1,1
800000,13500,8,59.25925925925926,0,1,0,1
490000,40000,13,12.25,1,0,0,1
836000,9700,8,86.18556701030928,0,1,0,1
375000,62000,14,6.048387096774194,0,0,0,2
1249000,24000,10,52.041666666666664,1,1,0,1
1240000,13000,7,95.38461538461539,1,1,0,1
35000,50000,17,0.7,0,0,0,3
1068000,36000,9,29.666666666666668,0,1,0,1
1189000,40000,9,29.725,1,1,0,1
700000,27000,8,25.925925925925927,0,0,0,1
350000,40000,10,8.75,0,0,0,1
254999,80000,17,3.1874875,0,0,0,2
229999,221000,21,1.0407194570135747,1,0,0,3
750000,80000,10,9.375,1,0,0,1
325000,119000,14,2.73109243697479,1,0,0,2
760000,190000,17,4.0,1,0,0,2
509999,25000,9,20.39996,0,0,1,1
363000,28740,13,12.630480167014614,0,0,0,1
229999,48500,16,4.742247422680412,0,0,0,1
290000,110000,14,2.6363636363636362,0,0,0,2
550000,30000,8,18.333333333333332,0,0,0,1
125000,120000,15,1.0416666666666667,1,0,0,2
2000000,130000,12,15.384615384615385,1,0,1,1
350000,140000,18,2.5,1,0,0,2
390000,90000,15,4.333333333333333,1,0,0,1
260000,50000,16,5.2,0,0,0,1
150000,50000,18,3.0,0,0,0,2
85000,60000,20,1.4166666666666667,0,0,0,2
280000,15000,11,18.666666666666668,0,0,0,2
220000,45000,11,4.888888888888889,0,0,0,1
140000,80000,21,1.75,0,0,0,3
370000,15000,8,24.666666666666668,0,0,1,1
650000,20000,7,32.5,1,0,0,1
280000,37000,9,7.5675675675675675,0,0,0,1
540000,80000,10,6.75,1,0,0,1
50000,120000,24,0.4166666666666667,1,0,0,4
800000,20000,8,40.0,0,0,0,1
515000,25000,10,20.6,1,0,0,1
220000,96000,16,2.2916666666666665,0,0,0,3
525000,54000,12,9.722222222222221,0,1,0,2
165000,53000,13,3.1132075471698113,0,1,0,1
221000,65000,16,3.4,1,1,0,1
245000,43000,11,5.6976744186046515,0,1,0,1
260000,42000,14,6.190476190476191,0,1,0,1
550000,73000,15,7.534246575342466,1,1,1,1
434999,29000,11,14.99996551724138,0,1,0,1
450000,95000,13,4.7368421052631575,1,1,0,1
290000,25000,12,11.6,0,0,0,1
305000,53000,15,5.754716981132075,0,1,0,2
265000,20000,15,13.25,0,1,0,1
325000,57000,12,5.701754385964913,0,1,0,1
550000,52000,12,10.576923076923077,1,1,0,1
105000,40000,18,2.625,0,0,0,1
275000,47000,14,5.851063829787234,0,1,0,1
434999,47000,14,9.255297872340426,0,1,0,2
690000,73000,10,9.452054794520548,1,1,0,1
249000,42000,14,5.928571428571429,0,1,0,2
204999,60000,14,3.41665,0,1,0,3
200000,50000,14,4.0,1,0,0,1
190000,120000,11,1.5833333333333333,0,0,0,1
150000,50000,14,3.0,0,0,0,1
70000,70000,27,1.0,0,0,0,4
900000,25000,8,36.0,1,0,0,1
950000,11000,7,86.36363636363636,0,0,1,1
475000,80000,13,5.9375,0,0,0,1
55000,80000,28,0.6875,0,0,0,4
450000,75000,13,6.0,1,0,0,2
1200000,45000,17,26.666666666666668,1,0,1,3
300000,100000,19,3.0,1,0,0,2
350000,60000,12,5.833333333333333,1,0,0,2
229999,160000,15,1.43749375,1,0,0,2
821000,50000,11,16.42,0,0,0,1
200000,80000,12,2.5,0,0,0,2
1000000,60000,9,16.666666666666668,1,0,0,2
220000,60000,10,3.6666666666666665,0,0,0,2
459999,148620,11,3.095135244247073,1,1,0,1
310000,70000,14,4.428571428571429,1,0,0,2
815000,42000,8,19.404761904761905,1,0,0,1
1200000,40000,9,30.0,1,0,0,1
170000,150000,15,1.1333333333333333,1,0,0,2
1000000,30000,9,33.333333333333336,1,0,0,1
155000,90000,16,1.7222222222222223,0,0,0,4
400000,120000,9,3.3333333333333335,1,0,0,1
400000,80000,10,5.0,1,0,0,2
250000,80000,16,3.125,1,0,0,2
150000,50000,18,3.0,0,0,0,3
80000,70000,24,1.1428571428571428,0,0,0,2
130000,120000,17,1.0833333333333333,0,0,1,2
325000,70000,12,4.642857142857143,1,0,1,1
735000,55300,14,13.291139240506329,1,1,1,1
285000,74300,14,3.8358008075370122,1,1,0,1
350000,48781,16,7.174924663291035,0,1,0,1
290000,87620,16,3.3097466331887695,1,1,1,1
890000,40219,9,22.12884457594669,1,1,1,1
385000,11473,15,33.557046979865774,0,1,0,1
425000,8352,9,50.8860153256705,0,1,0,1
525000,9745,9,53.873781426372496,0,1,1,1
550000,9748,9,56.42183011899877,0,1,0,1
271000,49000,14,5.530612244897959,0,1,0,1
1490000,20694,8,72.00154634193485,1,1,0,1
490000,31080,11,15.765765765765765,0,1,0,1
260000,37605,12,6.913974205557771,0,1,0,1
455000,55850,12,8.146821844225604,1,1,0,1
75000,58850,16,1.274426508071368,0,1,0,1
421000,23839,11,17.66013675070263,0,1,0,1
550000,54000,10,10.185185185185185,1,1,0,1
330000,38000,13,8.68421052631579,0,1,1,1
390000,45454,14,8.580102961235534,1,1,0,1
599000,46957,11,12.756351555678599,1,1,1,1
738000,8000,7,92.25,0,0,1,1
300000,30000,10,10.0,0,0,0,1
150000,110000,14,1.3636363636363635,1,0,0,1
440000,223000,19,1.9730941704035874,1,0,0,4
280000,110000,15,2.5454545454545454,1,0,0,1
100000,120000,20,0.8333333333333334,0,0,0,2
150000,100000,18,1.5,0,0,0,2
380000,100000,12,3.8,1,0,0,2
90000,60000,20,1.5,0,0,0,2
300000,270000,18,1.1111111111111112,1,0,0,3
275000,60000,15,4.583333333333333,1,0,0,2
180000,41090,17,4.380627889997566,0,0,0,1
225000,296823,14,0.7580275113451451,1,0,0,1
200000,40000,12,5.0,0,0,0,1
500000,40000,15,12.5,0,0,0,2
300000,70000,16,4.285714285714286,0,0,0,2
765000,80000,11,9.5625,1,0,0,2
650000,90000,9,7.222222222222222,1,0,0,1
380000,19000,9,20.0,0,0,0,1
480000,110000,12,4.363636363636363,1,0,0,2
200000,60000,30,3.3333333333333335,1,0,0,1
380000,19000,9,20.0,0,0,0,1
145000,68000,16,2.1323529411764706,0,0,0,2
280000,120000,15,2.3333333333333335,1,0,0,2
254999,30000,12,8.499966666666667,1,0,0,1
300000,90000,10,3.3333333333333335,0,0,0,2
480000,140000,11,3.4285714285714284,1,0,0,3
850000,44500,9,19.10112359550562,0,0,1,1
350000,52000,12,6.730769230769231,1,0,0,2
650000,26000,10,25.0,0,0,0,1
650000,26000,10,25.0,0,0,0,1
550000,80000,19,6.875,0,0,0,2
300000,35000,11,8.571428571428571,0,0,0,1
150000,60000,18,2.5,0,0,0,2
300000,120000,12,2.5,0,0,0,1
80000,58000,22,1.3793103448275863,0,0,0,1
200000,100000,12,2.0,1,0,0,1
220000,43700,10,5.034324942791762,0,0,0,1
68000,120000,17,0.5666666666666667,0,0,0,2
180000,80000,15,2.25,1,0,0,3
290000,20000,9,14.5,0,0,0,1
300000,25000,8,12.0,0,0,0,1
600000,27483,12,21.831677764436197,1,1,0,1
470000,8000,7,58.75,0,0,0,1
150000,30000,18,5.0,0,0,0,1
400000,30000,9,13.333333333333334,0,0,0,1
110000,100000,17,1.1,1,0,0,4
180000,56207,12,3.2024480936538153,0,1,0,2
250000,40000,16,6.25,0,0,0,1
80000,70000,20,1.1428571428571428,0,0,0,1
875000,1440,8,607.6388888888889,0,0,0,1
425000,12000,11,35.416666666666664,0,0,0,1
300000,50000,7,6.0,0,0,0,1
700000,35000,10,20.0,1,0,0,1
130000,50000,16,2.6,0,0,0,2
1000000,60000,9,16.666666666666668,1,0,0,2
650000,67000,9,9.701492537313433,1,0,0,1
400000,100000,13,4.0,0,0,0,2
800000,60000,9,13.333333333333334,1,0,0,1
675000,70000,9,9.642857142857142,1,0,0,1
210000,50000,9,4.2,0,0,0,4
150000,120000,17,1.25,1,0,0,3
45000,100000,19,0.45,0,0,0,4
516000,90000,11,5.733333333333333,0,0,0,1
450000,80000,12,5.625,0,0,0,1
134000,90000,14,1.488888888888889,0,0,0,2
509999,157000,12,3.2484012738853503,1,0,0,2
500000,20000,10,25.0,0,0,0,1
130000,80000,18,1.625,0,0,0,4
575000,60000,11,9.583333333333334,1,0,0,1
550000,49000,11,11.224489795918368,0,0,0,1
145000,89255,17,1.6245588482437958,1,0,0,1
347000,5000,6,69.4,0,0,0,1
275000,110000,13,2.5,1,0,0,1
630000,200000,16,3.15,1,0,0,3
160000,90000,14,1.7777777777777777,1,0,0,2
150000,63000,16,2.380952380952381,1,0,0,3
550000,23000,11,23.91304347826087,0,0,0,1
349000,100000,13,3.49,1,0,0,1
229999,168000,22,1.3690416666666667,1,0,0,4
110000,90000,18,1.2222222222222223,1,0,0,3
110000,70000,18,1.5714285714285714,0,0,0,3
245000,5550,8,44.14414414414414,0,0,0,2
180000,100000,12,1.8,0,0,0,2
290000,80000,12,3.625,0,0,0,2
250000,40000,16,6.25,0,0,0,1
150000,100000,16,1.5,1,0,0,1
55000,35000,22,1.5714285714285714,0,0,0,3
500000,75000,20,6.666666666666667,1,0,0,2
290000,150000,13,1.9333333333333333,1,0,0,4
400000,16000,7,25.0,0,0,1,1
72000,70000,17,1.0285714285714285,0,0,0,1
250000,115000,12,2.1739130434782608,1,0,0,1
575000,25000,7,23.0,0,0,1,1
1300000,10000,7,130.0,1,0,1,1
425000,15000,7,28.333333333333332,0,0,0,1
470000,10000,7,47.0,0,0,0,1
220000,80000,14,2.75,0,0,0,3
310000,1700,6,182.35294117647058,0,0,0,1
400000,45217,10,8.84623040007077,1,1,0,1
215000,97000,14,2.216494845360825,1,0,0,1
310000,20000,8,15.5,0,0,0,1
750000,50000,9,15.0,1,0,0,1
204999,120000,17,1.708325,1,0,0,2
260000,50000,16,5.2,0,0,0,1
180000,40000,14,4.5,0,0,0,2
125000,110000,19,1.1363636363636365,1,0,0,2
420000,155000,12,2.7096774193548385,1,0,0,1
220000,70000,15,3.142857142857143,0,0,0,2
200000,70000,16,2.857142857142857,0,0,0,3
130000,100000,17,1.3,1,0,0,3
335000,41000,10,8.170731707317072,0,1,0,1
2650000,60000,9,44.166666666666664,1,1,1,1
2675000,56000,8,47.767857142857146,1,1,1,1
2675000,60000,9,44.583333333333336,1,1,1,1
434999,97000,15,4.484525773195876,0,1,1,2
500000,60000,12,8.333333333333334,0,0,0,1
290000,60000,9,4.833333333333333,0,0,0,1
475000,48000,12,9.895833333333334,0,1,1,2
270000,190000,17,1.4210526315789473,1,0,0,3
600000,80000,7,7.5,0,0,0,1
300000,70000,13,4.285714285714286,1,0,0,2
415000,80000,14,5.1875,1,0,0,2
800000,30000,8,26.666666666666668,1,0,1,2
420000,44440,10,9.450945094509452,0,0,0,2
1250000,30000,8,41.666666666666664,1,0,0,1
270000,120000,15,2.25,1,0,0,1
390000,80000,11,4.875,1,0,0,2
400000,110000,14,3.6363636363636362,1,0,0,1
100000,170000,19,0.5882352941176471,0,0,0,1
850000,46000,16,18.47826086956522,1,0,1,1
359000,120000,14,2.9916666666666667,1,0,1,3
470000,91365,11,5.144201827833416,1,1,0,1
360000,90010,13,3.999555604932785,1,1,0,2
250999,80000,13,3.1374875,1,0,0,1
45000,35000,14,1.2857142857142858,0,0,0,2
75000,80000,20,0.9375,0,0,0,2
495000,31800,13,15.566037735849056,1,1,0,1
310000,59100,13,5.2453468697123515,0,1,0,1
540000,31200,10,17.307692307692307,0,1,0,1
665000,51000,10,13.03921568627451,1,1,0,1
425000,22700,13,18.722466960352424,1,1,0,2
1295000,58000,15,22.32758620689655,1,1,1,1
675000,50900,10,13.261296660117878,1,1,0,1
980000,10000,8,98.0,1,0,0,1
320000,60000,12,5.333333333333333,1,0,0,1
250000,80000,15,3.125,0,0,0,2
600000,72000,10,8.333333333333334,1,0,0,1
300000,96000,10,3.125,0,0,0,1
305000,66000,12,4.621212121212121,1,0,0,1
270000,80000,14,3.375,1,0,0,2
300000,90000,14,3.3333333333333335,1,0,0,1
106000,70000,17,1.5142857142857142,0,0,0,1
90000,75000,20,1.2,0,0,0,3
539000,2417,7,223.00372362432768,0,0,0,1
110000,100000,17,1.1,1,0,0,4
250000,30000,10,8.333333333333334,0,0,0,2
300000,50000,17,6.0,0,0,0,1
707000,60000,8,11.783333333333333,1,0,0,1
95000,120000,19,0.7916666666666666,0,0,0,4
495000,7000,6,70.71428571428571,0,0,0,1
200000,35000,14,5.714285714285714,1,0,0,1
110000,110000,17,1.0,0,0,0,4
100000,130000,18,0.7692307692307693,0,0,0,4
150000,25000,10,6.0,0,0,0,2
509999,35000,10,14.5714,0,0,0,1
50000,80000,21,0.625,0,0,0,3
85000,70000,19,1.2142857142857142,0,0,0,2
475000,23000,8,20.652173913043477,0,0,0,1
425000,40000,12,10.625,0,0,0,1
480000,110000,20,4.363636363636363,0,0,1,2
950000,10000,7,95.0,1,0,0,1
535000,80000,11,6.6875,1,0,0,1
325000,25000,17,13.0,1,0,0,3
270000,74000,13,3.6486486486486487,0,0,0,3
300000,60000,11,5.0,0,0,0,3
325000,70000,15,4.642857142857143,1,0,0,1
350000,100000,16,3.5,1,0,0,1
229999,146000,18,1.575335616438356,1,0,0,3
325000,120000,14,2.7083333333333335,1,0,0,2
70000,70000,21,1.0,0,0,0,2
190000,120000,18,1.5833333333333333,1,0,0,3
345000,65500,15,5.267175572519084,1,0,0,1
1025000,70000,10,14.642857142857142,1,0,0,1
120000,50000,14,2.4,0,0,0,1
114999,90000,17,1.2777666666666667,0,0,0,2
300000,120000,17,2.5,0,0,0,2
340000,56000,10,6.071428571428571,0,1,0,1
90000,70000,21,1.2857142857142858,0,0,0,2
150000,140300,20,1.0691375623663577,0,0,0,1
115999,70000,16,1.6571285714285715,0,0,0,1
425000,36000,9,11.805555555555555,1,1,0,1
550000,12997,9,42.31745787489421,1,1,0,1
500000,40000,9,12.5,0,0,1,1
300000,25000,13,12.0,1,0,0,2
1150000,26430,8,43.51116155883466,1,1,0,1
475000,24600,11,19.308943089430894,0,1,0,1
260000,28481,15,9.128892946174643,0,1,0,1
350000,100000,13,3.5,0,0,0,1
750000,41988,13,17.862246356101743,1,1,0,1
350000,7658,9,45.703839122486286,0,1,1,1
180000,30375,17,5.925925925925926,0,1,0,1
611000,34400,9,17.761627906976745,1,1,0,1
325000,18500,9,17.56756756756757,0,1,0,1
225000,48000,14,4.6875,0,1,0,1
300000,28942,12,10.365558703614125,0,1,1,1
400000,50000,9,8.0,1,0,0,2
711000,53600,14,13.264925373134329,1,1,0,1
851000,53652,11,15.861477670916276,1,1,0,1
375000,23000,10,16.304347826086957,0,1,0,2
275000,10211,19,26.9317402800901,0,0,0,1
120000,120000,21,1.0,1,0,0,3
350000,120000,11,2.9166666666666665,1,0,0,1
409999,35000,9,11.714257142857143,0,0,0,1
500000,130000,14,3.8461538461538463,1,0,0,1
220000,90000,13,2.4444444444444446,1,0,0,2
120000,80000,18,1.5,0,0,0,2
70000,55000,19,1.2727272727272727,0,0,0,2
800000,15000,9,53.333333333333336,0,0,0,1
450000,260000,12,1.7307692307692308,1,0,0,2
525000,145000,14,3.6206896551724137,1,0,0,1
300000,35000,10,8.571428571428571,0,0,0,1
195000,56000,18,3.482142857142857,0,0,0,2
130000,98000,19,1.3265306122448979,1,0,0,2
300000,135000,15,2.2222222222222223,1,0,0,2
120000,60000,24,2.0,0,0,0,3
450000,120000,16,3.75,1,0,0,3
160000,102000,16,1.5686274509803921,1,0,0,2
800000,35000,8,22.857142857142858,1,0,0,1
100000,80000,13,1.25,0,0,0,1
825000,13599,9,60.666225457754244,0,1,1,1
265000,32933,11,8.046640148179637,0,1,0,1
175000,54551,18,3.2080071859360966,0,1,0,1
250999,57112,12,4.394855722089929,0,1,0,1
471000,41025,11,11.480804387568556,0,1,1,1
650000,5000,7,130.0,1,0,0,1
650000,5000,7,130.0,1,0,0,1
225000,53122,14,4.23553330070404,0,1,0,2
245000,64111,13,3.8214970909828265,0,1,0,1
221000,78892,15,2.8012979769811897,0,1,0,1
271000,74113,15,3.656578468015058,0,1,0,1
290000,80000,14,3.625,0,1,0,1
525000,39000,9,13.461538461538462,0,1,0,1
377000,84775,14,4.447065762312002,0,1,0,1
95000,20778,14,4.572143613437289,0,1,0,1
763000,64441,11,11.840288015393925,1,1,0,1
450000,43192,11,10.418596036303018,0,1,0,1
140000,44416,12,3.1520172910662825,0,1,0,1
701000,79991,10,8.763485892162869,1,1,0,1
277000,62601,15,4.424849443299628,1,1,0,2
520000,50000,8,10.4,0,0,1,1
550000,100000,9,5.5,1,0,0,1
260000,97000,15,2.6804123711340204,1,0,0,3
420000,100000,11,4.2,1,0,0,1
35000,100000,24,0.35,0,0,0,3
1150000,20000,8,57.5,1,0,0,1
680000,46000,9,14.782608695652174,0,0,0,1
425000,40000,14,10.625,1,0,0,1
450000,70000,12,6.428571428571429,1,0,0,2
590000,89600,18,6.584821428571429,1,0,0,3
936999,60800,9,15.411167763157895,0,0,0,1
420000,104000,11,4.038461538461538,1,0,0,2
450000,80000,12,5.625,1,0,0,2
40000,69111,22,0.5787790655611986,0,0,0,3
520000,70000,12,7.428571428571429,1,0,0,2
80000,120000,19,0.6666666666666666,0,0,0,1
55000,40000,12,1.375,0,0,0,1
80000,100000,25,0.8,1,0,0,3
210000,20000,7,10.5,0,0,0,1
300000,50000,11,6.0,0,0,0,2
260000,50000,9,5.2,1,0,0,1
250000,70000,10,3.5714285714285716,1,0,0,1
80000,90000,18,0.8888888888888888,1,0,0,1
450000,150000,16,3.0,1,0,0,2
310000,120000,21,2.5833333333333335,1,0,0,2
500000,100000,14,5.0,1,0,0,1
800000,70000,10,11.428571428571429,1,0,0,2
840000,70000,10,12.0,1,0,0,2
490000,50000,10,9.8,0,0,0,1
125000,81000,16,1.5432098765432098,1,0,0,2
400000,120000,14,3.3333333333333335,1,0,0,3
1000000,3600,11,277.77777777777777,1,1,0,1
530000,14272,11,37.13565022421525,0,1,0,1
840000,49213,9,17.068660719728527,1,1,0,1
229999,40000,11,5.749975,0,0,0,1
40000,40000,28,1.0,0,0,0,4
130000,80000,14,1.625,0,0,0,1
200000,70000,11,2.857142857142857,0,0,0,1
120000,70000,15,1.7142857142857142,1,0,0,1
75000,57000,23,1.3157894736842106,0,0,0,1
250000,120000,10,2.0833333333333335,1,0,0,1
100000,30000,21,3.3333333333333335,0,0,0,1
280000,3240,13,86.41975308641975,0,0,0,2
540000,5000,11,108.0,0,0,0,1
700000,10000,8,70.0,0,0,0,1
350000,90000,12,3.888888888888889,0,0,0,2
320000,100000,15,3.2,1,0,0,1
475000,90000,10,5.277777777777778,1,0,0,1
220000,140000,15,1.5714285714285714,1,0,0,2
210000,13770,13,15.250544662309368,1,0,0,1
61000,4637,21,13.155057149018763,0,0,0,2
355000,100000,17,3.55,1,0,1,2
150000,60000,14,2.5,1,0,0,1
133000,80000,15,1.6625,1,0,0,1
650000,50000,11,13.0,1,0,1,1
210000,40000,12,5.25,0,0,0,2
130000,93900,13,1.384451544195953,1,0,0,2
60000,70000,19,0.8571428571428571,0,0,0,1
120000,120000,21,1.0,1,0,0,3
2900000,40000,9,72.5,1,0,1,1
100000,120000,21,0.8333333333333334,1,0,0,2
79000,80000,22,0.9875,0,0,0,1
120000,110000,14,1.0909090909090908,1,0,0,1
125000,34000,21,3.676470588235294,0,1,0,1
425000,20000,13,21.25,1,1,0,1
70000,117000,25,0.5982905982905983,0,0,0,2
619000,1500,6,412.6666666666667,0,0,0,1
415000,48965,9,8.475441641989176,0,1,0,1
265000,55000,12,4.818181818181818,0,1,0,1
70000,60000,18,1.1666666666666667,0,0,0,1
281000,40000,11,7.025,1,0,0,1
211000,80000,13,2.6375,1,0,0,1
550000,11000,8,50.0,0,0,0,1
350000,110000,12,3.1818181818181817,1,0,0,1
420000,19890,9,21.116138763197586,0,1,1,1
270000,20969,11,12.876150507892604,0,1,0,1
399000,20194,10,19.75834406259285,0,1,0,1
440000,34982,10,12.577897204276486,0,1,0,1
250000,44588,14,5.606889746120032,0,1,0,1
650000,57904,10,11.225476651008567,1,1,0,1
270000,59258,11,4.556346822369975,0,1,0,1
390000,60826,10,6.411731825206326,0,1,0,1
1500000,50000,8,30.0,1,0,0,1
225000,35000,12,6.428571428571429,0,0,0,1
900000,110000,11,8.181818181818182,1,0,0,2
1600000,40000,8,40.0,1,0,1,1
800000,10000,7,80.0,0,0,0,1
320000,50000,13,6.4,1,0,0,1
300000,25000,10,12.0,0,0,0,1
740000,25000,8,29.6,0,0,0,1
350000,1300,7,269.2307692307692,0,0,0,1
280000,40000,12,7.0,0,0,0,1
675000,50000,8,13.5,1,0,1,1
300000,20000,15,15.0,0,0,0,1
400000,76000,15,5.2631578947368425,1,0,0,3
420000,100000,16,4.2,1,0,0,3
300000,120000,18,2.5,1,0,0,1
170000,70000,16,2.4285714285714284,0,0,0,1
210000,70000,12,3.0,0,0,0,3
600000,60000,11,10.0,1,0,0,2
260000,38000,12,6.842105263157895,0,0,0,2
82000,19000,11,4.315789473684211,0,0,0,1
690000,75000,10,9.2,1,0,0,1
300000,70000,11,4.285714285714286,1,0,0,1
1250000,30000,9,41.666666666666664,1,0,0,1
799000,31707,9,25.19948276405841,1,0,0,1
1000000,180000,16,5.555555555555555,1,0,0,1
190000,90000,12,2.111111111111111,0,0,0,2
250000,30000,12,8.333333333333334,1,0,0,1
200000,60000,17,3.3333333333333335,0,0,0,1
300000,90000,21,3.3333333333333335,1,0,0,2
250000,120000,11,2.0833333333333335,0,0,0,2
90000,70000,18,1.2857142857142858,0,0,0,3
68000,70000,25,0.9714285714285714,0,0,0,1
500000,26500,9,18.867924528301888,0,0,0,1
900000,50000,9,18.0,1,0,0,1
100000,52000,19,1.9230769230769231,0,0,0,2
700000,160000,10,4.375,1,0,0,1
1750000,115992,14,15.087247396372163,1,1,1,3
290000,110000,9,2.6363636363636362,0,0,0,2
1050000,97000,12,10.824742268041238,1,0,0,2
70000,100000,18,0.7,1,0,0,3
520000,41000,10,12.682926829268293,1,0,0,1
150000,90000,14,1.6666666666666667,1,0,0,1
120000,90000,18,1.3333333333333333,0,0,0,1
600000,25000,10,24.0,0,0,0,1
150000,70000,16,2.142857142857143,1,0,0,2
400000,60000,15,6.666666666666667,0,0,0,1
310000,30000,11,10.333333333333334,0,0,0,2
550000,30000,11,18.333333333333332,0,0,0,1
550000,60000,10,9.166666666666666,1,0,0,1
320000,73000,13,4.383561643835616,1,0,0,1
50000,100000,34,0.5,0,0,0,4
500000,32000,8,15.625,0,0,0,1
360000,26500,8,13.584905660377359,0,0,0,1
700000,50000,9,14.0,1,0,0,2
700000,110000,14,6.363636363636363,1,0,0,2
655000,84000,9,7.7976190476190474,1,1,0,1
700000,50000,9,14.0,1,0,0,2
200000,110000,15,1.8181818181818181,0,0,0,1
375000,150000,14,2.5,1,0,0,1
470000,109052,14,4.30987052048564,1,1,0,1
550000,90658,11,6.066756381124667,1,1,0,1
500000,110000,12,4.545454545454546,1,0,0,2
210000,25000,11,8.4,0,0,0,1
270000,20000,8,13.5,0,0,0,1
300000,80000,16,3.75,0,0,0,1
80000,60000,19,1.3333333333333333,0,0,0,3
1451000,81000,13,17.91358024691358,1,1,1,1
1085000,15000,8,72.33333333333333,1,0,0,1
245000,75000,17,3.2666666666666666,1,1,1,1
700000,25552,9,27.39511584220413,0,1,0,2
300000,20000,8,15.0,0,0,0,1
350000,80000,9,4.375,1,0,0,1
635000,25000,9,25.4,0,1,1,1
325000,40700,14,7.985257985257985,0,0,0,1
1150000,65500,9,17.557251908396946,1,1,1,1
110000,42000,18,2.619047619047619,0,1,0,1
890000,8000,8,111.25,0,1,0,1
73000,80000,19,0.9125,0,0,0,2
170000,77000,12,2.207792207792208,0,0,0,1
750000,6000,10,125.0,0,1,0,1
280000,28838,9,9.709411193564048,0,0,0,1
690000,11174,8,61.75049221406837,0,1,0,1
130000,120000,18,1.0833333333333333,0,0,0,1
73000,80000,19,0.9125,0,0,0,2
85000,85000,19,1.0,0,0,0,2
1575000,10000,8,157.5,0,0,1,1
325000,105000,13,3.0952380952380953,1,0,0,1
85000,120000,28,0.7083333333333334,0,0,0,2
860000,30000,8,28.666666666666668,1,1,0,2
690000,41000,9,16.829268292682926,1,0,0,1
650000,54000,13,12.037037037037036,1,1,0,1
375000,40000,12,9.375,1,0,0,1
525000,71000,13,7.394366197183099,1,1,0,1
330000,72500,10,4.551724137931035,0,1,0,1
280000,76600,13,3.6553524804177546,0,1,0,1
470000,40000,12,11.75,0,0,0,1
350000,110000,15,3.1818181818181817,1,0,0,1
480000,63000,14,7.619047619047619,0,1,0,1
620000,60000,10,10.333333333333334,1,0,0,1
250000,58000,12,4.310344827586207,0,0,0,1
78692,80000,16,0.98365,0,0,0,2
350000,80000,14,4.375,1,0,0,1
250000,70000,13,3.5714285714285716,0,0,0,2
260000,97700,15,2.661207778915046,0,0,0,4
640000,36000,10,17.77777777777778,1,0,0,2
220000,90000,18,2.4444444444444446,1,0,0,2
465000,130000,11,3.576923076923077,1,0,0,1
229999,120000,16,1.9166583333333334,1,0,0,2
425000,15000,8,28.333333333333332,0,0,0,1
95000,120000,18,0.7916666666666666,0,0,0,3
170000,170000,14,1.0,0,0,0,3
229999,37500,10,6.133306666666667,0,0,0,2
45000,50000,27,0.9,0,0,0,3
479000,145000,19,3.303448275862069,0,0,0,3
370000,60000,10,6.166666666666667,0,0,0,1
340000,30000,10,11.333333333333334,0,0,0,1
620000,35000,10,17.714285714285715,0,0,0,1
270000,60000,14,4.5,1,0,0,1
400000,35000,8,11.428571428571429,1,0,0,1
260000,40000,11,6.5,0,0,0,1
48000,50000,23,0.96,0,0,0,4
100000,23800,11,4.201680672268908,0,0,0,2
490000,70000,11,7.0,1,0,0,1
120000,90000,16,1.3333333333333333,0,0,0,2
125000,102000,18,1.2254901960784315,0,0,0,2
160000,80000,13,2.0,0,0,0,1
190000,5000,7,38.0,0,0,0,1
1700000,10000,7,170.0,1,0,0,1
250000,50000,15,5.0,0,0,0,1
500000,15000,7,33.333333333333336,0,0,0,1
400000,35000,18,11.428571428571429,0,0,0,2
500000,20000,15,25.0,0,0,0,1
1800000,99000,12,18.181818181818183,1,0,1,1
320000,90000,18,3.5555555555555554,0,0,0,1
250000,47000,19,5.319148936170213,0,1,1,1
105000,90000,16,1.1666666666666667,1,0,0,3
550000,20000,8,27.5,0,0,0,1
600000,1100,7,545.4545454545455,0,0,1,1
210000,40000,6,5.25,0,0,0,1
210000,15000,14,14.0,0,0,0,1
150000,40000,17,3.75,0,0,0,1
125000,60000,18,2.0833333333333335,0,0,0,1
380000,20000,10,19.0,0,0,0,1
600000,5000,7,120.0,0,0,0,1
490000,27000,10,18.14814814814815,0,0,0,1
545000,38000,8,14.342105263157896,1,0,0,2
250000,25000,11,10.0,0,0,0,1
1050000,1100,6,954.5454545454545,0,0,0,1
100000,100000,19,1.0,0,0,0,1
250000,100000,12,2.5,1,0,0,2
100000,110000,19,0.9090909090909091,0,0,0,1
350000,60000,10,5.833333333333333,1,0,0,2
370000,70000,14,5.285714285714286,1,0,0,2
121000,110000,22,1.1,0,0,0,2
570000,44077,9,12.931914603988474,0,1,1,1
785000,24000,9,32.708333333333336,1,0,0,1
850000,30000,8,28.333333333333332,1,0,0,1
375000,30000,10,12.5,0,0,0,2
619000,40000,9,15.475,0,0,0,1
335000,90000,15,3.7222222222222223,1,0,0,2
500000,50000,20,10.0,1,0,0,1
60000,100000,23,0.6,0,0,0,2
130000,50000,16,2.6,0,0,0,2
210000,210000,11,1.0,1,0,0,1
1900000,20000,7,95.0,1,0,0,1
270000,70000,13,3.857142857142857,1,0,0,2
225000,100000,16,2.25,0,0,0,2
150000,160000,15,0.9375,0,0,0,2
173000,70000,13,2.4714285714285715,1,0,0,1
4800000,9422,8,509.44597749946934,1,0,1,1
710000,110000,9,6.454545454545454,1,0,1,1
1500000,20000,7,75.0,0,0,0,1
550000,20000,9,27.5,0,0,0,1
58000,70000,18,0.8285714285714286,0,0,0,2
1200000,60000,14,20.0,0,0,1,3
500000,150000,13,3.3333333333333335,1,0,0,1
120000,83000,17,1.4457831325301205,0,0,0,2
300000,250000,14,1.2,1,0,0,1
300000,30000,8,10.0,0,0,0,1
295000,21000,11,14.047619047619047,0,0,0,1
587000,80000,8,7.3375,0,0,0,1
430000,50000,14,8.6,0,0,0,2
123000,50000,19,2.46,0,0,0,2
450000,48500,14,9.278350515463918,1,0,1,2
130000,60000,19,2.1666666666666665,0,0,0,3
110000,90000,16,1.2222222222222223,1,0,0,2
200000,240000,16,0.8333333333333334,1,0,0,3
320000,70000,11,4.571428571428571,0,0,0,2
300000,50000,12,6.0,0,0,0,1
350000,110000,10,3.1818181818181817,0,0,0,1
800000,50000,8,16.0,0,0,0,1
270000,175000,10,1.542857142857143,1,0,0,1
540000,60000,9,9.0,0,0,0,1
160000,60000,15,2.6666666666666665,0,0,0,2
340000,100000,13,3.4,1,0,0,2
350000,40000,9,8.75,0,0,0,2
300000,100000,15,3.0,1,0,0,1
330000,63000,13,5.238095238095238,1,0,0,1
325000,80000,10,4.0625,0,0,0,2
250000,55000,13,4.545454545454546,1,0,0,1
250000,55000,13,4.545454545454546,1,0,0,1
240000,60000,11,4.0,0,0,0,1
545000,5000,6,109.0,0,0,0,1
300000,48000,11,6.25,0,1,0,1
130000,80000,16,1.625,0,0,0,2
240000,50000,9,4.8,0,0,0,1
360000,15000,8,24.0,0,0,0,1
250000,70000,14,3.5714285714285716,1,0,0,1
475000,105000,7,4.523809523809524,1,1,1,1
600000,50000,10,12.0,1,0,0,2
150000,80000,16,1.875,1,0,0,2
700000,50000,9,14.0,1,0,0,1
1290000,5000,10,258.0,1,0,0,1
80000,58000,22,1.3793103448275863,0,0,0,1
425000,12000,11,35.416666666666664,0,0,0,1
500000,10000,8,50.0,0,0,1,1
193000,45000,14,4.288888888888889,0,0,0,2
800000,10000,11,80.0,0,0,0,1
150000,50000,18,3.0,0,0,0,1
80000,40000,24,2.0,0,0,0,4
130000,100000,16,1.3,1,0,0,3
280000,80000,14,3.5,1,0,0,2
229999,110000,15,2.0909,1,0,0,2
80000,120000,18,0.6666666666666666,0,0,0,1
70000,10000,16,7.0,0,0,0,1
240000,60000,13,4.0,1,0,0,2
380000,72000,16,5.277777777777778,1,0,0,2
240000,60000,13,4.0,1,0,0,2
80000,110000,20,0.7272727272727273,0,0,0,1
265000,50000,13,5.3,0,0,0,1
320000,25000,8,12.8,0,0,0,1
500000,120000,12,4.166666666666667,1,0,0,3
1300000,55000,10,23.636363636363637,1,0,0,1
1500000,35000,8,42.857142857142854,1,0,0,1
1800000,110000,10,16.363636363636363,1,0,1,1
600000,80000,12,7.5,1,0,0,2
420000,80000,8,5.25,0,0,0,1
140000,120000,17,1.1666666666666667,0,0,0,1
300000,100000,16,3.0,1,0,0,2
100000,60000,20,1.6666666666666667,0,1,0,2
350000,25000,9,14.0,0,1,0,1
850000,19000,8,44.73684210526316,0,1,0,1
140000,54000,18,2.5925925925925926,0,1,0,1
550000,17100,11,32.16374269005848,0,1,0,2
525000,19000,9,27.63157894736842,0,1,1,1
470000,146000,11,3.219178082191781,1,1,0,1
900000,98000,13,9.183673469387756,1,1,1,1
500000,224642,15,2.2257636595115784,1,1,0,2
80000,120000,28,0.6666666666666666,0,0,0,2
175000,175000,15,1.0,1,0,0,1
1350000,15000,9,90.0,1,0,1,2
800000,50000,9,16.0,1,0,0,1
250000,15000,9,16.666666666666668,0,0,0,1
700000,25000,8,28.0,0,0,1,1
800000,25000,7,32.0,1,0,0,1
660000,69000,13,9.565217391304348,1,0,0,1
465000,60000,11,7.75,1,0,0,3
180000,222435,20,0.8092251669026906,1,0,0,2
600000,66000,9,9.090909090909092,1,0,0,3
150000,110000,16,1.3636363636363635,0,0,0,1
450000,78000,12,5.769230769230769,1,0,0,2
721000,10000,7,72.1,0,0,0,1
300000,35000,8,8.571428571428571,0,0,0,1
1000000,10000,7,100.0,1,0,0,1
300000,40000,10,7.5,0,0,0,1
450000,120000,13,3.75,1,0,0,1
79000,70000,29,1.1285714285714286,0,0,1,1
545000,40000,9,13.625,1,0,0,1
844999,20000,8,42.24995,1,0,0,1
700000,93000,10,7.526881720430108,1,0,0,1
650000,159000,10,4.088050314465409,1,0,0,1
525000,75000,12,7.0,1,0,0,2
110000,101100,20,1.0880316518298714,1,0,0,3
180000,66000,15,2.727272727272727,1,0,0,1
280000,30000,14,9.333333333333334,0,0,0,2
400000,10000,7,40.0,0,0,0,1
625000,126000,14,4.9603174603174605,1,0,0,2
535000,70000,11,7.642857142857143,1,0,0,1
459999,50000,9,9.19998,1,0,0,1
300000,100000,16,3.0,1,0,0,1
280000,60000,19,4.666666666666667,0,0,1,1
500000,70000,12,7.142857142857143,0,0,0,1
1200000,1200,7,1000.0,0,0,0,1
300000,40000,10,7.5,0,0,0,1
180000,80000,15,2.25,1,0,0,3
180000,134444,15,1.3388474011484335,0,0,1,2
78000,120000,17,0.65,0,0,0,2
160000,120000,15,1.3333333333333333,1,0,0,1
600000,238000,12,2.5210084033613445,1,0,0,1
110000,100000,18,1.1,0,0,0,2
450000,110000,15,4.090909090909091,1,0,0,2
1350000,35000,7,38.57142857142857,1,0,0,1
120000,165000,23,0.7272727272727273,0,0,0,2
1040000,42000,8,24.761904761904763,1,0,0,1
390000,70000,12,5.571428571428571,1,0,0,2
65000,60000,15,1.0833333333333333,0,0,0,2
320000,115000,13,2.782608695652174,1,0,0,3
720000,70000,9,10.285714285714286,1,0,0,1
220000,80000,19,2.75,0,0,0,2
225000,65000,15,3.4615384615384617,0,1,0,1
200000,150000,16,1.3333333333333333,1,0,0,2
434999,75000,11,5.799986666666666,1,1,0,2
300000,63700,14,4.7095761381475665,1,0,0,1
700000,74800,8,9.358288770053475,1,0,0,1
500000,105000,17,4.761904761904762,1,0,0,2
500000,40000,10,12.5,1,0,0,1
400000,90000,10,4.444444444444445,1,0,0,2
825000,75000,11,11.0,1,1,0,2
720000,15000,8,48.0,1,0,0,1
110000,30000,17,3.6666666666666665,0,0,0,2
600000,100000,12,6.0,1,0,0,2
275000,155000,17,1.7741935483870968,1,0,1,3
2349000,149000,14,15.765100671140939,1,0,1,2
740000,60000,9,12.333333333333334,1,0,0,1
800000,90000,9,8.88888888888889,1,0,0,1
1100000,100000,7,11.0,1,0,0,1
750000,100000,14,7.5,1,0,1,2
200000,90000,14,2.2222222222222223,0,0,0,2
210000,75000,17,2.8,1,0,0,1
270000,120000,17,2.25,1,0,0,2
630000,90000,10,7.0,1,0,0,2
375000,55000,11,6.818181818181818,0,0,0,1
300000,70000,16,4.285714285714286,1,0,0,1
580000,95000,10,6.105263157894737,1,0,0,2
550000,50000,12,11.0,1,0,0,1
750000,50000,10,15.0,1,0,0,1
250000,60516,12,4.131138872364334,0,0,0,1
434999,235000,14,1.8510595744680851,1,0,0,2
900000,76731,19,11.729288032216445,1,1,1,1
685000,64000,10,10.703125,1,1,0,1
540000,65000,12,8.307692307692308,1,1,0,1
1165000,13000,8,89.61538461538461,0,1,1,0
610000,77000,12,7.922077922077922,1,1,0,1
254999,24000,15,10.624958333333334,0,1,0,1
280000,63840,12,4.385964912280702,0,1,0,1
370000,25000,9,14.8,0,0,0,1
459999,76400,15,6.020929319371728,1,0,0,2
42000,70000,28,0.6,0,0,0,3
42000,70000,28,0.6,0,0,0,3
190000,80000,15,2.375,1,0,0,3
165000,100000,16,1.65,0,0,0,4
710000,40000,9,17.75,1,0,0,1
1200000,15000,8,80.0,0,0,0,1
229999,70000,15,3.2857,0,0,0,1
310000,15000,8,20.666666666666668,0,0,0,1
320000,40000,11,8.0,0,0,0,1
100000,54000,20,1.8518518518518519,0,0,0,1
160000,90000,17,1.7777777777777777,1,0,0,1
60000,52000,19,1.1538461538461537,0,0,0,1
100000,200000,14,0.5,1,0,0,3
350000,35000,10,10.0,1,0,0,2
700000,60000,9,11.666666666666666,1,0,0,1
300000,31489,9,9.527136460351233,0,0,0,1
830000,40000,8,20.75,1,0,0,1
220000,110000,13,2.0,1,0,0,1
130000,50000,17,2.6,1,0,0,1
330000,44000,14,7.5,0,0,0,1
254999,90000,16,2.8333222222222223,0,0,0,2
600000,50000,12,12.0,0,0,0,2
210000,50000,14,4.2,0,0,0,1
120000,81366,19,1.4748174913354473,0,0,0,1
95000,110000,20,0.8636363636363636,0,0,0,1
229999,300000,20,0.7666633333333334,1,0,0,1
229999,70000,16,3.2857,0,0,0,1
400000,100000,13,4.0,1,0,0,1
300000,70000,21,4.285714285714286,0,0,0,2
300000,50000,13,6.0,1,0,0,1
80000,180000,17,0.4444444444444444,1,0,0,2
80000,50000,18,1.6,0,0,0,2
100000,90000,19,1.1111111111111112,0,0,0,2
300000,110000,14,2.727272727272727,1,0,0,1
700000,26000,8,26.923076923076923,0,0,1,1
975000,65000,10,15.0,1,0,0,1
500000,130000,17,3.8461538461538463,1,0,0,1
550000,75000,13,7.333333333333333,1,0,0,2
550000,110000,12,5.0,1,0,0,2
240000,50000,12,4.8,0,0,0,1
50000,80000,29,0.625,0,0,0,2
120000,80000,17,1.5,0,0,0,2
900000,60000,13,15.0,0,0,0,2
250000,90000,17,2.7777777777777777,0,0,0,2
280000,36000,9,7.777777777777778,0,0,0,1
85000,87000,16,0.9770114942528736,1,0,0,1
90000,80000,15,1.125,1,0,0,1
500000,50000,11,10.0,1,0,0,1
200000,60000,13,3.3333333333333335,0,0,0,1
250000,50000,11,5.0,0,0,0,1
185000,40000,12,4.625,1,0,0,3
100000,60000,18,1.6666666666666667,0,0,0,2
610000,55000,11,11.090909090909092,1,0,0,1
290000,80000,14,3.625,1,0,0,1
300000,295000,14,1.0169491525423728,1,0,0,1
225000,80000,11,2.8125,0,0,0,1
320000,50000,9,6.4,0,0,0,2
135000,158000,14,0.8544303797468354,1,0,0,3
400000,400000,20,1.0,1,0,0,3
400000,25000,10,16.0,0,0,0,1
570000,35000,9,16.285714285714285,0,0,0,1
500000,12000,8,41.666666666666664,0,0,0,1
130000,70000,11,1.8571428571428572,0,0,0,1
360000,4000,8,90.0,0,0,0,1
530000,10832,9,48.92909896602659,0,1,0,1
250000,50000,17,5.0,0,0,0,1
600000,19495,10,30.777122339061297,0,1,0,1
570000,62668,13,9.09555115848599,1,1,0,1
850000,85710,13,9.917162524792907,1,1,0,1
250000,55130,15,4.53473607836024,1,1,0,2
580000,63356,12,9.154618347117873,1,1,0,2
1680000,129627,14,12.960262908190423,1,1,0,1
180000,15000,16,12.0,0,0,0,1
300000,50000,9,6.0,0,0,0,1
269000,70000,14,3.842857142857143,0,0,0,2
231999,20000,8,11.59995,0,0,0,1
150000,60000,15,2.5,0,0,0,3
495000,5000,9,99.0,0,0,0,1
700000,15000,12,46.666666666666664,0,0,0,1
400000,4400,8,90.9090909090909,0,0,0,2
599000,15000,7,39.93333333333333,1,0,0,3
421000,45000,13,9.355555555555556,1,0,0,1
841000,1000,8,841.0,1,0,0,1
295000,38500,12,7.662337662337662,0,0,0,1
220000,25000,15,8.8,0,0,0,1
250000,35000,13,7.142857142857143,1,0,0,1
1100000,110000,17,10.0,1,0,0,2
300000,40000,14,7.5,0,0,0,1
80000,110000,19,0.7272727272727273,0,0,0,2
215000,20000,13,10.75,1,0,0,3
245000,14987,14,16.347501167678654,0,1,0,1
650000,25061,10,25.93671441682295,1,1,0,1
760000,42494,9,17.88487786511037,1,1,0,1
395000,44875,12,8.802228412256268,1,1,0,1
280000,89741,12,3.1200900368839215,1,1,0,2
495000,65000,10,7.615384615384615,1,1,0,1
525000,35000,10,15.0,1,1,0,1
420000,347089,17,1.2100642774619765,1,1,0,1
210000,34500,16,6.086956521739131,1,0,0,1
650000,30000,8,21.666666666666668,0,0,0,1
2300000,39000,8,58.97435897435897,1,0,1,1
525000,16000,7,32.8125,1,0,0,1
195000,80000,16,2.4375,0,0,0,2
650000,60000,10,10.833333333333334,1,0,0,1
540000,110000,11,4.909090909090909,1,0,0,1
180000,61000,12,2.9508196721311477,0,0,0,1
750000,29000,9,25.862068965517242,1,0,0,1
980000,50000,8,19.6,1,0,0,1
250000,90000,12,2.7777777777777777,1,0,0,1
550000,35000,8,15.714285714285714,0,0,1,1
509999,43000,11,11.860441860465116,0,0,0,2
320000,50000,9,6.4,0,0,0,1
275000,25000,10,11.0,0,0,0,1
550000,222252,13,2.4746683944351457,1,0,0,1
145000,50000,17,2.9,0,0,0,2
250000,80000,13,3.125,1,0,0,1
520000,35000,14,14.857142857142858,1,0,0,1
95000,85000,19,1.1176470588235294,0,0,0,2
725000,110000,15,6.590909090909091,1,0,0,3
55000,70000,20,0.7857142857142857,0,0,0,2
600000,100000,12,6.0,1,0,0,1
330000,120000,13,2.75,1,0,0,2
470000,89000,11,5.280898876404494,1,0,0,1
365000,120000,13,3.0416666666666665,1,0,0,1
250000,40000,13,6.25,0,0,0,2
430000,17000,9,25.294117647058822,0,0,0,1
400000,125000,13,3.2,1,0,0,2
615000,110000,11,5.590909090909091,0,0,0,2
150000,120000,15,1.25,1,0,0,2
240000,90000,12,2.6666666666666665,1,0,0,1
800000,90000,12,8.88888888888889,1,0,0,1
240000,110000,11,2.1818181818181817,0,0,0,1
600000,87000,12,6.896551724137931,1,0,0,2
800000,15000,12,53.333333333333336,1,0,0,1
160000,70000,11,2.2857142857142856,0,0,0,1
350000,38000,14,9.210526315789474,0,0,0,1
300000,64000,15,4.6875,0,0,0,2
399000,55250,11,7.221719457013575,1,0,0,1
300000,110000,15,2.727272727272727,1,0,0,1
150000,70000,14,2.142857142857143,0,0,1,1
320000,60000,16,5.333333333333333,1,0,0,3
1280000,17000,8,75.29411764705883,1,0,0,1
300000,13000,9,23.076923076923077,0,0,0,2
1000000,60000,10,16.666666666666668,1,0,0,1
1090000,120000,14,9.083333333333334,1,0,0,2
450000,97000,14,4.639175257731959,1,0,0,2
60000,130000,19,0.46153846153846156,0,0,0,2
500000,50000,13,10.0,0,0,0,1
200000,120000,14,1.6666666666666667,1,0,0,2
650000,68000,11,9.558823529411764,1,0,0,1
60000,100000,20,0.6,0,0,0,2
250999,80000,13,3.1374875,1,0,0,1
185000,67000,14,2.7611940298507465,0,1,0,2
155000,60000,11,2.5833333333333335,0,0,0,1
600000,5000,7,120.0,0,0,0,1
300000,20000,10,15.0,0,0,0,1
850000,12500,8,68.0,0,0,0,1
470000,4000,7,117.5,0,0,0,1
600000,25000,7,24.0,0,0,0,1
700000,70000,13,10.0,1,0,0,2
70000,162000,19,0.43209876543209874,0,0,0,1
1250000,205000,16,6.097560975609756,1,0,0,2
650000,70000,18,9.285714285714286,0,0,1,3
450000,70000,8,6.428571428571429,1,0,0,2
750000,100000,12,7.5,1,0,0,2
775000,70000,13,11.071428571428571,1,0,0,2
800000,220000,15,3.6363636363636362,1,0,0,1
360000,80000,11,4.5,0,0,0,2
250000,120000,16,2.0833333333333335,1,0,0,1
1490000,22038,9,67.61049097014248,1,0,0,1
600000,80000,13,7.5,1,0,0,1
120000,90000,16,1.3333333333333333,0,0,0,1
320000,140000,14,2.2857142857142856,1,0,0,2
400000,120000,15,3.3333333333333335,1,0,0,2
302000,60000,11,5.033333333333333,1,0,0,1
130000,80000,15,1.625,1,0,0,2
150000,60000,12,2.5,0,0,0,2
200000,90000,14,2.2222222222222223,1,0,0,2
950000,80000,14,11.875,1,0,0,1
120000,175000,18,0.6857142857142857,1,0,0,2
1400000,10000,7,140.0,1,0,0,1
620000,65000,9,9.538461538461538,0,0,0,1
449000,90000,14,4.988888888888889,1,0,0,1
100000,70000,19,1.4285714285714286,0,0,0,1
600000,2500,8,240.0,0,0,0,1
700000,35000,10,20.0,1,0,0,1
250000,40000,14,6.25,1,0,0,1
550000,63000,8,8.73015873015873,0,0,0,1
675000,88000,13,7.670454545454546,1,1,1,1
530000,55000,11,9.636363636363637,1,1,0,1
325000,71014,12,4.576562367983778,1,1,0,1
370000,60000,11,6.166666666666667,1,1,0,1
360000,70000,12,5.142857142857143,1,0,0,1
650000,60000,14,10.833333333333334,0,1,1,1
199000,92000,14,2.1630434782608696,1,1,0,3
285000,89126,12,3.197720081682113,1,0,0,1
260000,134000,17,1.9402985074626866,1,0,1,1
869999,15000,7,57.99993333333333,0,1,1,1
425000,42500,10,10.0,1,1,0,1
490000,42000,14,11.666666666666666,1,1,1,1
750000,70000,11,10.714285714285714,1,0,1,2
125000,110000,22,1.1363636363636365,0,0,0,3
221000,131365,12,1.6823354774863928,1,0,0,1
724000,48980,10,14.781543487137608,1,1,1,1
440000,46000,12,9.565217391304348,0,1,1,1
70000,60000,17,1.1666666666666667,0,0,0,3
511000,58000,11,8.810344827586206,1,1,0,1
790000,22000,10,35.90909090909091,1,1,0,1
640000,37000,9,17.2972972972973,0,0,0,1
120000,70000,17,1.7142857142857142,0,0,0,4
126000,98900,14,1.2740141557128413,1,0,0,3
120000,125000,14,0.96,1,0,0,1
650000,60000,9,10.833333333333334,1,0,0,1
450000,80000,12,5.625,0,0,0,2
110000,80000,16,1.375,0,0,0,4
600000,40000,9,15.0,1,0,0,1
620000,80000,14,7.75,1,0,0,2
600000,30000,12,20.0,1,0,0,1
795000,35000,8,22.714285714285715,1,0,0,1
300000,180000,15,1.6666666666666667,1,0,0,3
495000,60000,11,8.25,1,0,0,1
1580000,86000,13,18.372093023255815,1,1,1,1
1750000,127643,11,13.710113363051637,1,1,1,1
1350000,34000,8,39.705882352941174,1,0,1,1
350000,145000,12,2.413793103448276,1,0,0,1
300000,25000,8,12.0,0,0,1,1
400000,54000,8,7.407407407407407,0,1,0,2
1750000,102354,12,17.097524278484475,1,1,1,1
70000,70000,27,1.0,0,0,0,4
500000,70000,8,7.142857142857143,1,0,0,1
2575000,36000,9,71.52777777777777,1,1,1,1
345000,58000,12,5.948275862068965,0,1,0,1
220000,100000,13,2.2,1,0,0,1
1850000,62237,12,29.725083149894758,0,1,1,1
114999,90000,21,1.2777666666666667,0,1,0,2
50000,100000,27,0.5,0,0,0,2
585000,14000,9,41.785714285714285,0,1,0,1
950000,21394,8,44.40497335701598,1,1,0,1
625000,13800,8,45.289855072463766,0,0,1,1
1035000,23000,9,45.0,0,1,1,1
310000,32686,11,9.484182830569663,0,1,0,1
600000,99700,9,6.018054162487462,1,0,0,1
3100000,5000,7,620.0,1,0,1,1
650000,49654,12,13.090586861078664,1,1,0,1
550000,45457,10,12.099346635281695,0,1,0,1
1260000,39221,9,32.12564697483491,1,1,0,1
660000,48220,10,13.68726669431771,0,1,0,1
700000,11114,9,62.983624257693,0,1,0,1
235000,60208,18,3.9031357959075206,1,1,0,1
475000,80000,13,5.9375,1,1,0,1
795000,98600,18,8.062880324543611,1,1,1,1
8900000,13000,10,684.6153846153846,0,1,1,1
3200000,30000,11,106.66666666666667,1,1,1,1
1860000,18000,7,103.33333333333333,0,1,1,1
4200000,100000,16,42.0,1,1,1,1
850000,58000,11,14.655172413793103,0,1,1,1
585000,85441,9,6.846829976240914,1,1,0,1
380000,64541,11,5.8877302799770685,1,1,0,1
650000,35000,7,18.571428571428573,1,0,0,1
600000,30000,8,20.0,0,0,0,1
434999,16267,9,26.74119382799533,0,1,0,1
525000,71500,13,7.3426573426573425,1,1,0,1
4800000,12999,7,369.2591737825987,1,1,1,1
160000,80000,18,2.0,0,0,0,1
160000,90000,19,1.7777777777777777,0,0,0,2
125000,28000,14,4.464285714285714,0,0,0,1
430000,200000,11,2.15,1,0,0,1
900000,14700,9,61.224489795918366,0,0,0,1
61000,90000,26,0.6777777777777778,0,0,0,2
400000,50000,9,8.0,0,0,0,1
150000,100000,17,1.5,0,0,0,2
950000,24000,7,39.583333333333336,0,0,1,1
220000,100000,13,2.2,1,0,0,1
110000,90000,19,1.2222222222222223,0,0,0,1
375000,30000,11,12.5,0,0,0,1
350000,80000,9,4.375,0,0,0,1
310000,92686,14,3.344625941350366,1,1,0,2
90000,300000,16,0.3,0,0,0,3
350000,90000,15,3.888888888888889,0,0,0,2
100000,60000,23,1.6666666666666667,0,0,0,1
1300000,40000,9,32.5,1,0,1,1
70000,90000,22,0.7777777777777778,0,0,0,4
225000,80000,13,2.8125,1,0,0,1
145000,100000,24,1.45,0,0,0,1
930000,20000,8,46.5,1,0,0,1
550000,51000,7,10.784313725490197,0,0,0,1
85000,120000,18,0.7083333333333334,0,0,0,2
280000,55000,12,5.090909090909091,0,0,0,1
360000,6000,8,60.0,0,0,0,1
150000,40000,15,3.75,0,0,0,2
900000,15000,9,60.0,0,0,1,1
120000,50000,21,2.4,1,0,0,2
215000,90000,16,2.388888888888889,0,0,0,2
550000,38500,13,14.285714285714286,1,0,0,1
775000,35000,8,22.142857142857142,0,0,0,1
409999,49359,25,8.306468931704451,0,0,0,3
65000,70000,21,0.9285714285714286,0,0,0,2
200000,90000,18,2.2222222222222223,0,0,0,2
240000,50000,16,4.8,0,0,0,2
800000,108731,14,7.357607306104055,1,0,0,1
400000,120000,16,3.3333333333333335,1,0,0,1
500000,60000,10,8.333333333333334,1,0,0,1
150000,90000,19,1.6666666666666667,1,0,0,3
500000,140000,12,3.5714285714285716,1,0,0,2
320000,80000,12,4.0,0,0,0,1
300000,90000,13,3.3333333333333335,1,0,0,1
650000,40000,9,16.25,1,0,0,1
285000,14000,8,20.357142857142858,0,0,0,1
360000,70000,14,5.142857142857143,1,0,0,2
450000,55000,17,8.181818181818182,0,0,0,2
175000,60000,15,2.9166666666666665,0,0,0,3
350000,74000,15,4.72972972972973,1,0,0,2
530000,45000,6,11.777777777777779,1,1,0,1
1025000,38000,9,26.973684210526315,1,1,0,1
950000,24000,9,39.583333333333336,1,1,0,1
725000,29976,9,24.186015479049907,0,1,0,1
919999,41000,9,22.439,0,1,0,1
700000,15000,8,46.666666666666664,1,1,0,1
725000,36000,9,20.13888888888889,1,1,0,1
840000,30646,9,27.409776153494747,0,1,0,1
365000,23600,11,15.466101694915254,0,1,0,1
665000,71318,12,9.32443422417903,1,1,0,1
50000,78098,23,0.6402212604676176,0,0,0,1
225000,30000,12,7.5,0,0,0,1
229999,45000,14,5.111088888888889,0,0,0,2
145000,67000,18,2.1641791044776117,0,0,0,1
624000,14681,8,42.50391662693277,1,1,0,1
500000,25000,11,20.0,0,0,0,1
750000,18054,9,41.54204054503157,0,1,0,1
785000,40000,11,19.625,1,0,0,1
225000,30000,15,7.5,0,0,0,1
300000,80000,9,3.75,1,0,0,1
680000,20000,10,34.0,1,0,0,1
700000,40000,10,17.5,1,0,0,1
180000,120000,15,1.5,1,0,0,1
270000,120000,18,2.25,1,0,0,2
370000,97000,16,3.814432989690722,0,0,0,2
1100000,70000,8,15.714285714285714,1,0,0,1
120000,120000,22,1.0,1,0,0,2
430000,88000,13,4.886363636363637,1,0,0,2
550000,38406,12,14.320679060563453,1,1,0,1
320000,54350,12,5.887764489420423,0,1,0,1
390000,32260,11,12.089274643521389,0,1,0,1
550000,58231,12,9.445140904329309,1,1,0,1
370000,59858,14,6.1812957332353236,0,1,0,1
190000,73350,16,2.590320381731425,0,1,0,1
509999,88473,13,5.764459213545376,1,1,0,1
450000,96987,13,4.63979708620743,0,1,0,1
5500000,77350,10,71.10536522301229,1,1,1,1
550000,61187,11,8.988837498161374,1,1,0,1
400000,68350,17,5.852231163130944,1,1,0,1
585000,81150,11,7.208872458410351,1,1,0,1
500000,30000,7,16.666666666666668,0,0,0,1
800000,30000,11,26.666666666666668,0,0,0,1
265000,120000,17,2.2083333333333335,1,0,0,2
175000,180000,14,0.9722222222222222,1,0,0,1
125000,50000,19,2.5,0,0,0,2
165000,80000,16,2.0625,1,0,0,1
150000,280000,15,0.5357142857142857,1,0,0,1
1025000,90000,11,11.38888888888889,1,0,0,2
1030000,250000,12,4.12,1,0,0,2
380000,90000,14,4.222222222222222,1,0,0,4
250000,110000,16,2.272727272727273,1,0,0,3
85000,80000,26,1.0625,0,0,0,2
500000,35000,10,14.285714285714286,1,0,0,1
350000,15000,8,23.333333333333332,0,0,0,1
190000,52000,16,3.6538461538461537,0,0,0,2
940000,140000,17,6.714285714285714,1,0,0,1
475000,60000,13,7.916666666666667,0,0,0,2
300000,17000,8,17.647058823529413,0,0,0,1
250000,70000,10,3.5714285714285716,0,0,0,3
93000,97000,25,0.9587628865979382,0,0,0,4
290000,125000,14,2.32,1,0,0,2
75000,300000,16,0.25,0,0,0,3
1000000,120000,11,8.333333333333334,1,0,0,2
550000,87000,11,6.32183908045977,1,0,0,1
285000,75000,16,3.8,1,0,0,3
240000,60000,12,4.0,0,0,0,2
850000,25000,11,34.0,0,0,0,1
650000,26000,10,25.0,0,0,0,1
365000,78000,9,4.67948717948718,0,0,0,1
650000,26000,10,25.0,0,0,0,1
260000,35000,11,7.428571428571429,0,0,0,1
250000,100000,12,2.5,0,0,0,1
550000,80000,19,6.875,0,0,0,2
70000,90000,22,0.7777777777777778,0,0,0,4
225000,80000,13,2.8125,1,0,0,1
145000,100000,24,1.45,0,0,0,1
930000,20000,8,46.5,1,0,0,1
550000,51000,7,10.784313725490197,0,0,0,1
85000,120000,18,0.7083333333333334,0,0,0,2
280000,55000,12,5.090909090909091,0,0,0,1
360000,6000,8,60.0,0,0,0,1
150000,40000,15,3.75,0,0,0,2
900000,15000,9,60.0,0,0,1,1
120000,50000,21,2.4,1,0,0,2
215000,90000,16,2.388888888888889,0,0,0,2
550000,38500,13,14.285714285714286,1,0,0,1
775000,35000,8,22.142857142857142,0,0,0,1
409999,49359,25,8.306468931704451,0,0,0,3
65000,70000,21,0.9285714285714286,0,0,0,2
200000,90000,18,2.2222222222222223,0,0,0,2
240000,50000,16,4.8,0,0,0,2
800000,108731,14,7.357607306104055,1,0,0,1
400000,120000,16,3.3333333333333335,1,0,0,1
229999,40000,14,5.749975,0,0,0,2
580000,120000,12,4.833333333333333,1,0,0,1
175000,100000,21,1.75,0,0,0,4
250000,110000,14,2.272727272727273,1,0,0,4
320000,80000,12,4.0,0,0,0,1
300000,90000,13,3.3333333333333335,1,0,0,1
800000,60000,9,13.333333333333334,1,0,0,1
245000,75000,17,3.2666666666666666,1,1,1,1
300000,20000,8,15.0,0,0,0,1
350000,80000,9,4.375,1,0,0,1
70000,105700,20,0.6622516556291391,0,0,0,1
430999,14000,9,30.785642857142857,0,1,0,1
80000,70000,16,1.1428571428571428,0,0,0,1
335000,28000,7,11.964285714285714,0,1,0,1
350000,51000,9,6.862745098039215,0,1,0,1
315000,56000,8,5.625,0,1,0,1
1100000,35000,7,31.428571428571427,1,0,1,1
80000,24000,21,3.3333333333333335,0,0,0,1
285000,64000,12,4.453125,0,1,0,2
100000,120000,17,0.8333333333333334,1,0,0,3
225000,37091,15,6.066161602545092,0,0,0,1
4500000,80000,9,56.25,1,0,1,1
320000,38900,8,8.226221079691516,0,0,0,3
1249000,60000,10,20.816666666666666,1,0,0,3
120000,110000,18,1.0909090909090908,0,0,0,3
200000,100000,15,2.0,1,0,0,2
1151000,85000,10,13.541176470588235,1,0,0,1
120000,140000,14,0.8571428571428571,1,0,0,1
220000,20000,9,11.0,0,0,0,1
750000,15000,9,50.0,0,0,0,1
784000,40000,8,19.6,1,0,0,1
500000,50000,9,10.0,0,0,0,1
350000,20000,8,17.5,0,0,0,1
1400000,50000,8,28.0,1,0,1,1
600000,100000,12,6.0,1,0,0,2
525000,9400,7,55.851063829787236,0,0,0,1
930000,12000,9,77.5,1,0,0,1
440000,14100,9,31.20567375886525,0,1,0,1
434999,21000,10,20.714238095238095,0,1,0,1
250000,28000,15,8.928571428571429,0,1,0,1
940000,35000,9,26.857142857142858,1,1,0,1
1050000,31000,9,33.87096774193548,1,1,1,1
825000,58000,10,14.224137931034482,1,1,0,1
229999,25000,14,9.19996,0,0,0,1
375000,72000,15,5.208333333333333,0,1,0,1
640000,89000,13,7.191011235955056,1,1,0,1
800000,160000,14,5.0,1,1,0,1
130000,30000,14,4.333333333333333,0,0,0,3
300000,37555,12,7.988283850352816,0,1,0,1
440000,14000,8,31.428571428571427,0,1,0,1
595000,56600,12,10.512367491166078,0,1,0,1
450000,110000,13,4.090909090909091,1,0,0,1
690000,50000,9,13.8,1,0,0,1
300000,5000,7,60.0,0,0,0,1
170000,100000,12,1.7,0,0,0,2
280000,120000,14,2.3333333333333335,1,0,0,1
220000,67580,17,3.2554010062148566,0,0,0,2
140000,100000,17,1.4,0,0,0,3
45000,60000,22,0.75,0,0,0,1
200000,125000,12,1.6,1,0,0,2
325000,120000,18,2.7083333333333335,1,0,0,2
300000,130000,16,2.3076923076923075,1,0,0,2
120000,250000,17,0.48,0,0,0,2
535000,52600,10,10.171102661596958,1,0,0,1
520000,82000,12,6.341463414634147,1,0,0,1
550000,19890,9,27.65208647561589,0,1,1,1
280000,40000,11,7.0,1,0,0,1
225000,78000,13,2.8846153846153846,1,1,0,1
750000,48238,11,15.547908288071644,0,0,1,1
535000,38365,10,13.945001954906816,0,1,0,1
1250000,23670,10,52.80946345585129,1,0,0,1
650000,49834,9,13.043303768511459,0,0,0,1
295000,57353,13,5.143584468118494,0,0,0,1
480000,68308,11,7.026995373894712,1,0,0,1
575000,63240,11,9.09234661606578,1,0,0,1
509999,60000,10,8.499983333333333,1,0,0,1
69000,100000,18,0.69,0,0,0,1
200000,60000,13,3.3333333333333335,0,0,0,1
449000,90000,14,4.988888888888889,1,0,0,1
426000,1000,6,426.0,1,0,0,1
650000,6000,9,108.33333333333333,0,0,0,1
260000,50000,9,5.2,1,0,0,1
295000,90000,11,3.2777777777777777,1,0,0,3
260000,30000,9,8.666666666666666,0,1,0,1
120000,140000,14,0.8571428571428571,1,0,0,1
155000,65000,19,2.3846153846153846,0,1,0,1
450000,38000,11,11.842105263157896,1,0,0,1
320000,80000,14,4.0,1,0,0,1
123000,50000,19,2.46,0,0,0,2
80000,110000,20,0.7272727272727273,0,0,0,1
220000,90000,14,2.4444444444444446,0,0,0,2
650000,37000,8,17.56756756756757,1,1,0,1
285000,30000,8,9.5,0,1,0,1
725000,26000,8,27.884615384615383,0,1,1,1
97000,128000,16,0.7578125,0,0,0,1
625000,30000,10,20.833333333333332,0,1,0,1
550000,23000,10,23.91304347826087,0,1,0,1
130000,120000,14,1.0833333333333333,1,0,0,1
240000,40000,14,6.0,0,1,0,1
600000,27000,12,22.22222222222222,1,1,0,1
350000,65000,14,5.384615384615385,1,1,0,1
245000,32000,11,7.65625,0,1,0,1
199000,52536,17,3.787878787878788,0,0,0,1
330000,100000,15,3.3,1,0,0,2
150000,80000,17,1.875,0,0,0,1
927999,90000,10,10.3111,1,0,0,1
70000,60000,23,1.1666666666666667,0,0,0,4
399000,55000,11,7.254545454545455,1,1,0,1
350000,90000,11,3.888888888888889,1,0,0,1
125000,50000,20,2.5,1,0,0,2
150000,90000,18,1.6666666666666667,0,0,0,2
250000,25000,11,10.0,0,0,0,1
675000,61000,12,11.065573770491802,1,1,0,1
950000,30000,8,31.666666666666668,1,0,0,1
409999,45000,8,9.111088888888888,0,0,0,1
225000,60000,15,3.75,1,0,0,1
350000,75000,18,4.666666666666667,0,0,0,2
51111,140000,21,0.3650785714285714,0,0,0,3
290000,56000,13,5.178571428571429,1,1,0,1
310000,62000,20,5.0,0,1,1,2
212000,58000,19,3.6551724137931036,1,1,0,2
900000,49000,13,18.367346938775512,1,1,1,2
221000,56000,15,3.9464285714285716,1,1,0,2
675000,73000,13,9.246575342465754,1,1,0,1
421000,69000,12,6.101449275362318,1,1,0,1
350000,10000,18,35.0,0,0,0,1
140000,110000,16,1.2727272727272727,0,0,0,1
90000,116000,24,0.7758620689655172,1,0,0,2
830000,40000,8,20.75,1,0,0,1
180000,30000,17,6.0,0,0,0,1
210000,109000,17,1.926605504587156,1,0,0,2
700000,90000,9,7.777777777777778,1,0,0,1
45000,7000,12,6.428571428571429,0,0,0,2
125000,120000,14,1.0416666666666667,1,0,0,1
530000,64916,9,8.164397066978864,0,0,0,1
800000,37161,8,21.52794596485563,1,1,0,1
580000,15000,10,38.666666666666664,0,0,0,1
1400000,118000,14,11.864406779661017,1,0,1,2
300000,50852,8,5.89947298041375,0,0,0,1
300000,30000,10,10.0,0,0,0,1
700000,77000,11,9.090909090909092,1,0,0,1
250000,70000,14,3.5714285714285716,0,0,0,3
500000,120000,10,4.166666666666667,1,0,0,1
428000,40000,17,10.7,0,0,1,3
1400000,33000,7,42.42424242424242,1,0,0,1
219000,53500,13,4.093457943925234,0,0,0,3
500000,40000,9,12.5,1,0,0,1
520000,82000,12,6.341463414634147,1,0,0,1
509999,60000,10,8.499983333333333,1,0,0,1
556000,24000,7,23.166666666666668,0,0,0,1
225000,120000,12,1.875,1,0,0,1
325000,65000,13,5.0,1,1,0,1
365000,65000,13,5.615384615384615,1,1,0,1
850000,84000,11,10.119047619047619,1,1,0,1
350000,75000,13,4.666666666666667,1,1,0,1
225000,50000,19,4.5,1,1,0,1
135000,50000,15,2.7,0,0,0,1
140000,49000,19,2.857142857142857,0,1,0,1
665000,560000,10,1.1875,1,1,0,1
275000,14365,11,19.143752175426382,0,1,0,1
2750000,41000,9,67.07317073170732,1,0,1,1
484999,65000,13,7.4615230769230765,1,1,0,1
565000,65000,11,8.692307692307692,1,1,0,1
425000,61083,13,6.957746017713603,1,1,0,1
925000,75000,13,12.333333333333334,1,0,0,1
565000,72000,14,7.847222222222222,1,1,0,1
525000,65000,12,8.076923076923077,1,1,0,1
409999,60000,16,6.833316666666667,0,0,0,1
570000,5000,8,114.0,0,0,0,1
160000,80000,19,2.0,0,0,0,3
749000,51500,9,14.54368932038835,1,0,0,2
300000,120000,16,2.5,1,0,0,3
550000,79800,12,6.8922305764411025,1,1,0,1
550000,97000,11,5.670103092783505,1,1,0,2
1250000,6590,7,189.6813353566009,1,1,0,1
700000,49957,9,14.012050363312449,1,1,0,1
600000,43235,9,13.877645426159361,1,1,0,1
925000,50699,8,18.244935797550248,1,1,0,1
1800000,126000,10,14.285714285714286,1,1,1,1
459999,140730,11,3.268663397996163,1,1,0,2
565000,46000,11,12.282608695652174,0,0,0,1
170000,80000,13,2.125,0,0,0,3
150000,256000,25,0.5859375,1,1,0,1
295000,120000,18,2.4583333333333335,1,0,0,1
819999,40000,8,20.499975,1,0,0,1
819999,40000,7,20.499975,1,0,0,1
320000,40000,11,8.0,0,0,0,1
550000,135000,11,4.074074074074074,1,0,0,2
550000,50000,11,11.0,1,0,0,1
590000,98000,9,6.020408163265306,1,0,0,1
1050000,70000,12,15.0,1,0,0,1
950000,50000,9,19.0,1,0,0,1
1000000,30000,9,33.333333333333336,1,0,0,1
500000,120000,13,4.166666666666667,1,0,0,1
450000,70000,9,6.428571428571429,1,0,0,1
720000,35000,9,20.571428571428573,1,0,0,1
390000,70000,11,5.571428571428571,1,0,0,2
500000,35000,12,14.285714285714286,1,0,0,1
2500000,70000,10,35.714285714285715,0,0,1,2
780000,50000,9,15.6,1,0,0,1
484999,90000,11,5.388877777777778,1,0,0,2
420000,90000,14,4.666666666666667,1,0,0,2
1225000,70000,11,17.5,1,0,0,1
350000,50000,11,7.0,1,0,0,2
350000,120000,11,2.9166666666666665,1,0,0,3
800000,230000,15,3.4782608695652173,1,0,0,1
125000,70000,22,1.7857142857142858,0,0,1,2
75000,100000,16,0.75,1,0,0,3
509999,15000,8,33.99993333333333,0,0,0,1
215000,80000,12,2.6875,1,0,0,3
465000,25000,8,18.6,1,0,0,1
625000,52000,9,12.01923076923077,0,1,0,1
490000,66000,9,7.424242424242424,1,1,0,1
880000,64000,9,13.75,1,1,0,1
290000,49000,13,5.918367346938775,0,0,0,1
115999,100000,20,1.15999,1,0,0,2
685000,72000,9,9.51388888888889,1,1,0,1
300000,50000,17,6.0,0,0,0,1
680000,44000,9,15.454545454545455,1,1,0,1
480000,101000,12,4.752475247524752,1,1,0,1
630000,55000,10,11.454545454545455,1,1,0,1
190000,115000,19,1.6521739130434783,0,1,0,2
500000,100000,11,5.0,1,1,0,1
850000,52000,12,16.346153846153847,1,1,0,2
350000,105000,15,3.3333333333333335,1,1,0,1
425000,170000,13,2.5,1,1,0,1
495000,105000,11,4.714285714285714,1,1,0,1
890000,60000,9,14.833333333333334,1,0,0,2
1100000,25000,8,44.0,1,0,1,2
650000,218000,12,2.981651376146789,1,0,0,2
465000,25000,8,18.6,1,0,0,1
625000,52000,9,12.01923076923077,0,1,0,1
490000,66000,9,7.424242424242424,1,1,0,1
880000,64000,9,13.75,1,1,0,1
290000,49000,13,5.918367346938775,0,0,0,1
115999,100000,20,1.15999,1,0,0,2
685000,72000,9,9.51388888888889,1,1,0,1
300000,50000,17,6.0,0,0,0,1
680000,44000,9,15.454545454545455,1,1,0,1
480000,101000,12,4.752475247524752,1,1,0,1
630000,55000,10,11.454545454545455,1,1,0,1
190000,115000,19,1.6521739130434783,0,1,0,2
500000,100000,11,5.0,1,1,0,1
850000,52000,12,16.346153846153847,1,1,0,2
350000,105000,15,3.3333333333333335,1,1,0,1
425000,170000,13,2.5,1,1,0,1
495000,105000,11,4.714285714285714,1,1,0,1
890000,60000,9,14.833333333333334,1,0,0,2
1100000,25000,8,44.0,1,0,1,2
650000,218000,12,2.981651376146789,1,0,0,2
233000,58000,17,4.017241379310345,0,0,0,3
300000,110000,11,2.727272727272727,1,0,0,2
614000,1000,6,614.0,0,0,0,1
250000,100000,16,2.5,0,0,0,2
250000,110000,16,2.272727272727273,0,0,0,2
200000,40000,15,5.0,0,0,0,1
290000,52000,13,5.576923076923077,0,0,0,1
320000,80000,13,4.0,0,0,0,2
145000,52000,20,2.7884615384615383,0,0,0,2
100000,124000,21,0.8064516129032258,0,0,0,2
130000,210000,16,0.6190476190476191,1,0,0,2
145000,66000,20,2.196969696969697,0,0,1,2
110000,120000,18,0.9166666666666666,0,0,0,3
680000,40000,7,17.0,1,0,0,1
37500,90000,22,0.4166666666666667,0,0,0,2
200000,120000,15,1.6666666666666667,1,0,0,2
300000,110000,14,2.727272727272727,1,0,0,1
80000,56580,21,1.4139271827500883,0,1,0,1
740000,45000,11,16.444444444444443,1,1,1,1
630000,50000,11,12.6,1,0,0,1
70000,68500,21,1.0218978102189782,0,1,0,1
484999,5007,7,96.86419013381266,0,1,1,1
164000,30000,13,5.466666666666667,0,0,0,1
140000,70000,18,2.0,0,0,1,1
999000,49600,15,20.141129032258064,1,1,1,1
56000,23000,21,2.4347826086956523,0,0,0,2
1050000,30000,20,35.0,1,1,1,1
190000,38000,16,5.0,0,1,0,1
3899000,22000,8,177.22727272727272,1,1,1,1
150000,40000,15,3.75,1,0,0,2
235000,43100,15,5.452436194895592,0,1,0,1
599000,15000,7,39.93333333333333,1,0,0,3
200000,35000,8,5.714285714285714,0,0,0,1
350000,10171,9,34.41156228492773,0,1,0,1
465000,41123,11,11.307540792257374,1,1,0,1
1900000,20118,9,94.44278755343474,0,1,1,1
1000000,15000,7,66.66666666666667,1,0,0,1
2800000,10000,7,280.0,1,0,1,1
470000,170000,11,2.764705882352941,1,0,0,1
415000,20000,9,20.75,0,0,0,1
500000,82000,12,6.097560975609756,1,0,0,1
150000,60000,13,2.5,0,0,0,2
95000,50000,21,1.9,0,0,0,2
400000,70000,14,5.714285714285714,1,0,0,1
114999,66782,18,1.722005929741547,0,0,0,2
75000,130000,20,0.5769230769230769,0,0,0,1
500000,120000,13,4.166666666666667,1,0,0,1
195000,75000,12,2.6,0,0,0,2
155000,40000,11,3.875,0,0,0,1
65000,90000,26,0.7222222222222222,0,0,0,2
65000,150000,21,0.43333333333333335,0,0,0,3
190000,60000,11,3.1666666666666665,0,0,0,2
200000,112198,14,1.7825629690368812,1,0,0,2
160000,60000,16,2.6666666666666665,0,0,0,2
150000,130000,16,1.1538461538461537,1,0,0,2
530000,175000,11,3.0285714285714285,1,0,0,3
750000,120000,11,6.25,1,0,0,1
225000,90000,14,2.5,1,0,0,2
600000,170000,14,3.5294117647058822,1,0,0,1
409999,80000,12,5.1249875,1,0,0,2
409999,80000,12,5.1249875,1,0,0,2
110000,83000,17,1.3253012048192772,0,0,0,2
865000,90000,10,9.61111111111111,1,0,0,1
225000,40000,10,5.625,0,0,0,1
